table,name,key,predicate,related_table,related_field,title,description,notes,example,type,format,unique,required,minimum,maximum,namespace,dcterms:isVersionOf,status
agent,agent_pk,pk,,,,Agent (Primary Key),A unique identifier for a dcterms:Agent.,The value in this field MAY be changed in aggregation to guarantee uniqueness.,,string,default,TRUE,TRUE,,,dwc,http://rs.tdwg.org/dwc/terms/agentID,recommended
agent,agentID,wpk,,,,Agent ID,An identifier for a dcterms:Agent.,The value in this field MUST be preserved in aggregation. Recommended best practice is to use a globally unique identifier.,`https://orcid.org/0000-0002-1825-0097`,string,default,,,,,dwc,http://rs.tdwg.org/dwc/terms/agentID,recommended
agent,agentType,,,,,Agent Type,A category that best matches the nature of a dcterms:Agent.,Recommended best practice is to use a controlled vocabulary.,`person`; `group`; `organization`; `camera`,string,default,,,,,dwc,http://rs.tdwg.org/dwc/terms/agentType,recommended
agent,preferredAgentName,,,,,Preferred Agent Name,A name of a dcterms:Agent preferred in searches and results.,,,string,default,,,,,dcterms,http://purl.org/dc/terms/title,recommended
agent,agentRemarks,,,,,Agent Remarks,Comments or notes about a dcterms:Agent.,,,string,default,,,,,dwc,http://rs.tdwg.org/dwc/terms/agentRemarks,recommended
agent-agent-role,agent_fk,fk,role holder,agent,agent_pk,Agent (Foreign Key),An identifier for a dcterms:Agent.,The value in this field MAY be changed in aggregation to preserve the relationship to the related primary key.,,string,default,FALSE,TRUE,,,dwc,http://rs.tdwg.org/dwc/terms/agentID,recommended
agent-agent-role,relatedAgent_fk,fk,role for,agent,agent_pk,Related Agent (Foreign Key),An identifier for a related dcterms:Agent.,The value in this field MAY be changed in aggregation to preserve the relationship to the related primary key.,,string,default,FALSE,TRUE,,,dwc,http://rs.tdwg.org/dwc/terms/agentID,recommended
agent-agent-role,agentRole,,,,,Agent Role,A category that best matches the nature of a role of a dcterms:Agent.,Recommended best practice is to use a controlled vocabulary for the roles appropriate to the class of resource a dcterms:AgentRole is related to.,,string,default,,,,,dwc,http://rs.tdwg.org/dwc/terms/relationshipOfResource,recommended
agent-agent-role,agentRoleIRI,,,,,Agent Role IRI,An IRI of the controlled vocabulary value for a role of a dcterms:Agent.,Recommended best practice is to use an IRI for a term in a controlled vocabulary.,,string,default,,,,,dwciri,http://rs.tdwg.org/dwc/terms/relationshipOfResourceID,recommended
agent-agent-role,agentRoleSource,,,,,Agent Role Source,A reference to a controlled vocabulary in which the definition of a value in dwc:agentRole is given.,,,string,default,,,,,dc,http://purl.org/dc/elements/1.1/source,recommended
agent-agent-role,agentRoleOrder,,,,,Agent Role Order,"A numerical position of an AgentRole in a set of AgentRoles that have the same combination of agentRole, agentRoleIRI, agentRoleSource and related target identifier.","One could use dwc:agentRoleOrder to create an ordered list of collectors (dwc:agentRole = 'collector') for a dwc:MaterialEntity, for example. The first would have agentRoleOrder=1, the second would have agentRoleOrder=2.",,integer,default,,TRUE,1,,dwc,http://rs.tdwg.org/dwc/terms/agentRoleOrder,recommended
agent-agent-role,agentRoleDate,,,,,Agent Role Date,An interval during which a dcterms:AgentRole was in effect.,Recommended best practice is to use a date that conforms to ISO 8601-1:2019.,`1963-03-08T14:07-06:00` (8 Mar 1963 at or after 2:07pm and before 2:08pm in the time zone six hours earlier than UTC); `2009-02-20T08:40Z` (20 February 2009 at or after 8:40am and before 8:41 UTC); `2018-08-29T15:19` (29 August 2018 at or after 3:19pm and before 3:20pm local time); `1809-02-12` (within the day 12 February 1809); `1906-06` (in the month of June 1906); `1971` (in the year 1971); `2007-03-01T13:00:00Z/2008-05-11T15:30:00Z` (some time within the interval beginning 1 March 2007 at 1pm UTC and before 11 May 2008 at 3:30pm UTC); `1900/1909` (some time within the interval between the beginning of the year 1900 and before the year 1909); `2007-11-13/15` (some time in the interval between the beginning of 13 November 2007 and before 15 November 2007),string,default,,,,,dwc,http://rs.tdwg.org/dwc/terms/assertionEffectiveDate,recommended
agent-identifier,agent_fk,fk,for,agent,agent_pk,Agent (Foreign Key),An identifier for a dcterms:Agent.,The value in this field MAY be changed in aggregation to preserve the relationship to the related primary key.,,string,default,FALSE,TRUE,,,dwc,http://rs.tdwg.org/dwc/terms/agentID,recommended
agent-identifier,identifier,,,,,Identifier,An unambiguous reference to a resource within a given context.,Recommended best practice is to identify a resource by means of a string conforming to a formal identification system.,`https://orcid.org/0000-0002-1825-0097`; `https://ror.org/00mh9zx15`,string,default,FALSE,TRUE,,,skos,http://www.w3.org/2004/02/skos/core#notation,recommended
agent-identifier,identifierType,,,,,Identifier Type,A category or system that best matches the nature of an identifier (skos:notation).,Recommended best practice is to use a controlled vocabulary.,,string,default,,,,,dc,http://purl.org/dc/elements/1.1/type,recommended
agent-identifier,identifierTypeIRI,,,,,Identifier Type IRI,An IRI of a controlled vocabulary value for a type of identifier.,Recommended best practice is to use an IRI for a term in a controlled vocabulary.,,string,default,,,,,dcterms,http://purl.org/dc/terms/type,recommended
agent-identifier,identifierTypeSource,,,,,Identifier Type Source,A reference to a controlled vocabulary in which the definition of a value in dwc:identifierType is given.,,,string,default,,,,,dc,http://purl.org/dc/elements/1.1/source,recommended
agent-identifier,identifierLanguage,,,,,Identifier Language,A language in which an identifier is presented.,Recommended best practice is to use an ISO639-2 three-letter language code.,,string,default,,,,,dc,http://purl.org/dc/elements/1.1/language,recommended
agent-media,media_fk,fk,this media instance,media,media_pk,Media (Foreign Key),An identifier for an ac:Media resource.,The value in this field MAY be changed in aggregation to preserve the relationship to the related primary key.,,string,default,FALSE,TRUE,,,dcterms,http://purl.org/dc/terms/identifier,recommended
agent-media,agent_fk,fk,about,agent,agent_pk,Agent (Foreign Key),An identifier for a dcterms:Agent.,The value in this field MAY be changed in aggregation to preserve the relationship to the related primary key.,,string,default,FALSE,TRUE,,,dwc,http://rs.tdwg.org/dwc/terms/agentID,recommended
agent-media,subjectCategory,,,,,Subject Category,A term to describe the content of a image or a region of interest within an image using a controlled value string.,Recommended best practice is to use a controlled vocabulary.,,string,default,,,,,ac,http://rs.tdwg.org/ac/terms/CVtermLiteral,recommended
agent-media,subjectCategoryIRI,,,,,Subject Category IRI,An IRI of a controlled vocabulary value for the subject category of an ac:Media resource.,Recommended best practice is to use a controlled vocabulary.,,string,default,,,,,Iptc4xmpExt,http://iptc.org/std/Iptc4xmpExt/2008-02-29/CVterm,recommended
agent-media,subjectCategoryVocabulary,,,,,Subject Category Source,A reference to a controlled vocabulary in which the definition of a value in dwc:subjectCategory is given.,"The Audiovisual Core recommended vocabularies do not need to be cited here. There is no required linkage between individual Subject Category terms and the vocabulary; the mechanism is intended to support discovery of the normative URI for a term, but not guarantee it.",,string,default,,,,,ac,http://rs.tdwg.org/ac/terms/subjectCategoryVocabulary,recommended
agent-media,subjectPartLiteral,,,,,Subject Part Literal,"The portion or product of organism morphology, behaviour, environment, etc. that is either predominantly shown or particularly well exemplified by the ac:Media resource, denoted by a controlled value string.",Values SHOULD be selected from the Controlled Vocabulary for ac:subjectPart. It is best practice to use ac:subjectPart instead of ac:subjectPartLiteral whenever practical.,,string,default,,,,,ac,http://rs.tdwg.org/ac/terms/subjectPartLiteral,recommended
agent-media,subjectPart,,,,,Subject Part,"The portion or product of organism morphology, behaviour, environment, etc. that is either predominantly shown or particularly well exemplified by the ac:Media resource, denoted by an IRI.",,,string,default,,,,,ac,http://rs.tdwg.org/ac/terms/subjectPart,recommended
agent-media,subjectOrientationLiteral,,,,,Subject Orientation Literal,"Specific orientation (= direction, view angle) of the subject represented in the ac:Media resource with respect to the acquisition device, denoted by a controlled value string.",Values SHOULD be selected from the Controlled Vocabulary for ac:subjectOrientation. It is best practice to use ac:subjectOrientation instead of ac:subjectOrientationLiteral whenever practical.,,string,default,,,,,ac,http://rs.tdwg.org/ac/terms/subjectOrientationLiteral,recommended
agent-media,subjectOrientation,,,,,Subject Orientation,"Specific orientation (= direction, view angle) of the subject represented in the ac:Media resource with respect to the acquisition device.",,,string,default,,,,,ac,http://rs.tdwg.org/ac/terms/subjectOrientation,recommended
agent-media,physicalSetting,,,,,Physical Setting,"The setting of the content represented in an ac:Media resource, such as images, sounds, and movies if the provider deems them relevant.",,,string,default,,,,,ac,http://rs.tdwg.org/ac/terms/physicalSetting,recommended
bibliographic-resource,reference_pk,pk,,,,Reference (Primary Key),A unique identifier for a dcterms:BibliographicResource.,The value in this field MAY be changed in aggregation to guarantee uniqueness.,,string,default,TRUE,TRUE,,,dwc,http://rs.tdwg.org/dwc/terms/referenceID,recommended
bibliographic-resource,referenceID,wpk,,,,Reference ID,An identifier for a dcterms:BibliographicResource.,The value in this field MUST be preserved in aggregation. Recommended best practice is to use a globally unique identifier.,,string,default,,,,,dwc,http://rs.tdwg.org/dwc/terms/referenceID,recommended
bibliographic-resource,isPartOfReference_fk,fk,part of,bibliographic-resource,reference_pk,Is Part Of Reference (Foreign Key),An identifier for a dcterms:BibliographicResource that this dcterms:BibliographicResource is a part of.,The value in this field MAY be changed in aggregation to preserve the relationship to the related primary key.,,string,default,FALSE,FALSE,,,dwc,http://rs.tdwg.org/dwc/terms/referenceID,recommended
bibliographic-resource,isPartOfReferenceID,wfk,part of,bibliographic-resource,referenceID,Is Part Of Reference ID,An identifier for a dcterms:BibliographicResource that this dcterms:BibliographicResource is a part of.,The value in this field MAY refer to a dcterms:BibliographicResource within or external to the dataset in which this record originated.,,string,default,FALSE,FALSE,,,dwc,http://rs.tdwg.org/dwc/terms/referenceID,recommended
bibliographic-resource,referenceType,,,,,Reference Type,A category that best matches the nature of a dcterms:BibliographicResource.,Recommended best practice is to use a controlled vocabulary.,,string,default,,,,,dwc,http://rs.tdwg.org/dwc/terms/referenceType,recommended
bibliographic-resource,bibliographicCitation,,,,,Bibliographic Citation,A bibliographic reference for a dcterms:BibliographicResource.,"Recommended practice is to include sufficient bibliographic detail to identify the resource as unambiguously as possible. The intended usage of this term in Darwin Core is to provide the preferred way to cite the resource itself. Note that the intended usage of dcterms:references in Darwin Core, by contrast, is to point to the definitive source representation of the resource, if one is available.",,string,default,,,,,dcterms,http://purl.org/dc/terms/bibliographicCitation,recommended
bibliographic-resource,bibliographicIdentifier,,,,,Bibliographic Identifier,A number or symbol to uniquely identify a dcterms:BibliographicResource.,"Recommended best practice is to use a globally unique identifier issued by recognizable authority (e.g., International ISBN Agency, International DOI Foundation).",`978-0565095024`; `10998406`; `10.1046/j.1420-9101.1997.10010039.x`,string,default,,,,,dwc,http://rs.tdwg.org/dwc/terms/bibliographicIdentifier,recommended
bibliographic-resource,bibliographicIdentifierType,,,,,Bibliographic Identifier Type,A code that best matches the nature of an identifier for a dcterms:BibliographicResource.,"Recommended best practice is to use a limited, tightly controlled vocabulary of identifier issuers. This term has an equivalent in the dwciri: namespace that allows only an IRI as a value, whereas this term allows for any string literal value.",`ISBN`; `DOI`; `ISSN`; `OCN`,string,default,,,,,dwc,http://rs.tdwg.org/dwc/terms/bibliographicIdentifierType,recommended
bibliographic-resource,title,,,,,Title,A name given to a resource.,"Typically, a dc:title will be a name by which the resource is formally known.",,string,default,,,,,dcterms,http://purl.org/dc/terms/title,recommended
bibliographic-resource,author,,,,,Author,A name of a dcterms:Agent primarily responsible for creating a dcterms:BibliographicResource.,,,string,default,,,,,dc,http://purl.org/dc/elements/1.1/creator,recommended
bibliographic-resource,author_fk,fk,authored by,agent,agent_pk,Author (Foreign Key),An identifier for a dcterms:Agent primarily responsible for making a dcterms:BibliographicResource.,The value in this field MAY be changed in aggregation to preserve the relationship to the related primary key.,,string,default,FALSE,FALSE,,,dwc,http://rs.tdwg.org/dwc/terms/agentID,recommended
bibliographic-resource,authorID,wfk,authored by,agent,agentID,Author ID,An identifier for a dcterms:Agent primarily responsible for making a dcterms:BibliographicResource.,The value in this field MAY refer to a dcterms:Agent within or external to the dataset in which this record originated.,`https://orcid.org/0000-0002-1825-0097`,string,default,FALSE,FALSE,,,dwc,http://rs.tdwg.org/dwc/terms/agentID,recommended
bibliographic-resource,editor,,,,,Editor,"A name of a dcterms:Agent having managerial and sometimes policy-making responsibility for the editorial part of a publishing firm or of a newspaper, magazine, or other publication.",,,string,default,,,,,bibo,http://purl.org/ontology/bibo/editor,recommended
bibliographic-resource,editor_fk,fk,edited by,agent,agent_pk,Editor (Foreign Key),"An identifier for a dcterms:Agent having managerial and sometimes policy-making responsibility for the editorial part of a publishing firm or of a newspaper, magazine, or other publication.",The value in this field MAY be changed in aggregation to preserve the relationship to the related primary key.,,string,default,FALSE,FALSE,,,dwc,http://rs.tdwg.org/dwc/terms/agentID,recommended
bibliographic-resource,editorID,wfk,edited by,agent,agentID,Editor ID,"An identifier for a dcterms:Agent having managerial and sometimes policy-making responsibility for the editorial part of a publishing firm or of a newspaper, magazine, or other publication.",The value in this field MAY refer to a dcterms:Agent within or external to the dataset in which this record originated.,`https://orcid.org/0000-0002-1825-0097`,string,default,FALSE,FALSE,,,dwc,http://rs.tdwg.org/dwc/terms/agentID,recommended
bibliographic-resource,publisher,,,,,Publisher,A name of a dcterms:Agent responsible for making a dcterms:BibliographicResource available.,"Examples of a dcterms:publisher include a person, an organization, or a service. Typically, the name of a dcterms:publisher should be used to indicate the entity.",,string,default,,,,,dc,http://purl.org/dc/elements/1.1/publisher,recommended
bibliographic-resource,publisher_fk,fk,published by,agent,agent_pk,Publisher (Foreign Key),An identifier for a dcterms:Agent responsible for making a Reference available.,The value in this field MAY be changed in aggregation to preserve the relationship to the related primary key.,,string,default,FALSE,FALSE,,,dwc,http://rs.tdwg.org/dwc/terms/agentID,recommended
bibliographic-resource,publisherID,wfk,published by,agent,agentID,Publisher ID,An identifier for a dcterms:Agent responsible for making a Reference available.,The value in this field MAY refer to a dcterms:Agent within or external to the dataset in which this record originated.,`https://orcid.org/0000-0002-1825-0097`,string,default,FALSE,FALSE,,,dwc,http://rs.tdwg.org/dwc/terms/agentID,recommended
bibliographic-resource,volume,,,,,Volume,A volume number of a dcterms:BibliographicResource.,,,string,default,,,,,bibo,http://purl.org/ontology/bibo/volume,recommended
bibliographic-resource,issue,,,,,Issue,An issue number of a dcterms:BibliographicResource.,,,string,default,,,,,bibo,http://purl.org/ontology/bibo/issue,recommended
bibliographic-resource,edition,,,,,Edition,An edition of a dcterms:BibliographicResource.,,,string,default,,,,,bibo,http://purl.org/ontology/bibo/edition,recommended
bibliographic-resource,pages,,,,,Pages,A range of pages within a dcterms:BibliographicResource.,,,string,default,,,,,bibo,http://purl.org/ontology/bibo/pages,recommended
bibliographic-resource,version,,,,,Version,A version number of a dcterms:BibliographicResource.,,,string,default,,,,,bibo,http://purl.org/pav/version,recommended
bibliographic-resource,issued,,,,,Issued,Date of formal issuance of a dcterms:BibliographicResource.,Recommended best practice is to use a date that conforms to ISO 8601-1:2019.,,string,default,,,,,dcterms,http://purl.org/dc/terms/issued,recommended
bibliographic-resource,accessed,,,,,Accessed,The resource is related to a source which was originally accessed or consulted on the given date as part of creating or authoring the resource. The source(s) should be specified using pav:sourceAccessedAt.,,,string,default,,,,,bibo,http://purl.org/pav/sourceAccessedOn,recommended
bibliographic-resource,peerReviewStatus,,,,,Peer Review Status,An indication of whether a dcterms:BibliographicResource was peer reviewed.,,,boolean,default,,,,,bibo,http://purl.org/ontology/bibo/status,recommended
bibliographic-resource,referenceRemarks,,,,,Reference Remarks,Comments or notes about a dcterms:BibliographicResource.,,,string,default,,,,,dwc,http://rs.tdwg.org/dwc/terms/referenceRemarks,recommended
chronometric-age,chronometricAge_pk,pk,,,,Chronometric Age (Primary Key),A unique identifier for a chrono:ChronometricAge.,The value in this field MAY be changed in aggregation to guarantee uniqueness.,`https://www.canadianarchaeology.ca/samples/70673`,string,default,TRUE,TRUE,,,chrono,http://rs.tdwg.org/chrono/terms/chronometricAgeID,recommended
chronometric-age,chronometricAgeID,wpk,,,,Chronometric Age ID,An identifier for a chrono:ChronometricAge.,The value in this field MUST be preserved in aggregation. Recommended best practice is to use a globally unique identifier.,`https://www.canadianarchaeology.ca/samples/70673`,string,default,,,,,chrono,http://rs.tdwg.org/chrono/terms/chronometricAgeID,recommended
chronometric-age,event_fk,fk,for,event,event_pk,Event (Foreign Key),An identifier for a dwc:Event.,The value in this field MAY be changed in aggregation to preserve the relationship to the related primary key.,,string,default,FALSE,TRUE,,,dwc,http://rs.tdwg.org/dwc/terms/eventID,recommended
chronometric-age,verbatimChronometricAge,,,,,Verbatim Chronometric Age,"A verbatim age for a dwc:Event, whether reported by a dating assay, associated references, or legacy information.","For example, this could be the radiocarbon age as given in an AMS dating report. This could also be simply what is reported as the age of a specimen in legacy collections data.",,string,default,,,,,chrono,http://rs.tdwg.org/chrono/terms/verbatimChronometricAge,recommended
chronometric-age,chronometricAgeProtocol,,,,,Chronometric Age Protocol,A description of or reference to a dwc:Protocol used to determine a chrono:ChronometricAge.,,,string,default,,,,,chrono,http://rs.tdwg.org/chrono/terms/chronometricAgeProtocol,recommended
chronometric-age,chronometricAgeProtocol_fk,fk,followed,protocol,protocol_pk,Chronometric Age Protocol (Foreign Key),An identifier for a dwc:Protocol used to determine a chrono:ChronometricAge.,The value in this field MAY be changed in aggregation to preserve the relationship to the related primary key.,,string,default,FALSE,FALSE,,,dwc,http://rs.tdwg.org/dwc/terms/protocolID,recommended
chronometric-age,uncalibratedChronometricAge,,,,,Uncalibrated Chronometric Age,An output of a dating assay before it is calibrated into an age using a specific conversion protocol.,,,string,default,,,,,chrono,http://rs.tdwg.org/chrono/terms/uncalibratedChronometricAge,recommended
chronometric-age,chronometricAgeConversionProtocol,,,,,Chronometric Age Conversion Protocol,"A description of or reference to a dwc:Protocol used to convert a chrono:uncalibratedChronometricAge into a chronometric age in years, as captured in the chrono:earliestChronometricAge, chrono:earliestChronometricAgeReferenceSystem, chrono:latestChronometricAge, and chrono:latestChronometricAgeReferenceSystem fields.","For example, calibration of conventional radiocarbon age or the currently accepted age range of a cultural or geological period.",,string,default,,,,,chrono,http://rs.tdwg.org/chrono/terms/chronometricAgeConversionProtocol,recommended
chronometric-age,chronometricAgeConversionProtocol_fk,fk,followed,protocol,protocol_pk,Chronometric Age Conversion Protocol (Foreign Key),"An identifier for a dwc:Protocol used to convert a chrono:uncalibratedChronometricAge into a chronometric age in years, as captured in the chrono:earliestChronometricAge, chrono:earliestChronometricAgeReferenceSystem, chrono:latestChronometricAge, and chrono:latestChronometricAgeReferenceSystem fields.",The value in this field MAY be changed in aggregation to preserve the relationship to the related primary key.,,string,default,FALSE,FALSE,,,dwc,http://rs.tdwg.org/dwc/terms/protocolID,recommended
chronometric-age,earliestChronometricAge,,,,,Earliest Chronometric Age,A maximum/earliest/oldest possible age of a dwc:MaterialEntity as determined by a dating method.,"The expected unit for this field is years. This field, if populated, must have an associated chrono:earliestChronometricAgeReferenceSystem.",,string,default,,,,,chrono,http://rs.tdwg.org/chrono/terms/earliestChronometricAge,recommended
chronometric-age,earliestChronometricAgeReferenceSystem,,,,,Earliest Chronometric Age Reference System,A reference system associated with a chrono:earliestChronometricAge.,Recommended best practice is to use a controlled vocabulary.,,string,default,,,,,chrono,http://rs.tdwg.org/chrono/terms/earliestChronometricAgeReferenceSystem,recommended
chronometric-age,latestChronometricAge,,,,,Latest Chronometric Age,A minimum/latest/youngest possible age of a dwc:MaterialEntity as determined by a dating method.,"The expected unit for this field is years. This field, if populated, must have an associated latestChronometricAgeReferenceSystem.",,string,default,,,,,chrono,http://rs.tdwg.org/chrono/terms/latestChronometricAge,recommended
chronometric-age,latestChronometricAgeReferenceSystem,,,,,Latest Chronometric Age Reference System,A reference system associated with a chrono:latestChronometricAge.,Recommended best practice is to use a controlled vocabulary.,,string,default,,,,,chrono,http://rs.tdwg.org/chrono/terms/latestChronometricAgeReferenceSystem,recommended
chronometric-age,chronometricAgeUncertaintyInYears,,,,,Chronometric Age Uncertainty In Years,A temporal uncertainty of a chrono:earliestChronometricAge and chrono:latestChronometricAge in years.,The expected unit for this field is years. The value in this field is number of years before and after the values given in the earliest and latest chronometric age fields within which the actual values are estimated to be.,,integer,default,,,,,chrono,http://rs.tdwg.org/chrono/terms/chronometricAgeUncertaintyInYears,recommended
chronometric-age,chronometricAgeUncertaintyMethod,,,,,Chronometric Age Uncertainty Method,A method used to generate a value of chrono:ChronometricAgeUncertaintyInYears.,,,string,default,,,,,chrono,http://rs.tdwg.org/chrono/terms/chronometricAgeUncertaintyMethod,recommended
chronometric-age,materialDated,,,,,Material Dated,"A description of a dwc:MaterialEntity on which a chrono:ChronometricAgeProtocol was actually performed, if known.",Recommended best practice is to use a globally unique identifier.,,string,default,,,,,chrono,http://rs.tdwg.org/chrono/terms/materialDated,recommended
chronometric-age,materialDated_fk,fk,dated,material,materialEntity_pk,Material Dated (Foreign Key),"An identifier for a dwc:MaterialEntity on which a chrono:ChronometricAgeProtocol was performed, if applicable.",The value in this field MAY be changed in aggregation to preserve the relationship to the related primary key.,,string,default,FALSE,FALSE,,,chrono,http://rs.tdwg.org/chrono/terms/materialDatedID,recommended
chronometric-age,materialDatedID,wfk,dated,material,materialEntityID,Material Dated ID,"An identifier for a dwc:MaterialEntity on which a chrono:ChronometricAgeProtocol was performed, if applicable.",The value in this field MAY refer to a dwc:MaterialEntity within or external to the dataset in which this record originated.,,string,default,FALSE,FALSE,,,chrono,http://rs.tdwg.org/chrono/terms/materialDatedID,recommended
chronometric-age,materialDatedRelationship,,,,,Material Dated Relationship,"A relationship of a chrono:materialDated to a dwc:MaterialEntity, from which a chrono:ChronometricAge of the related dwc:MaterialEntity and any related dwc:Occurrence is inferred.",Recommended best practice is to use a controlled vocabulary.,,string,default,,,,,chrono,http://rs.tdwg.org/chrono/terms/materialDatedRelationship,recommended
chronometric-age,chronometricAgeDeterminedBy,,,,,Chronometric Age Determined By,A list (concatenated and separated) of names of dcterms:Agents responsible for determining the chrono:ChronometricAge.,Recommended best practice is to separate the values in a list with space vertical bar space (` | `).,,string,default,,,,,chrono,http://rs.tdwg.org/chrono/terms/chronometricAgeDeterminedBy,recommended
chronometric-age,chronometricAgeDeterminedBy_fk,fk,determined by,agent,agent_pk,Chronometric Age Determined By (Foreign Key),An identifier for a dcterms:Agent responsible for determining a chrono:ChronometricAge.,The value in this field MAY be changed in aggregation to preserve the relationship to the related primary key.,,string,default,FALSE,FALSE,,,dwc,http://rs.tdwg.org/dwc/terms/agentID,recommended
chronometric-age,chronometricAgeDeterminedByID,wfk,determined by,agent,agentID,Chronometric Age Determined By ID,An identifier for a dcterms:Agent responsible for determining a chrono:ChronometricAge.,The value in this field MAY refer to a dcterms:Agent within or external to the dataset in which this record originated.,`https://orcid.org/0000-0002-1825-0097`,string,default,FALSE,FALSE,,,dwc,http://rs.tdwg.org/dwc/terms/agentID,recommended
chronometric-age,chronometricAgeDeterminedDate,,,,,Chronometric Age Determined Date,A date on which a chrono:ChronometricAge was determined.,Recommended best practice is to use a date that conforms to ISO 8601-1:2019.,,string,default,,,,,chrono,http://rs.tdwg.org/chrono/terms/chronometricAgeDeterminedDate,recommended
chronometric-age,chronometricAgeReferences,,,,,Chronometric Age References,A list (concatenated and separated) of dcterms:BibliographicResources associated with a chrono:ChronometricAge.,Recommended best practice is to separate the values in a list with space vertical bar space (` | `).,,string,default,,,,,chrono,http://rs.tdwg.org/chrono/terms/chronometricAgeReferences,recommended
chronometric-age,chronometricAgeRemarks,,,,,Chronometric Age Remarks,Comments or notes about a chrono:ChronometricAge.,,,string,default,,,,,chrono,http://rs.tdwg.org/chrono/terms/chronometricAgeRemarks,recommended
chronometric-age-agent-role,chronometricAge_fk,fk,role for,chronometric-age,chronometricAge_pk,Chronometric Age (Foreign Key),An identifier for a chrono:ChronometricAge.,The value in this field MAY be changed in aggregation to preserve the relationship to the related primary key.,,string,default,FALSE,TRUE,,,chrono,http://rs.tdwg.org/chrono/terms/chronometricAgeID,recommended
chronometric-age-agent-role,agent_fk,fk,role holder,agent,agent_pk,Agent (Foreign Key),An identifier for a dcterms:Agent.,The value in this field MAY be changed in aggregation to preserve the relationship to the related primary key.,,string,default,FALSE,TRUE,,,dwc,http://rs.tdwg.org/dwc/terms/agentID,recommended
chronometric-age-agent-role,agentRole,,,,,Agent Role,A category that best matches the nature of a role of a dcterms:Agent.,Recommended best practice is to use a controlled vocabulary for the roles appropriate to the class of resource a dcterms:AgentRole is related to.,,string,default,,,,,dwc,http://rs.tdwg.org/dwc/terms/relationshipOfResource,recommended
chronometric-age-agent-role,agentRoleIRI,,,,,Agent Role IRI,An IRI of the controlled vocabulary value for a role of a dcterms:Agent.,Recommended best practice is to use an IRI for a term in a controlled vocabulary.,,string,default,,,,,dwciri,http://rs.tdwg.org/dwc/terms/relationshipOfResourceID,recommended
chronometric-age-agent-role,agentRoleSource,,,,,Agent Role Source,A reference to a controlled vocabulary in which the definition of a value in dwc:agentRole is given.,,,string,default,,,,,dc,http://purl.org/dc/elements/1.1/source,recommended
chronometric-age-agent-role,agentRoleOrder,,,,,Agent Role Order,"A numerical position of an AgentRole in a set of AgentRoles that have the same combination of agentRole, agentRoleIRI, agentRoleSource and related target identifier.","One could use dwc:agentRoleOrder to create an ordered list of collectors (dwc:agentRole = 'collector') for a dwc:MaterialEntity, for example. The first would have dwc:agentRoleOrder=1, the second would have dwc:agentRoleOrder=2.",,integer,default,,TRUE,1,,dwc,http://rs.tdwg.org/dwc/terms/agentRoleOrder,recommended
chronometric-age-agent-role,agentRoleDate,,,,,Agent Role Date,An interval during which a dcterms:AgentRole was in effect.,Recommended best practice is to use a date that conforms to ISO 8601-1:2019.,`1963-03-08T14:07-06:00` (8 Mar 1963 at or after 2:07pm and before 2:08pm in the time zone six hours earlier than UTC); `2009-02-20T08:40Z` (20 February 2009 at or after 8:40am and before 8:41 UTC); `2018-08-29T15:19` (29 August 2018 at or after 3:19pm and before 3:20pm local time); `1809-02-12` (within the day 12 February 1809); `1906-06` (in the month of June 1906); `1971` (in the year 1971); `2007-03-01T13:00:00Z/2008-05-11T15:30:00Z` (some time within the interval beginning 1 March 2007 at 1pm UTC and before 11 May 2008 at 3:30pm UTC); `1900/1909` (some time within the interval between the beginning of the year 1900 and before the year 1909); `2007-11-13/15` (some time in the interval between the beginning of 13 November 2007 and before 15 November 2007),string,default,,,,,dwc,http://rs.tdwg.org/dwc/terms/assertionEffectiveDate,recommended
chronometric-age-assertion,assertionID,wpk,,,,Assertion ID,An identifier for a dwc:Assertion.,Recommended best practice is to use a globally unique identifier.,,string,default,TRUE,FALSE,,,dwc,http://rs.tdwg.org/dwc/terms/assertionID,recommended
chronometric-age-assertion,chronometricAge_fk,fk,about,chronometric-age,chronometricAge_pk,Chronometric Age (Foreign Key),An identifier for a chrono:ChronometricAge.,The value in this field MAY be changed in aggregation to preserve the relationship to the related primary key.,,string,default,FALSE,TRUE,,,chrono,http://rs.tdwg.org/chrono/terms/chronometricAgeID,recommended
chronometric-age-assertion,verbatimAssertionType,,,,,Verbatim Assertion Type,A string representing the type of dwc:Assertion as it appeared in the original record.,"This term is meant to allow the capture of an unaltered original name for a dwc:assertionType. This term is meant to be used in addition to dwc:assertionType, not instead of it.",`water_temp`; `Fish biomass`; `sampling net mesh size`,string,default,,,,,dwc,http://rs.tdwg.org/dwc/terms/verbatimAssertionType,recommended
chronometric-age-assertion,assertionType,,,,,Assertion Type,A category that best matches the nature of a dwc:Assertion.,"Recommended best practice is to use a controlled vocabulary. This term has an equivalent in the dwciri: namespace that allows only an IRI as a value, whereas this term allows for any string literal value.",`tail length`; `temperature`; `trap line length`; `survey area`; `trap type`,string,default,,,,,dwc,http://rs.tdwg.org/dwc/terms/assertionType,recommended
chronometric-age-assertion,assertionTypeIRI,,,,,Assertion Type IRI,An IRI of a controlled vocabulary value for a type of dwc:Assertion.,Recommended best practice is to use an IRI for a term in a controlled vocabulary.,,string,default,,,,,dwciri,http://rs.tdwg.org/dwc/iri/measurementType,recommended
chronometric-age-assertion,assertionTypeSource,,,,,Assertion Type Source,A reference to the controlled vocabulary in which the definition of a value in dwc:assertionType is given.,,,string,default,,,,,dc,http://purl.org/dc/elements/1.1/source,recommended
chronometric-age-assertion,assertionMadeDate,,,,,Assertion Made Date,A date on which a dwc:Assertion was created.,Recommended best practice is to use a date that conforms to ISO 8601-1:2019.,`1963-03-08T14:07-06:00` (8 Mar 1963 at or after 2:07pm and before 2:08pm in the time zone six hours earlier than UTC); `2009-02-20T08:40Z` (20 February 2009 at or after 8:40am and before 8:41 UTC); `2018-08-29T15:19` (29 August 2018 at or after 3:19pm and before 3:20pm local time); `1809-02-12` (within the day 12 February 1809); `1906-06` (in the month of June 1906); `1971` (in the year 1971); `2007-03-01T13:00:00Z/2008-05-11T15:30:00Z` (some time within the interval beginning 1 March 2007 at 1pm UTC and before 11 May 2008 at 3:30pm UTC); `1900/1909` (some time within the interval between the beginning of the year 1900 and before the year 1909); `2007-11-13/15` (some time in the interval between the beginning of 13 November 2007 and before 15 November 2007),string,default,,,,,dwc,http://rs.tdwg.org/dwc/terms/assertionMadeDate,recommended
chronometric-age-assertion,assertionEffectiveDate,,,,,Assertion Effective Date,A date-time or time interval during which an asserted state or measurement was deemed to be in effect.,Recommended best practice is to use a date that conforms to ISO 8601-1:2019.,`1963-03-08T14:07-06:00` (8 Mar 1963 at or after 2:07pm and before 2:08pm in the time zone six hours earlier than UTC); `2009-02-20T08:40Z` (20 February 2009 at or after 8:40am and before 8:41 UTC); `2018-08-29T15:19` (29 August 2018 at or after 3:19pm and before 3:20pm local time); `1809-02-12` (within the day 12 February 1809); `1906-06` (in the month of June 1906); `1971` (in the year 1971); `2007-03-01T13:00:00Z/2008-05-11T15:30:00Z` (some time within the interval beginning 1 March 2007 at 1pm UTC and before 11 May 2008 at 3:30pm UTC); `1900/1909` (some time within the interval between the beginning of the year 1900 and before the year 1909); `2007-11-13/15` (some time in the interval between the beginning of 13 November 2007 and before 15 November 2007),string,default,,,,,dwc,http://rs.tdwg.org/dwc/terms/assertionEffectiveDate,recommended
chronometric-age-assertion,assertionValue,,,,,Assertion Value,An asserted value.,,,string,default,,,,,dwc,http://rs.tdwg.org/dwc/terms/assertionValue,recommended
chronometric-age-assertion,assertionValueIRI,,,,,Assertion Value IRI,An IRI of the controlled vocabulary value for a value of a dwc:Assertion.,Recommended best practice is to use an IRI for a term in a controlled vocabulary.,,string,default,,,,,dwciri,http://rs.tdwg.org/dwc/iri/measurementValue,recommended
chronometric-age-assertion,assertionValueSource,,,,,Assertion Value Source,A reference to a controlled vocabulary in which the definition of a value in dwc:assertionValue is given.,,,string,default,,,,,dc,http://purl.org/dc/elements/1.1/source,recommended
chronometric-age-assertion,assertionUnit,,,,,Assertion Unit,Unit associated with the value in dwc:assertionValue.,"Recommended best practice is to use a controlled vocabulary such as the Ontology of Units of Measure http://www.wurvoc.org/vocabularies/om-1.8/ of SI units, derived units, or other non-SI units accepted for use within the SI. For units that are composed of multiple parts, use the patterns as given in ""A Primer for Communicating Mathematics via Plain Text"" (https://cse.sc.edu/~fenner/latex-ASCII.pdf) by Stephen Fenner (e.g., `g/cm^3` for grams per cubic centimeter). For other units, provide the value as a recognizable standard (e.g., '%') or written out in full and in the plural (e.g., `individuals`). It is fine to provide non-SI units in the original language of the dataset.",`m`; `s`; `g`; `ml`,string,default,,,,,dwc,http://rs.tdwg.org/dwc/terms/assertionUnit,recommended
chronometric-age-assertion,assertionUnitIRI,,,,,Assertion Unit IRI,An IRI of a controlled vocabulary value for the unit of a dwc:assertionValue.,Recommended best practice is to use an IRI for a term in a controlled vocabulary.,,string,default,,,,,dwciri,http://rs.tdwg.org/dwc/iri/assertionUnit,recommended
chronometric-age-assertion,assertionUnitSource,,,,,Assertion Unit Source,A reference to a controlled vocabulary in which the definition of the value in dwc:assertionUnit is given.,,,string,default,,,,,dc,http://purl.org/dc/elements/1.1/source,recommended
chronometric-age-assertion,assertionError,,,,,Assertion Error,A description of the potential error associated with a dwc:assertionValue.,,`0.01`; `normal distribution with variation of 2 m`,string,default,,,,,dwc,http://rs.tdwg.org/dwc/terms/assertionError,recommended
chronometric-age-assertion,assertionBy,,,,,Assertion By,A list (concatenated and separated) of names of dcterms:Agents responsible for making a dwc:Assertion.,Recommended best practice is to separate the values in a list with space vertical bar space (` | `).,,string,default,,,,,dwc,http://rs.tdwg.org/dwc/terms/assertionBy,recommended
chronometric-age-assertion,assertionBy_fk,fk,asserted by,agent,agent_pk,Assertion By (Foreign Key),An identifier for a dcterms:Agent responsible for making a dwc:Assertion.,The value in this field MAY be changed in aggregation to preserve the relationship to the related primary key.,,string,default,FALSE,FALSE,,,dwc,http://rs.tdwg.org/dwc/terms/agentID,recommended
chronometric-age-assertion,assertionByID,wfk,asserted by,agent,agentID,Assertion By ID,An identifier for a dcterms:Agent responsible for making a dwc:Assertion.,The value in this field MAY refer to a dcterms:Agent within or external to the dataset in which this record originated.,`https://orcid.org/0000-0002-1825-0097`,string,default,FALSE,FALSE,,,dwc,http://rs.tdwg.org/dwc/terms/agentID,recommended
chronometric-age-assertion,assertionProtocols,,,,,Assertion Protocols,"Names of, references to, or descriptions of dwc:Protocols used in making a dwc:Assertion.",,,string,default,,,,,dwc,http://rs.tdwg.org/dwc/terms/assertionProtocols,recommended
chronometric-age-assertion,assertionProtocol_fk,fk,followed,protocol,protocol_pk,Assertion Protocol (Foreign Key),An identifier for a dwc:Protocol used to make a dwc:Assertion.,The value in this field MAY be changed in aggregation to preserve the relationship to the related primary key.,,string,default,FALSE,FALSE,,,dwc,http://rs.tdwg.org/dwc/terms/protocolID,recommended
chronometric-age-assertion,assertionReferences,,,,,Assertion References,A list (concatenated and separated) of dcterms:BibliographicResources associated with a dwc:Assertion.,Recommended best practice is to separate the values in a list with space vertical bar space (` | `).,,string,default,,,,,dwc,http://rs.tdwg.org/dwc/terms/assertionReferences,recommended
chronometric-age-assertion,assertionRemarks,,,,,Assertion Remarks,Comments or notes about a dwc:Assertion.,,,string,default,,,,,dwc,http://rs.tdwg.org/dwc/terms/assertionRemarks,recommended
chronometric-age-media,media_fk,fk,this media instance,media,media_pk,Media (Foreign Key),An identifier for an ac:Media resource.,The value in this field MAY be changed in aggregation to preserve the relationship to the related primary key.,,string,default,FALSE,TRUE,,,dcterms,http://purl.org/dc/terms/identifier,recommended
chronometric-age-media,chronometricAge_fk,fk,about,chronometric-age,chronometricAge_pk,Chronometric Age (Foreign Key),An identifier for a chrono:ChronometricAge.,The value in this field MAY be changed in aggregation to preserve the relationship to the related primary key.,,string,default,FALSE,TRUE,,,chrono,http://rs.tdwg.org/chrono/terms/chronometricAgeID,recommended
chronometric-age-media,subjectCategory,,,,,Subject Category,A term to describe the content of a image or a region of interest within an image using a controlled value string.,Recommended best practice is to use a controlled vocabulary.,,string,default,,,,,ac,http://rs.tdwg.org/ac/terms/CVtermLiteral,recommended
chronometric-age-media,subjectCategoryIRI,,,,,Subject Category IRI,An IRI of a controlled vocabulary value for the subject category of an ac:Media resource.,Recommended best practice is to use a controlled vocabulary.,,string,default,,,,,Iptc4xmpExt,http://iptc.org/std/Iptc4xmpExt/2008-02-29/CVterm,recommended
chronometric-age-media,subjectCategoryVocabulary,,,,,Subject Category Source,A reference to a controlled vocabulary in which the definition of a value in dwc:subjectCategory is given.,"The Audiovisual Core recommended vocabularies do not need to be cited here. There is no required linkage between individual Subject Category terms and the vocabulary; the mechanism is intended to support discovery of the normative URI for a term, but not guarantee it.",,string,default,,,,,ac,http://rs.tdwg.org/ac/terms/subjectCategoryVocabulary,recommended
chronometric-age-media,subjectPartLiteral,,,,,Subject Part Literal,"The portion or product of organism morphology, behaviour, environment, etc. that is either predominantly shown or particularly well exemplified by the ac:Media resource, denoted by a controlled value string.",Values SHOULD be selected from the Controlled Vocabulary for ac:subjectPart. It is best practice to use ac:subjectPart instead of ac:subjectPartLiteral whenever practical.,,string,default,,,,,ac,http://rs.tdwg.org/ac/terms/subjectPartLiteral,recommended
chronometric-age-media,subjectPart,,,,,Subject Part,"The portion or product of organism morphology, behaviour, environment, etc. that is either predominantly shown or particularly well exemplified by the ac:Media resource, denoted by an IRI.",,,string,default,,,,,ac,http://rs.tdwg.org/ac/terms/subjectPart,recommended
chronometric-age-media,subjectOrientationLiteral,,,,,Subject Orientation Literal,"Specific orientation (= direction, view angle) of the subject represented in the ac:Media resource with respect to the acquisition device, denoted by a controlled value string.",Values SHOULD be selected from the Controlled Vocabulary for ac:subjectOrientation. It is best practice to use ac:subjectOrientation instead of ac:subjectOrientationLiteral whenever practical.,,string,default,,,,,ac,http://rs.tdwg.org/ac/terms/subjectOrientationLiteral,recommended
chronometric-age-media,subjectOrientation,,,,,Subject Orientation,"Specific orientation (= direction, view angle) of the subject represented in the ac:Media resource with respect to the acquisition device.",,,string,default,,,,,ac,http://rs.tdwg.org/ac/terms/subjectOrientation,recommended
chronometric-age-media,physicalSetting,,,,,Physical Setting,"The setting of the content represented in an ac:Media resource, such as images, sounds, and movies if the provider deems them relevant.",,,string,default,,,,,ac,http://rs.tdwg.org/ac/terms/physicalSetting,recommended
chronometric-age-protocol,protocol_fk,fk,followed,protocol,protocol_pk,Protocol (Foreign Key),An identifier for a dwc:Protocol.,The value in this field MAY be changed in aggregation to preserve the relationship to the related primary key.,,string,default,FALSE,TRUE,,,dwc,http://rs.tdwg.org/dwc/terms/protocolID,recommended
chronometric-age-protocol,chronometricAge_fk,fk,used for,chronometric-age,chronometricAge_pk,Chronometric Age (Foreign Key),An identifier for a chrono:ChronometricAge.,The value in this field MAY be changed in aggregation to preserve the relationship to the related primary key.,,string,default,FALSE,TRUE,,,chrono,http://rs.tdwg.org/chrono/terms/chronometricAgeID,recommended
chronometric-age-reference,reference_fk,fk,mentioned in,bibliographic-resource,reference_pk,Reference (Foreign Key),An identifier for a dcterms:BibliographicResource.,The value in this field MAY be changed in aggregation to preserve the relationship to the related primary key.,,string,default,FALSE,FALSE,,,dwc,http://rs.tdwg.org/dwc/terms/referenceID,recommended
chronometric-age-reference,chronometricAge_fk,fk,mentioned,chronometric-age,chronometricAge_pk,Chronometric Age (Foreign Key),An identifier for a chrono:ChronometricAge.,The value in this field MAY be changed in aggregation to preserve the relationship to the related primary key.,,string,default,FALSE,TRUE,,,chrono,http://rs.tdwg.org/chrono/terms/chronometricAgeID,recommended
chronometric-age-reference,relationshipType,,,,,Relationship Type,A relationship of a subject resource to a dcterms:BibliographicResource.,Recommended best practice is to use a controlled vocabulary.,`cited in`; `referenced`,string,default,,,,,dwc,http://rs.tdwg.org/dwc/terms/relationshipOfResource,recommended
event,event_pk,pk,,,,Event (Primary Key),A unique identifier for a dwc:Event.,The value in this field MAY be changed in aggregation to guarantee uniqueness.,`INBO:VIS:Ev:00009375`,string,default,TRUE,TRUE,,,dwc,http://rs.tdwg.org/dwc/terms/eventID,recommended
event,eventID,wpk,,,,Event ID,An identifier for a dwc:Event.,The value in this field MUST be preserved in aggregation. Recommended best practice is to use a globally unique identifier.,`INBO:VIS:Ev:00009375`,string,default,,,,,dwc,http://rs.tdwg.org/dwc/terms/eventID,recommended
event,parentEvent_fk,fk,happened during,event,event_pk,Parent Event (Foreign Key),An identifier for a broader dwc:Event that contains this and potentially other dwc:Events.,The value in this field MAY be changed in aggregation to preserve the relationship to the related primary key.,,string,default,FALSE,FALSE,,,dwc,http://rs.tdwg.org/dwc/terms/parentEventID,recommended
event,eventProtocol_fk,fk,followed,protocol,protocol_pk,Event Protocol (Foreign Key),An identifier for a dwc:Protocol used during a dwc:Event.,The value in this field MAY be changed in aggregation to preserve the relationship to the related primary key.,,string,default,FALSE,FALSE,,,dwc,http://rs.tdwg.org/dwc/terms/protocolID,recommended
event,provenance_fk,fk,has,provenance,provenance_pk,Provenance (Foreign Key),An identifier for a dwc:Provenance.,The value in this field MAY be changed in aggregation to preserve the relationship to the related primary key.,,string,default,FALSE,FALSE,,,dcterms,http://rs.tdwg.org/dwc/terms/provenanceID,recommended
event,preferredEventName,,,,,Preferred Event Name,The name of a dwc:Event preferred in searches and results.,,,string,default,,,,,dcterms,http://purl.org/dc/terms/title,recommended
event,eventCategory,,,,,Event Category,A broad category that best matches the nature of a dwc:Event.,"Recommended best practice is to use a limited, tightly controlled vocabulary.",`material collection`; `nucleotide analysis`; `occurrence`; `organism interaction`; `survey`; `context`,string,default,FALSE,TRUE,,,dwc,http://rs.tdwg.org/dwc/terms/eventCategory,recommended
event,eventType,,,,,Event Type,A narrow category that best matches the nature of a dwc:Event.,"Recommended best practice is to use a controlled vocabulary. This term has an equivalent in the dwciri: namespace that allows only an IRI as a value, whereas this term allows for any string literal value.",`BioBlitz`; `camera trap deployment`; `expedition`; `project`; `site visit`; `trawl`,string,default,,,,,dwc,http://rs.tdwg.org/dwc/terms/eventType,recommended
event,datasetName,,,,,Dataset Name,A name of a source dataset.,,`Grinnell Resurvey Mammals`; `Lacey Ctenomys Recaptures`,string,default,,,,,dwc,http://rs.tdwg.org/dwc/terms/datasetName,recommended
event,datasetID,,,,,Dataset ID,An identifier for a source dataset.,Recommended best practice is to use a globally unique identifier.,,string,default,,,,,dwc,http://rs.tdwg.org/dwc/terms/datasetID,recommended
event,fieldNumber,,,,,Field Number,An identifier given to a dwc:Event in the field.,"Often serves as a link between field notes and a dwc:Event. This term has an equivalent in the dwciri: namespace that allows only an IRI as a value, whereas this term allows for any string literal value.",`RV Sol 87-03-08`,string,default,,,,,dwc,http://rs.tdwg.org/dwc/terms/fieldNumber,recommended
event,recordedBy,,,,,Recorded By,A name for a dcterms:Agent responsible for recording a dwc:Event.,"Recommended best practice is to separate the values in a list with space vertical bar space (` | `). This term has an equivalent in the dwciri: namespace that allows only an IRI as a value, whereas this term allows for any string literal value.",`José E. Crespo`; `Oliver P. Pearson | Anita K. Pearson` (where the value in dwc:collectorNumber `OPP 7101` corresponds to the collector number for the specimen in the field catalog of Oliver P. Pearson),string,default,,,,,dwc,http://rs.tdwg.org/dwc/terms/recordedBy,recommended
event,recordedBy_fk,fk,recorded by,agent,agent_pk,Recorded By (Foreign Key),An identifier for a dcterms:Agent responsible for recording a dwc:Event.,The value in this field MAY be changed in aggregation to preserve the relationship to the related primary key.,,string,default,FALSE,FALSE,,,dwc,http://rs.tdwg.org/dwc/terms/version/recordedByID,recommended
event,recordedByID,wfk,recorded by,agent,agentID,Recorded By ID,An identifier for a dcterms:Agent responsible for recording a dwc:Event.,The value in this field MAY refer to a dcterms:Agent within or external to the dataset in which this record originated.,`https://orcid.org/0000-0002-1825-0097`; `https://ror.org/00mh9zx15`,string,default,FALSE,FALSE,,,dwc,http://rs.tdwg.org/dwc/terms/version/recordedByID,recommended
event,eventDurationValue,,,,,Event Duration Value,The numeric value for the duration of a dwc:Event.,`An eco:eventDurationValue must have a corresponding eco:eventDurationUnit.`,`1`; `30`,number,default,,,0,,eco,http://rs.tdwg.org/eco/terms/eventDurationValue,recommended
event,eventDurationUnit,,,,,Event Duration Unit,Units associated with a value in eco:eventDurationValue.,"Recommended best practice is to use a controlled vocabulary. This term has an equivalent in the dwciri: namespace that allows only an IRI as a value, whereas this term allows for any string literal value.",`minutes`; `hours`; `days`; `months`; `years`,string,default,,,,,eco,http://rs.tdwg.org/eco/terms/eventDurationUnit,recommended
event,eventDate,,,,,Event Date,A date-time or time interval during which a dwc:Event occurred.,Recommended best practice is to use a date that conforms to ISO 8601-1:2019. Not suitable for a time in a geological context.,`1963-03-08T14:07-06:00` (8 Mar 1963 at or after 2:07pm and before 2:08pm in the time zone six hours earlier than UTC); `2009-02-20T08:40Z` (20 February 2009 at or after 8:40am and before 8:41 UTC); `2018-08-29T15:19` (29 August 2018 at or after 3:19pm and before 3:20pm local time); `1809-02-12` (within the day 12 February 1809); `1906-06` (in the month of June 1906); `1971` (in the year 1971); `2007-03-01T13:00:00Z/2008-05-11T15:30:00Z` (some time within the interval beginning 1 March 2007 at 1pm UTC and before 11 May 2008 at 3:30pm UTC); `1900/1909` (some time within the interval between the beginning of the year 1900 and before the year 1909); `2007-11-13/15` (some time in the interval between the beginning of 13 November 2007 and before 15 November 2007),string,default,,,,,dwc,http://rs.tdwg.org/dwc/terms/eventDate,recommended
event,eventTime,,,,,Event Time,The time or interval during which a dwc:Event occurred.,Recommended best practice is to use a time of day that conforms to ISO 8601-1:2019.,`14:07-06:00` (at or after 2:07pm and before 2:08pm in the time zone six hours earlier than UTC); `08:40:21Z` (at or after 8:40:21am and before 8:41:22am UTC); `13:00:00Z/15:30:00Z` (at or after 1pm and before 3:30pm UTC),string,default,,,,,dwc,http://rs.tdwg.org/dwc/terms/eventTime,recommended
event,startDayOfYear,,,,,Start Day Of Year,The earliest integer day of the year on which a dwc:Event occurred.," The value is 1 for January 1 and 365 for December 31, except in a leap year, in which case it is 366.","`1` (1 January); `32` (1 February); `366` (31 December); `365` (30 December in a leap year, 31 December in a non-leap year)",integer,default,,,1,366,dwc,http://rs.tdwg.org/dwc/terms/startDayOfYear,recommended
event,endDayOfYear,,,,,End Day Of Year,The latest integer day of the year on which a dwc:Event occurred.," The value is 1 for January 1 and 365 for December 31, except in a leap year, in which case it is 366.","`1` (1 January); `32` (1 February); `366` (31 December); `365` (30 December in a leap year, 31 December in a non-leap year)",integer,default,,,1,366,dwc,http://rs.tdwg.org/dwc/terms/endDayOfYear,recommended
event,year,,,,,Year,"The four-digit year in which the dwc:Event occurred, according to the Common Era Calendar.",,`1160`; `2008`,integer,default,,,,,dwc,http://rs.tdwg.org/dwc/terms/year,recommended
event,month,,,,,Month,The integer month in which the dwc:Event occurred.,,`1` (January); `10` (October),integer,default,,,1,12,dwc,http://rs.tdwg.org/dwc/terms/month,recommended
event,day,,,,,Day,The integer day of the month on which the dwc:Event occurred.,,`9`; `28`,integer,default,,,1,31,dwc,http://rs.tdwg.org/dwc/terms/day,recommended
event,verbatimEventDate,,,,,Verbatim Event Date,The verbatim original representation of the date and time information for a dwc:Event.,,`spring 1910`; `Marzo 2002`; `1999-03-XX`; `17IV1934`,string,default,,,,,dwc,http://rs.tdwg.org/dwc/terms/verbatimEventDate,recommended
event,verbatimLocality,,,,,Verbatim Locality,An original textual description of a dcterms:Location.,,`25 km NNE Bariloche por R. Nac. 237`,string,default,,,,,dwc,http://rs.tdwg.org/dwc/terms/verbatimLocality,recommended
event,verbatimElevation,,,,,Verbatim Elevation,An original description of the elevation of a dcterms:Location.,,`100-200 m`,string,default,,,,,dwc,http://rs.tdwg.org/dwc/terms/verbatimElevation,recommended
event,verbatimDepth,,,,,Verbatim Depth,The original description of the depth below the local surface.,,`100-200 m`,string,default,,,,,dwc,http://rs.tdwg.org/dwc/terms/verbatimDepth,recommended
event,verbatimCoordinates,,,,,Verbatim Coordinates,Verbatim original spatial coordinates of a dcterms:Location.,"The coordinate ellipsoid, geodeticDatum, or full Spatial Reference System (SRS) for these coordinates should be stored in dwc:verbatimSRS and the coordinate system should be stored in dwc:verbatimCoordinateSystem.",`41 05 54S 121 05 34W`; `17T 630000 4833400`,string,default,,,,,dwc,http://rs.tdwg.org/dwc/terms/verbatimCoordinates,recommended
event,verbatimLatitude,,,,,Verbatim Latitude,A verbatim original latitude of a dcterms:Location.,"The coordinate ellipsoid, geodeticDatum, or full Spatial Reference System (SRS) for these coordinates should be stored in dwc:verbatimSRS and the coordinate system should be stored in dwc:verbatimCoordinateSystem.",`41 05 54.03S`,string,default,,,,,dwc,http://rs.tdwg.org/dwc/terms/verbatimLatitude,recommended
event,verbatimLongitude,,,,,Verbatim Longitude,A verbatim original longitude of a dcterms:Location.,"The coordinate ellipsoid, geodeticDatum, or full Spatial Reference System (SRS) for these coordinates should be stored in dwc:verbatimSRS and the coordinate system should be stored in dwc:verbatimCoordinateSystem.","`121d 10' 34"" W`",string,default,,,,,dwc,http://rs.tdwg.org/dwc/terms/verbatimLongitude,recommended
event,verbatimCoordinateSystem,,,,,Verbatim Coordinate System,A coordinate format for dwc:verbatimLatitude and dwc:verbatimLongitude or dwc:verbatimCoordinates.,"Recommended best practice is to use a controlled vocabulary. This term has an equivalent in the dwciri: namespace that allows only an IRI as a value, whereas this term allows for any string literal value.",`decimal degrees`; `degrees decimal minutes`; `degrees minutes seconds`; `UTM`,string,default,,,,,dwc,http://rs.tdwg.org/dwc/terms/verbatimCoordinateSystem,recommended
event,verbatimSRS,,,,,Verbatim SRS,"The ellipsoid, geodetic datum, or spatial reference system (SRS) upon which coordinates given in dwc:verbatimLatitude and dwc:verbatimLongitude, or dwc:verbatimCoordinates are based.","Recommended best practice is to use the EPSG code of the SRS, if known. Otherwise use a controlled vocabulary for the name or code of the geodetic datum, if known. Otherwise use a controlled vocabulary for the name or code of the ellipsoid, if known. If none of these is known, use the value `not recorded`. This term has an equivalent in the dwciri: namespace that allows only an IRI as a value, whereas this term allows for any string literal value.",`EPSG:4326`; `WGS84`; `NAD27`; `Campo Inchauspe`; `European 1950`; `Clarke 1866`; `not recorded`,string,default,,,,,dwc,http://rs.tdwg.org/dwc/terms/verbatimSRS,recommended
event,georeferenceVerificationStatus,,,,,Georeference Verification Status,A categorical description of the extent to which the georeference has been verified to represent the best possible spatial description for the dcterms:Location of the dwc:Occurrence.,"Recommended best practice is to use a controlled vocabulary. This term has an equivalent in the dwciri: namespace that allows only an IRI as a value, whereas this term allows for any string literal value.",`unable to georeference`; `requires georeference`; `requires verification`; `verified by data custodian`; `verified by contributor`,string,default,,,,,dwc,http://rs.tdwg.org/dwc/terms/georeferenceVerificationStatus,recommended
event,habitat,,,,,Habitat,A category or description of the habitat in which the dwc:Event occurred.,"This term has an equivalent in the dwciri: namespace that allows only an IRI as a value, whereas this term allows for any string literal value.",`oak savanna`; `pre-cordilleran steppe`,string,default,,,,,dwc,http://rs.tdwg.org/dwc/terms/habitat,recommended
event,isVegetationCoverReported,,,,,Is Vegetation Cover Reported,A vegetation cover metric was reported.,Typically values or descriptions of vegetation cover would be captured under the term eco:verbatimSiteDescriptions. Recommended best practice is to follow the TDWG Boolean Controlled Vocabulary http://rs.tdwg.org/tag/doc/boolean/.,`true`; `false`,boolean,default,,,,,eco,http://rs.tdwg.org/eco/terms/isVegetationCoverReported,recommended
event,sampledSubstrateCategory,,,,,Sampled Substrate Category,A category or type of substrate sampled during a dwc:Event.,Recommended best practice is to use a controlled vocabulary and separate the values in a list with space vertical bar space ( | ).,`vegetation`; `soil`; `ocean`,string,default,,,,,dwc,http://rs.tdwg.org/dwc/terms/sampledSubstrateCategory,recommended
event,sampledSubstrateLayer,,,,,Sampled Substrate Layer,A list (concatenated and separated) of substrate layers sampled during a dwc:Event.,Recommended best practice is to use a controlled vocabulary and separate the values in a list with space vertical bar space ( | ).,`forest floor`; `herbaceous | shrub`; `understory`; `canopy`; `organic (O)`; `surface (A)`; `eluviated (E)`; `subsoil (B)`; `parent material (C)`; `bedrock (R)`; `epipelagic | mesopelagic`; `bathypelagic`; `abysopelagic`; `hadalpelagic`,string,default,,,,,dwc,http://rs.tdwg.org/dwc/terms/sampledSubstrateLayer,recommended
event,fieldNotes,,,,,Field Notes,"One of a) an indicator of the existence of, b) a reference to (publication, URI), or c) the text of notes taken in the field about the dwc:Event.","This term has an equivalent in the dwciri: namespace that allows only an IRI as a value, whereas this term allows for any string literal value.",`Notes available in the Grinnell-Miller Library.`,string,default,,,,,dwc,http://rs.tdwg.org/dwc/terms/fieldNotes,recommended
event,reportedExtremeConditions,,,,,Reported Extreme Conditions,A description of any extreme weather or environmental conditions that may have affected a dwc:Event.,,"`{""minimumTemperatureInDegreesFahrenheit"": 18, ""maximumTemperatureInDegreesFahrenheit"": 32}`",string,default,,,,,eco,http://rs.tdwg.org/eco/terms/reportedExtremeConditions,recommended
event,reportedWeather,,,,,Reported Weather,A list of weather or climatic conditions present during a dwc:Event.,Recommended best practice is to use a key:value encoding schema for a data interchange format such as JSON.,`flooding during week 3 of surveys`; `rockslide at site 2`,string,default,,,,,eco,http://rs.tdwg.org/eco/terms/reportedWeather,recommended
event,eventReferences,,,,,Event References,A list (concatenated and separated) of dcterms:BibliographicResources associated with a dwc:Event.,"Recommended best practice is to separate the values in a list with space vertical bar space ( | ). Note that the intended usage of the term dcterms:references in Darwin Core is to point to the definitive source representation of the resource, if one is available. Note also that the intended usage of dcterms:bibliographicCitation in Darwin Core is to provide the preferred way to cite the resource itself.","`http://www.sciencemag.org/cgi/content/abstract/322/5899/261`; `Christopher J. Conroy, Jennifer L. Neuwald. 2008. Phylogeographic study of the California vole, Microtus californicus Journal of Mammalogy, 89(3):755-767.`; `Steven R. Hoofer and Ronald A. Van Den Bussche. 2001. Phylogenetic Relationships of Plecotine Bats and Allies Based on Mitochondrial Ribosomal Sequences. Journal of Mammalogy 82(1):131-137. | Walker, Faith M., Jeffrey T. Foster, Kevin P. Drees, Carol L. Chambers. 2014. Spotted bat (Euderma maculatum) microsatellite discovery using illumina sequencing. Conservation Genetics Resources.`; `https://doi.org/10.3897/BDJ.14.e177525`",string,default,,,,,dwc,http://rs.tdwg.org/dwc/terms/associatedReferences,recommended
event,eventRemarks,,,,,Event Remarks,Comments or notes about the dwc:Event.,,`After the recent rains the river is nearly at flood stage.`,string,default,,,,,dwc,http://rs.tdwg.org/dwc/terms/eventRemarks,recommended
event,geologicalContext_fk,fk,within,geological-context,geologicalContext_pk,Geological Context (Foreign Key),An identifier for a dwc:GeologicalContext.,The value in this field MAY be changed in aggregation to preserve the relationship to the related primary key.,,string,default,FALSE,FALSE,,,dwc,http://rs.tdwg.org/dwc/terms/geologicalContextID,recommended
event,geologicalContextID,wfk,within,geological-context,geologicalContextID,Geological Context ID,An identifier for a dwc:GeologicalContext.,The value in this field may refer to a dwc:GeologicalContext within or external to the dataset in which this record originated.,`https://opencontext.org/subjects/e54377f7-4452-4315-b676-40679b10c4d9`,string,default,FALSE,FALSE,,,dwc,http://rs.tdwg.org/dwc/terms/geologicalContextID,recommended
event,locationID,,,,,Location ID,An identifier for a dcterms:Location.,Recommended best practice is to use a globally unique identifier.,`https://opencontext.org/subjects/768A875F-E205-4D0B-DE55-BAB7598D0FD1`,string,default,,,,,dwc,http://rs.tdwg.org/dwc/terms/locationID,recommended
event,siteNumber,,,,,Site Number,An identifier (preferably globally unambiguous) for a named site.,,`USGS CENO LOC 21387`,string,default,,,,,dwc,http://rs.tdwg.org/dwc/terms/siteNumber,recommended
event,higherGeographyID,,,,,Higher Geography ID,An identifier for the geographic region within which the dcterms:Location occurred.,Recommended best practice is to use a persistent identifier from a controlled vocabulary such as the Getty Thesaurus of Geographic Names.,"`http://vocab.getty.edu/tgn/1002002` (Antártida e Islas del Atlántico Sur, Territorio Nacional de la Tierra del Fuego, Argentina).",string,default,,,,,dwc,http://rs.tdwg.org/dwc/terms/higherGeographyID,recommended
event,higherGeography,,,,,Higher Geography,A list (concatenated and separated) of geographic names less specific than the information captured in the dwc:locality term.,"Recommended best practice is to separate the values in a list with space vertical bar space (` | `), with terms in order from least specific to most specific.","`North Atlantic Ocean`; `South America | Argentina | Patagonia | Parque Nacional Nahuel Huapi | Neuquén | Los Lagos` with accompanying values `South America` (continent) `Argentina` (country), `Neuquén` (first order division), and `Los Lagos` (second order division)",string,default,,,,,dwc,http://rs.tdwg.org/dwc/terms/higherGeography,recommended
event,continent,,,,,Continent,The name of the continent in which the dcterms:Location occurs.,"Recommended best practice is to use a controlled vocabulary such as the Getty Thesaurus of Geographic Names. Recommended best practice is to leave this field blank if the dcterms:Location spans multiple entities at this administrative level or if the dcterms:Location might be in one or another of multiple possible entities at this level. Multiplicity and uncertainty of the geographic entity can be captured either in the term dwc:higherGeography or in the term dwc:locality, or both.",`Africa`; `Antarctica`; `Asia`; `Europe`; `North America`; `Oceania`; `South America`,string,default,,,,,dwc,http://rs.tdwg.org/dwc/terms/continent,recommended
event,waterBody,,,,,Water Body,The name of the water body in which the dcterms:Location occurs.,Recommended best practice is to use a controlled vocabulary such as the Getty Thesaurus of Geographic Names.,`Indian Ocean`; `Baltic Sea`; `Hudson River`; `Lago Nahuel Huapi`,string,default,,,,,dwc,http://rs.tdwg.org/dwc/terms/waterBody,recommended
event,islandGroup,,,,,Island Group,The name of the island group in which the dcterms:Location occurs.,Recommended best practice is to use a controlled vocabulary such as the Getty Thesaurus of Geographic Names.,`Alexander Archipelago`; `Archipiélago Diego Ramírez`; `Seychelles`,string,default,,,,,dwc,http://rs.tdwg.org/dwc/terms/islandGroup,recommended
event,island,,,,,Island,The name of the island on or near which the dcterms:Location occurs.,Recommended best practice is to use a controlled vocabulary such as the Getty Thesaurus of Geographic Names.,`Nosy Be`; `Bikini Atoll`; `Vancouver`; `Viti Levu`; `Zanzibar`,string,default,,,,,dwc,http://rs.tdwg.org/dwc/terms/island,recommended
event,country,,,,,Country,The name of the country or major administrative unit in which the dcterms:Location occurs.,"Recommended best practice is to use a controlled vocabulary such as the Getty Thesaurus of Geographic Names. Recommended best practice is to leave this field blank if the dcterms:Location spans multiple entities at this administrative level or if the dcterms:Location might be in one or another of multiple possible entities at this level. Multiplicity and uncertainty of the geographic entity can be captured either in the term dwc:higherGeography or in the term dwc:locality, or both.",`Denmark`; `Colombia`; `España`,string,default,,,,,dwc,http://rs.tdwg.org/dwc/terms/country,recommended
event,countryCode,,,,,Country Code,The standard code for the country in which the dcterms:Location occurs.,"Recommended best practice is to use an ISO 3166-1-alpha-2 country code, or 'ZZ' (for an unknown location or a location unassignable to a single country code), or 'XZ' (for the high seas beyond national jurisdictions). Multiplicity and uncertainty of the geographic entity can be captured either in the term dwc:higherGeography or in the term dwc:locality, or both.",`AR`; `SV`; `XZ`; `ZZ`,string,default,,,,,dwc,http://rs.tdwg.org/dwc/terms/countryCode,recommended
event,stateProvince,,,,,First Order Division,"The name of the next smaller administrative region than country (state, province, canton, department, region, etc.) in which the dcterms:Location occurs.","Recommended best practice is to use a controlled vocabulary such as the Getty Thesaurus of Geographic Names. Recommended best practice is to leave this field blank if the dcterms:Location spans multiple entities at this administrative level or if the dcterms:Location might be in one or another of multiple possible entities at this level. Multiplicity and uncertainty of the geographic entity can be captured either in the term dwc:higherGeography or in the term dwc:locality, or both.",`Montana`; `Minas Gerais`; `Córdoba`,string,default,,,,,dwc,http://rs.tdwg.org/dwc/terms/stateProvince,recommended
event,county,,,,,Second Order Division,"The full, unabbreviated name of the next smaller administrative region than stateProvince (county, shire, department, etc.) in which the dcterms:Location occurs.","Recommended best practice is to use a controlled vocabulary such as the Getty Thesaurus of Geographic Names. Recommended best practice is to leave this field blank if the dcterms:Location spans multiple entities at this administrative level or if the dcterms:Location might be in one or another of multiple possible entities at this level. Multiplicity and uncertainty of the geographic entity can be captured either in the term dwc:higherGeography or in the term dwc:locality, or both.",`Missoula`; `Los Lagos`; `Mataró`,string,default,,,,,dwc,http://rs.tdwg.org/dwc/terms/county,recommended
event,municipality,,,,,Municipality,"The full, unabbreviated name of the next smaller administrative region than county (city, municipality, etc.) in which the dcterms:Location occurs. Do not use this term for a nearby named place that does not contain the actual dcterms:Location.","Recommended best practice is to use a controlled vocabulary such as the Getty Thesaurus of Geographic Names. Recommended best practice is to leave this field blank if the dcterms:Location spans multiple entities at this administrative level or if the dcterms:Location might be in one or another of multiple possible entities at this level. Multiplicity and uncertainty of the geographic entity can be captured either in the term dwc:higherGeography or in the term dwc:locality, or both.",`Holzminden`; `Araçatuba`; `Ga-Segonyana`,string,default,,,,,dwc,http://rs.tdwg.org/dwc/terms/municipality,recommended
event,locality,,,,,Locality,The specific description of the place.,"Less specific geographic information can be provided in other geographic terms (dwc:higherGeography, dwc:continent, dwc:country, dwc:stateProvince, dwc:county, dwc:municipality, dwc:waterBody, dwc:island, dwc:islandGroup). This term may contain information modified from the original to correct perceived errors or standardize the description.","`Bariloche, 25 km NNE via Ruta Nacional 40 (=Ruta 237)`; `Queets Rainforest, Olympic National Park`",string,default,,,,,dwc,http://rs.tdwg.org/dwc/terms/locality,recommended
event,namedPlace,,,,,Named Place,"The full, unabbreviated name of a geographic location not otherwise categorized by a dcterms:Location property that is naturally occurring or anthropogenic in origin within a historical, administrative, or cultural context in which a dcterms:Location occurs.","Recommended best practice is to leave this field blank if the dcterms:Location spans multiple entities or may be in multiple possible entities that meet the term definition.  For named places represented as URIs or global unique identifiers, please use dwc:locationID.","`11th Level, Bergwerksglücker Lode, Wiemannsbucht Mine`; `Craigleith Quarry`; `Red Cloud Mine`; `NEON Niwot Ridge Mountain Research Station (NIWO)`; `Hagerman Fossil Beds`; `Mauna Kea`",string,default,,,,,dwc,http://rs.tdwg.org/dwc/terms/namedPlace,recommended
event,minimumElevationInMeters,,,,,Minimum Elevation In Meters,"The least elevation within a range of elevations, measured relative to the vertical reference surface indicated by the value of dwc:verticalDatum.",See https://docs.gbif.org/georeferencing-best-practices/1.0/en/#img-depth-elevation-distance-above-surface.,`-100`; `802`,number,default,,,,,dwc,http://rs.tdwg.org/dwc/terms/minimumElevationInMeters,recommended
event,maximumElevationInMeters,,,,,Maximum Elevation In Meters,"The greatest elevation within a range of elevations, measured relative to the vertical reference surface indicated by the value of dwc:verticalDatum.",See https://docs.gbif.org/georeferencing-best-practices/1.0/en/#img-depth-elevation-distance-above-surface.,`-205`; `1236`,number,default,,,,,dwc,http://rs.tdwg.org/dwc/terms/maximumElevationInMeters,recommended
event,verticalDatum,,,,,Vertical Datum,The vertical datum used as the reference upon which the values in the elevation terms are based.,"Recommended best practice is to use a controlled vocabulary. This term has an equivalent in the dwciri: namespace that allows only an IRI as a value, whereas this term allows for any string literal value.",`EGM84`; `EGM96`; `EGM2008`; `PGM2000A`; `PGM2004`; `PGM2006`; `PGM2007`; `EPSG:7030`; `not recorded`,string,default,,,,,dwc,http://rs.tdwg.org/dwc/terms/verticalDatum,recommended
event,minimumDepthInMeters,,,,,Minimum Depth In Meters,"The least depth within a range of depths, measured relative to the vertical reference surface indicated by the value of dwc:verticalDatum.",See https://docs.gbif.org/georeferencing-best-practices/1.0/en/#img-depth-elevation-distance-above-surface.,`0`; `100`,number,default,,,0,11000,dwc,http://rs.tdwg.org/dwc/terms/minimumDepthInMeters,recommended
event,maximumDepthInMeters,,,,,Maximum Depth In Meters,"The greatest depth within a range of depths, measured relative to the vertical reference surface indicated by the value of dwc:verticalDatum.",See https://docs.gbif.org/georeferencing-best-practices/1.0/en/#img-depth-elevation-distance-above-surface.,`0`; `200`,number,default,,,0,11000,dwc,http://rs.tdwg.org/dwc/terms/maximumDepthInMeters,recommended
event,minimumDistanceAboveSurfaceInMeters,,,,,Minimum Distance Above Surface In Meters,"The lesser distance in a range of distance from a reference surface in the vertical direction, in meters. Use positive values for locations above the surface, negative values for locations below. If depth measures are given, the reference surface is the location given by the depth, otherwise the reference surface is the location given by the elevation.",See https://docs.gbif.org/georeferencing-best-practices/1.0/en/#img-depth-elevation-distance-above-surface.,"`-1.5` (below the surface); `4.2` (above the surface); For a 1.5 meter sediment core from the bottom of a lake (at depth 20m) at 300m elevation: verbatimElevation: `300m` minimumElevationInMeters: `300`, maximumElevationInMeters: `300`, verbatimDepth: `20m`, minimumDepthInMeters: `20`, maximumDepthInMeters: `20`, minimumDistanceAboveSurfaceInMeters: `0`, maximumDistanceAboveSurfaceInMeters: `-1.5`.",number,default,,,,,dwc,http://rs.tdwg.org/dwc/terms/minimumDistanceAboveSurfaceInMeters,recommended
event,maximumDistanceAboveSurfaceInMeters,,,,,Maximum Distance Above Surface In Meters,"The greater distance in a range of distance from a reference surface in the vertical direction, in meters. Use positive values for locations above the surface, negative values for locations below. If depth measures are given, the reference surface is the location given by the depth, otherwise the reference surface is the location given by the elevation.",See https://docs.gbif.org/georeferencing-best-practices/1.0/en/#img-depth-elevation-distance-above-surface.,"`-1.5` (below the surface); `4.2` (above the surface); For a 1.5 meter sediment core from the bottom of a lake (at depth 20m) at 300m elevation: verbatimElevation: `300m` minimumElevationInMeters: `300`, maximumElevationInMeters: `300`, verbatimDepth: `20m`, minimumDepthInMeters: `20`, maximumDepthInMeters: `20`, minimumDistanceAboveSurfaceInMeters: `0`, maximumDistanceAboveSurfaceInMeters: `-1.5`.",number,default,,,,,dwc,http://rs.tdwg.org/dwc/terms/maximumDistanceAboveSurfaceInMeters,recommended
event,locationAccordingTo,,,,,Location According To,"Information about the source of this dcterms:Location information. Could be a publication (gazetteer), institution, or team of individuals.","This term has an equivalent in the dwciri: namespace that allows only an IRI as a value, whereas this term allows for any string literal value.",`Getty Thesaurus of Geographic Names`; `GADM`,string,default,,,,,dwc,http://rs.tdwg.org/dwc/terms/locationAccordingTo,recommended
event,locationRemarks,,,,,Location Remarks,Comments or notes about the dcterms:Location.,,`under water since 2005`,string,default,,,,,dwc,http://rs.tdwg.org/dwc/terms/locationRemarks,recommended
event,decimalLatitude,,,,,Decimal Latitude,"A geographic latitude (in decimal degrees, using the spatial reference system given in dwc:geodeticDatum) of a dcterms:Location.","Positive values are north of the Equator, negative values are south of it. Valid values lie between -90 and 90, inclusive.",`-41.0983423`,number,default,,,-90,90,dwc,http://rs.tdwg.org/dwc/terms/decimalLatitude,recommended
event,decimalLongitude,,,,,Decimal Longitude,"A geographic longitude (in decimal degrees, using the spatial reference system given in dwc:geodeticDatum) of a dcterms:Location.","Positive values are east of the Greenwich Meridian, negative values are west of it. Valid values lie between -180 and 180, inclusive.",`-121.1761111`,number,default,,,-180,180,dwc,http://rs.tdwg.org/dwc/terms/decimalLongitude,recommended
event,geodeticDatum,,,,,Geodetic Datum,"The ellipsoid, geodetic datum, or spatial reference system (SRS) upon which the geographic coordinates given in dwc:decimalLatitude and dwc:decimalLongitude are based.","Recommended best practice is to use the EPSG code of the SRS, if known. Otherwise use a controlled vocabulary for the name or code of the geodetic datum, if known. Otherwise use a controlled vocabulary for the name or code of the ellipsoid, if known. If none of these is known, use the value `not recorded`. This term has an equivalent in the dwciri: namespace that allows only an IRI as a value, whereas this term allows for a string literal value.",`EPSG:4326`; `WGS84`; `NAD27`; `Campo Inchauspe`; `European 1950`; `Clarke 1866`; `not recorded`,string,default,,,,,dwc,http://rs.tdwg.org/dwc/terms/geodeticDatum,recommended
event,coordinateUncertaintyInMeters,,,,,Coordinate Uncertainty In Meters,A horizontal distance (in meters) from a given dwc:decimalLatitude and dwc:decimalLongitude describing the smallest circle containing the whole of the dcterms:Location. Zero is not a valid value for this term.,"Leave the value empty if the uncertainty is unknown, cannot be estimated, or is not applicable (because there are no coordinates).",`30` (reasonable lower limit on or after 2000-05-01 of a GPS reading under good conditions if the actual precision was not recorded at the time); `100` (reasonable lower limit before 2000-05-01 of a GPS reading under good conditions if the actual precision was not recorded at the time); `71` (uncertainty for a UTM coordinate having 100 meter precision and a known spatial reference system),number,default,,,1,20037509,dwc,http://rs.tdwg.org/dwc/terms/coordinateUncertaintyInMeters,recommended
event,coordinatePrecision,,,,,Coordinate Precision,A decimal representation of the precision of the coordinates given in the dwc:decimalLatitude and dwc:decimalLongitude.,,`0.00001` (normal GPS limit for decimal degrees); `0.000278` (nearest second); `0.01667` (nearest minute); `1.0` (nearest degree),number,default,,,,,dwc,http://rs.tdwg.org/dwc/terms/coordinatePrecision,recommended
event,pointRadiusSpatialFit,,,,,Point Radius Spatial Fit,"A ratio of the area of a point-radius (dwc:decimalLatitude, dwc:decimalLongitude, dwc:coordinateUncertaintyInMeters) to the area of a true (original, or most specific) spatial representation of a dcterms:Location.","Legal values are 0, greater than or equal to 1, or undefined. A value of 1 is an exact match or 100% overlap. A value of 0 should be used if the given point-radius does not completely contain the original representation. The pointRadiusSpatialFit is undefined (and should be left empty) if the original representation is any geometry without area (e.g., a point or polyline) and without uncertainty and the given georeference is not that same geometry (without uncertainty). If both the original and the given georeference are the same point, the pointRadiusSpatialFit is 1. Detailed explanations with graphical examples can be found in the Georeferencing Best Practices, Chapman and Wieczorek, 2020 (https://doi.org/10.15468/doc-gg7h-s853).",`0`; `1`; `1.5708`,number,default,,,0,,dwc,http://rs.tdwg.org/dwc/terms/pointRadiusSpatialFit,recommended
event,footprintWKT,,,,,Footprint WKT,"A Well-Known Text (WKT) representation of the shape (footprint, geometry) that defines a dcterms:Location.","A dcterms:Location may have both a point-radius representation (see dwc:decimalLatitude) and a footprint representation, and they may differ from each other.","`POLYGON ((10 20, 11 20, 11 21, 10 21, 10 20))` (the one-degree bounding box with opposite corners at longitude=10, latitude=20 and longitude=11, latitude=21)",string,default,,,,,dwc,http://rs.tdwg.org/dwc/terms/footprintWKT,recommended
event,footprintSRS,,,,,Footprint SRS,"The ellipsoid, geodetic datum, or spatial reference system (SRS) upon which the geometry given in dwc:footprintWKT is based.","Recommended best practice is to use the EPSG code of the SRS, if known. Otherwise use a controlled vocabulary for the name or code of the geodetic datum, if known. Otherwise use a controlled vocabulary for the name or code of the ellipsoid, if known. If none of these is known, use the value `not recorded`. It is also permitted to provide the SRS in Well-Known-Text, especially if no EPSG code provides the necessary values for the attributes of the SRS. Do not use this term to describe the SRS of the dwc:decimalLatitude and dwc:decimalLongitude, nor of any verbatim coordinates - use the dwc:geodeticDatum and dwc:verbatimSRS instead. This term has an equivalent in the dwciri: namespace that allows only an IRI as a value, whereas this term allows for any string literal value.","`EPSG:4326`; `GEOGCS[""GCS_WGS_1984"", DATUM[""D_WGS_1984"", SPHEROID[""WGS_1984"",6378137,298.257223563]], PRIMEM[""Greenwich"",0], UNIT[""Degree"",0.0174532925199433]]` (WKT for the standard WGS84 Spatial Reference System EPSG:4326); `not recorded`",string,default,,,,,dwc,http://rs.tdwg.org/dwc/terms/footprintSRS,recommended
event,footprintSpatialFit,,,,,Footprint Spatial Fit,"A ratio of the area of a footprint (dwc:footprintWKT) to the area of a true (original, or most specific) spatial representation of a dcterms:Location.","Legal values are 0, greater than or equal to 1, or undefined. A value of 1 is an exact match or 100% overlap. A value of 0 should be used if the given footprint does not completely contain the original representation. A dwc:footprintSpatialFit is undefined (and should be left empty) if the original representation is any geometry without area (e.g., a point or polyline) and without uncertainty and the given georeference is not that same geometry (without uncertainty). If both the original and the given georeference are the same point, a dwc:footprintSpatialFit is 1. Detailed explanations with graphical examples can be found in the Georeferencing Best Practices, Chapman and Wieczorek, 2020 (https://doi.org/10.15468/doc-gg7h-s853).",`0`; `1`; `1.5708`,number,default,,,,,dwc,http://rs.tdwg.org/dwc/terms/footprintSpatialFit,recommended
event,georeferencedBy,,,,,Georeferenced By,A name for a dcterms:Agent responsible for providing a georeference.,"Recommended best practice is to separate the values in a list with space vertical bar space (` | `). This term has an equivalent in the dwciri: namespace that allows only an IRI as a value, whereas this term allows for any string literal value.",`Brad Millen (ROM)`; `Kristina Yamamoto | Janet Fang`,string,default,,,,,dwc,http://rs.tdwg.org/dwc/terms/georeferencedBy,recommended
event,georeferencedBy_fk,fk,georeferenced by,agent,agent_pk,Georeferenced By (Foreign Key),An identifier for a dcterms:Agent responsible for determining a georeference for a dwc:Event.,The value in this field MAY be changed in aggregation to preserve the relationship to the related primary key.,,string,default,FALSE,FALSE,,,dwc,http://rs.tdwg.org/dwc/terms/agentID,recommended
event,georeferencedByID,wfk,georeferenced by,agent,agentID,Georeferenced By ID,An identifier for a dcterms:Agent responsible for determining a georeference for a dwc:Event.,The value in this field MAY refer to a dcterms:Agent within or external to the dataset in which this record originated.,`https://orcid.org/0000-0002-1825-0097`,string,default,FALSE,FALSE,,,dwc,http://rs.tdwg.org/dwc/terms/agentID,recommended
event,georeferencedDate,,,,,Georeferenced Date,The date on which the dcterms:Location was georeferenced.,Recommended best practice is to use a date that conforms to ISO 8601-1:2019.,`1963-03-08T14:07-06:00` (8 Mar 1963 at or after 2:07pm and before 2:08pm in the time zone six hours earlier than UTC); `2009-02-20T08:40Z` (20 February 2009 at or after 8:40am and before 8:41 UTC); `2018-08-29T15:19` (29 August 2018 at or after 3:19pm and before 3:20pm local time); `1809-02-12` (within the day 12 February 1809); `1906-06` (in the month of June 1906); `1971` (in the year 1971); `2007-03-01T13:00:00Z/2008-05-11T15:30:00Z` (some time within the interval beginning 1 March 2007 at 1pm UTC and before 11 May 2008 at 3:30pm UTC); `1900/1909` (some time within the interval between the beginning of the year 1900 and before the year 1909); `2007-11-13/15` (some time in the interval between the beginning of 13 November 2007 and before 15 November 2007),string,default,,,,,dwc,http://rs.tdwg.org/dwc/terms/georeferencedDate,recommended
event,georeferenceProtocol,,,,,Georeference Protocol,"A description or reference to a dwc:Protocol used to determine a spatial footprint, coordinates, and uncertainties.","This term has an equivalent in the dwciri: namespace that allows only an IRI as a value, whereas this term allows for any string literal value.","`Georeferencing Quick Reference Guide (Zermoglio et al. 2020, https://doi.org/10.35035/e09p-h128)`",string,default,,,,,dwc,http://rs.tdwg.org/dwc/terms/georeferenceProtocol,recommended
event,georeferenceProtocol_fk,fk,followed,protocol,protocol_pk,Georeference Protocol (Foreign Key),"An identifier for a dwc:Protocol used to determine a spatial footprint, coordinates, and uncertainties.",The value in this field MAY be changed in aggregation to preserve the relationship to the related primary key.,,string,default,FALSE,FALSE,,,dwc,http://rs.tdwg.org/dwc/terms/protocolID,recommended
event,georeferenceSources,,,,,Georeference Sources,"A list (concatenated and separated) of maps, gazetteers, or other resources used to georeference a dcterms:Location, described specifically enough to allow anyone in the future to use the same resources.","Recommended best practice is to separate the values in a list with space vertical bar space (` | `). This term has an equivalent in the dwciri: namespace that allows only an IRI as a value, whereas this term allows for any string literal value.",`GeoLocate`; `GeoPick`; `https://www.geonames.org/`; `USGS 1:24000 Florence Montana Quad 1967 | Terrametrics 2008 on Google Earth`,string,default,,,,,dwc,http://rs.tdwg.org/dwc/terms/georeferenceSources,recommended
event,georeferenceRemarks,,,,,Georeference Remarks,"Comments or notes about the spatial description determination, explaining assumptions made in addition or opposition to the those formalized in the method referred to in dwc:georeferenceProtocol.",,`Assumed distance by road (Hwy. 101)`,string,default,,,,,dwc,http://rs.tdwg.org/dwc/terms/georeferenceRemarks,recommended
event,preferredSpatialRepresentation,,,,,Preferred Spatial Representation,An indication of which spatial representation best represents the dcterms:Location.,"Recommended best practice is to use a controlled vocabulary. This term has an equivalent in the dwciri: namespace that allows only an IRI as a value, whereas this term allows for any string literal value.",`point-radius`; `footprint`,string,default,,,,,dwc,http://rs.tdwg.org/dwc/terms/preferredSpatialRepresentation,recommended
event,informationWithheld,,,,,Information Withheld,"Additional information that exists about a resource, but that is not shared publicly. Suggests that alternative data of higher quality may be available on request.","This term has an equivalent in the dwciri: namespace that allows only an IRI as a value, whereas this term allows for any string literal value.",`location information not given for endangered species`; `collector identities withheld | ask about tissue samples`,string,default,,,,,dwc,http://rs.tdwg.org/dwc/terms/informationWithheld,recommended
event,dataGeneralizations,,,,,Data Generalizations,Actions taken to make the shared data less specific or complete than in its original form. Suggests that alternative data of higher quality may be available on request.,"This term has an equivalent in the dwciri: namespace that allows only an IRI as a value, whereas this term allows for any string literal value.",`Coordinates generalized from original GPS coordinates to the nearest half degree grid cell.`,string,default,,,,,dwc,http://rs.tdwg.org/dwc/terms/dataGeneralizations,recommended
event,feedbackURL,,,,,Feedback URL,A uniform resource locator (URL) that points to a webpage on which a form may be submitted to gather feedback about the record.,Recommended best practice is to optionally include query strings that act to pre-populate web page form elements and communicate the context.,`https://example.com/new?title=New+issue&body=This+comment+is+about+CAN12345`,string,default,,,,,dwc,http://rs.tdwg.org/dwc/terms/feedbackURL,recommended
event-agent-role,event_fk,fk,role for,event,event_pk,Event (Foreign Key),An identifier for a dwc:Event.,The value in this field MAY be changed in aggregation to preserve the relationship to the related primary key.,,string,default,FALSE,TRUE,,,dwc,http://rs.tdwg.org/dwc/terms/eventID,recommended
event-agent-role,agent_fk,fk,role holder,agent,agent_pk,Agent (Foreign Key),An identifier for a dcterms:Agent.,The value in this field MAY be changed in aggregation to preserve the relationship to the related primary key.,,string,default,FALSE,TRUE,,,dwc,http://rs.tdwg.org/dwc/terms/agentID,recommended
event-agent-role,agentRole,,,,,Agent Role,A category that best matches the nature of a role of a dcterms:Agent.,Recommended best practice is to use a controlled vocabulary for the roles appropriate to the class of resource a dcterms:AgentRole is related to.,,string,default,,,,,dwc,http://rs.tdwg.org/dwc/terms/relationshipOfResource,recommended
event-agent-role,agentRoleIRI,,,,,Agent Role IRI,An IRI of the controlled vocabulary value for a role of a dcterms:Agent.,Recommended best practice is to use an IRI for a term in a controlled vocabulary.,,string,default,,,,,dwciri,http://rs.tdwg.org/dwc/terms/relationshipOfResourceID,recommended
event-agent-role,agentRoleSource,,,,,Agent Role Source,A reference to a controlled vocabulary in which the definition of a value in dwc:agentRole is given.,,,string,default,,,,,dc,http://purl.org/dc/elements/1.1/source,recommended
event-agent-role,agentRoleOrder,,,,,Agent Role Order,"A numerical position of an AgentRole in a set of AgentRoles that have the same combination of agentRole, agentRoleIRI, agentRoleSource and related target identifier.","One could use dwc:agentRoleOrder to create an ordered list of collectors (dwc:agentRole = 'collector') for a dwc:MaterialEntity, for example. The first would have dwc:agentRoleOrder=1, the second would have dwc:agentRoleOrder=2.",,integer,default,,TRUE,1,,dwc,http://rs.tdwg.org/dwc/terms/agentRoleOrder,recommended
event-agent-role,agentRoleDate,,,,,Agent Role Date,An interval during which a dcterms:AgentRole was in effect.,Recommended best practice is to use a date that conforms to ISO 8601-1:2019.,`1963-03-08T14:07-06:00` (8 Mar 1963 at or after 2:07pm and before 2:08pm in the time zone six hours earlier than UTC); `2009-02-20T08:40Z` (20 February 2009 at or after 8:40am and before 8:41 UTC); `2018-08-29T15:19` (29 August 2018 at or after 3:19pm and before 3:20pm local time); `1809-02-12` (within the day 12 February 1809); `1906-06` (in the month of June 1906); `1971` (in the year 1971); `2007-03-01T13:00:00Z/2008-05-11T15:30:00Z` (some time within the interval beginning 1 March 2007 at 1pm UTC and before 11 May 2008 at 3:30pm UTC); `1900/1909` (some time within the interval between the beginning of the year 1900 and before the year 1909); `2007-11-13/15` (some time in the interval between the beginning of 13 November 2007 and before 15 November 2007),string,default,,,,,dwc,http://rs.tdwg.org/dwc/terms/assertionEffectiveDate,recommended
event-assertion,assertionID,wpk,,,,Assertion ID,An identifier for a dwc:Assertion.,Recommended best practice is to use a globally unique identifier.,,string,default,TRUE,FALSE,,,dwc,http://rs.tdwg.org/dwc/terms/assertionID,recommended
event-assertion,event_fk,fk,about,event,event_pk,Event (Foreign Key),An identifier for a dwc:Event.,The value in this field MAY be changed in aggregation to preserve the relationship to the related primary key.,,string,default,FALSE,TRUE,,,dwc,http://rs.tdwg.org/dwc/terms/eventID,recommended
event-assertion,verbatimAssertionType,,,,,Verbatim Assertion Type,A string representing the type of dwc:Assertion as it appeared in the original record.,"This term is meant to allow the capture of an unaltered original name for a dwc:assertionType. This term is meant to be used in addition to dwc:assertionType, not instead of it.",`water_temp`; `Fish biomass`; `sampling net mesh size`,string,default,,,,,dwc,http://rs.tdwg.org/dwc/terms/verbatimAssertionType,recommended
event-assertion,assertionType,,,,,Assertion Type,A category that best matches the nature of a dwc:Assertion.,"Recommended best practice is to use a controlled vocabulary. This term has an equivalent in the dwciri: namespace that allows only an IRI as a value, whereas this term allows for any string literal value.",`tail length`; `temperature`; `trap line length`; `survey area`; `trap type`,string,default,,,,,dwc,http://rs.tdwg.org/dwc/terms/assertionType,recommended
event-assertion,assertionTypeIRI,,,,,Assertion Type IRI,An IRI of a controlled vocabulary value for a type of dwc:Assertion.,Recommended best practice is to use an IRI for a term in a controlled vocabulary.,,string,default,,,,,dwciri,http://rs.tdwg.org/dwc/iri/measurementType,recommended
event-assertion,assertionTypeSource,,,,,Assertion Type Source,A reference to the controlled vocabulary in which the definition of a value in dwc:assertionType is given.,,,string,default,,,,,dc,http://purl.org/dc/elements/1.1/source,recommended
event-assertion,assertionMadeDate,,,,,Assertion Made Date,A date on which a dwc:Assertion was created.,Recommended best practice is to use a date that conforms to ISO 8601-1:2019.,`1963-03-08T14:07-06:00` (8 Mar 1963 at or after 2:07pm and before 2:08pm in the time zone six hours earlier than UTC); `2009-02-20T08:40Z` (20 February 2009 at or after 8:40am and before 8:41 UTC); `2018-08-29T15:19` (29 August 2018 at or after 3:19pm and before 3:20pm local time); `1809-02-12` (within the day 12 February 1809); `1906-06` (in the month of June 1906); `1971` (in the year 1971); `2007-03-01T13:00:00Z/2008-05-11T15:30:00Z` (some time within the interval beginning 1 March 2007 at 1pm UTC and before 11 May 2008 at 3:30pm UTC); `1900/1909` (some time within the interval between the beginning of the year 1900 and before the year 1909); `2007-11-13/15` (some time in the interval between the beginning of 13 November 2007 and before 15 November 2007),string,default,,,,,dwc,http://rs.tdwg.org/dwc/terms/assertionMadeDate,recommended
event-assertion,assertionEffectiveDate,,,,,Assertion Effective Date,A date-time or time interval during which an asserted state or measurement was deemed to be in effect.,Recommended best practice is to use a date that conforms to ISO 8601-1:2019.,`1963-03-08T14:07-06:00` (8 Mar 1963 at or after 2:07pm and before 2:08pm in the time zone six hours earlier than UTC); `2009-02-20T08:40Z` (20 February 2009 at or after 8:40am and before 8:41 UTC); `2018-08-29T15:19` (29 August 2018 at or after 3:19pm and before 3:20pm local time); `1809-02-12` (within the day 12 February 1809); `1906-06` (in the month of June 1906); `1971` (in the year 1971); `2007-03-01T13:00:00Z/2008-05-11T15:30:00Z` (some time within the interval beginning 1 March 2007 at 1pm UTC and before 11 May 2008 at 3:30pm UTC); `1900/1909` (some time within the interval between the beginning of the year 1900 and before the year 1909); `2007-11-13/15` (some time in the interval between the beginning of 13 November 2007 and before 15 November 2007),string,default,,,,,dwc,http://rs.tdwg.org/dwc/terms/assertionEffectiveDate,recommended
event-assertion,assertionValue,,,,,Assertion Value,An asserted value.,,,string,default,,,,,dwc,http://rs.tdwg.org/dwc/terms/assertionValue,recommended
event-assertion,assertionValueIRI,,,,,Assertion Value IRI,An IRI of the controlled vocabulary value for a value of a dwc:Assertion.,Recommended best practice is to use an IRI for a term in a controlled vocabulary.,,string,default,,,,,dwciri,http://rs.tdwg.org/dwc/iri/measurementValue,recommended
event-assertion,assertionValueSource,,,,,Assertion Value Source,A reference to a controlled vocabulary in which the definition of a value in dwc:assertionValue is given.,,,string,default,,,,,dc,http://purl.org/dc/elements/1.1/source,recommended
event-assertion,assertionUnit,,,,,Assertion Unit,Unit associated with the value in dwc:assertionValue.,"Recommended best practice is to use a controlled vocabulary such as the Ontology of Units of Measure http://www.wurvoc.org/vocabularies/om-1.8/ of SI units, derived units, or other non-SI units accepted for use within the SI. For units that are composed of multiple parts, use the patterns as given in ""A Primer for Communicating Mathematics via Plain Text"" (https://cse.sc.edu/~fenner/latex-ASCII.pdf) by Stephen Fenner (e.g., `g/cm^3` for grams per cubic centimeter). For other units, provide the value as a recognizable standard (e.g., '%') or written out in full and in the plural (e.g., `individuals`). It is fine to provide non-SI units in the original language of the dataset.",`m`; `s`; `g`; `ml`,string,default,,,,,dwc,http://rs.tdwg.org/dwc/terms/assertionUnit,recommended
event-assertion,assertionUnitIRI,,,,,Assertion Unit IRI,An IRI of a controlled vocabulary value for the unit of a dwc:assertionValue.,Recommended best practice is to use an IRI for a term in a controlled vocabulary.,,string,default,,,,,dwciri,http://rs.tdwg.org/dwc/iri/assertionUnit,recommended
event-assertion,assertionUnitSource,,,,,Assertion Unit Source,A reference to a controlled vocabulary in which the definition of the value in dwc:assertionUnit is given.,,,string,default,,,,,dc,http://purl.org/dc/elements/1.1/source,recommended
event-assertion,assertionError,,,,,Assertion Error,A description of the potential error associated with a dwc:assertionValue.,,`0.01`; `normal distribution with variation of 2 m`,string,default,,,,,dwc,http://rs.tdwg.org/dwc/terms/assertionError,recommended
event-assertion,assertionBy,,,,,Assertion By,A list (concatenated and separated) of names of dcterms:Agents responsible for making a dwc:Assertion.,Recommended best practice is to separate the values in a list with space vertical bar space (` | `).,,string,default,,,,,dwc,http://rs.tdwg.org/dwc/terms/assertionBy,recommended
event-assertion,assertionBy_fk,fk,asserted by,agent,agent_pk,Assertion By (Foreign Key),An identifier for a dcterms:Agent responsible for making a dwc:Assertion.,The value in this field MAY be changed in aggregation to preserve the relationship to the related primary key.,,string,default,FALSE,FALSE,,,dwc,http://rs.tdwg.org/dwc/terms/agentID,recommended
event-assertion,assertionByID,wfk,asserted by,agent,agentID,Assertion By ID,An identifier for a dcterms:Agent responsible for making a dwc:Assertion.,The value in this field MAY refer to a dcterms:Agent within or external to the dataset in which this record originated.,`https://orcid.org/0000-0002-1825-0097`,string,default,FALSE,FALSE,,,dwc,http://rs.tdwg.org/dwc/terms/agentID,recommended
event-assertion,assertionProtocols,,,,,Assertion Protocols,"Names of, references to, or descriptions of dwc:Protocols used in making a dwc:Assertion.",,,string,default,,,,,dwc,http://rs.tdwg.org/dwc/terms/assertionProtocols,recommended
event-assertion,assertionProtocol_fk,fk,followed,protocol,protocol_pk,Assertion Protocol (Foreign Key),An identifier for a dwc:Protocol used to make a dwc:Assertion.,The value in this field MAY be changed in aggregation to preserve the relationship to the related primary key.,,string,default,FALSE,FALSE,,,dwc,http://rs.tdwg.org/dwc/terms/protocolID,recommended
event-assertion,assertionReferences,,,,,Assertion References,A list (concatenated and separated) of dcterms:BibliographicResources associated with a dwc:Assertion.,Recommended best practice is to separate the values in a list with space vertical bar space (` | `).,,string,default,,,,,dwc,http://rs.tdwg.org/dwc/terms/assertionReferences,recommended
event-assertion,assertionRemarks,,,,,Assertion Remarks,Comments or notes about a dwc:Assertion.,,,string,default,,,,,dwc,http://rs.tdwg.org/dwc/terms/assertionRemarks,recommended
event-identifier,event_fk,fk,for,event,event_pk,Event (Foreign Key),An identifier for a dwc:Event.,The value in this field MAY be changed in aggregation to preserve the relationship to the related primary key.,,string,default,FALSE,TRUE,,,dwc,http://rs.tdwg.org/dwc/terms/eventID,recommended
event-identifier,identifier,,,,,Identifier,An unambiguous reference to a resource within a given context.,Recommended best practice is to identify a resource by means of a string conforming to a formal identification system.,,string,default,FALSE,TRUE,,,skos,http://www.w3.org/2004/02/skos/core#notation,recommended
event-identifier,identifierType,,,,,Identifier Type,A category or system that best matches the nature of an identifier (skos:notation).,Recommended best practice is to use a controlled vocabulary.,,string,default,,,,,dc,http://purl.org/dc/elements/1.1/type,recommended
event-identifier,identifierTypeIRI,,,,,Identifier Type IRI,An IRI of a controlled vocabulary value for a type of identifier.,Recommended best practice is to use an IRI for a term in a controlled vocabulary.,,string,default,,,,,dcterms,http://purl.org/dc/terms/type,recommended
event-identifier,identifierTypeSource,,,,,Identifier Type Source,A reference to a controlled vocabulary in which the definition of a value in dwc:identifierType is given.,,,string,default,,,,,dc,http://purl.org/dc/elements/1.1/source,recommended
event-identifier,identifierLanguage,,,,,Identifier Language,A language in which an identifier is presented.,Recommended best practice is to use an ISO639-2 three-letter language code.,,string,default,,,,,dc,http://purl.org/dc/elements/1.1/language,recommended
event-media,media_fk,fk,this media instance,media,media_pk,Media (Foreign Key),An identifier for an ac:Media resource.,The value in this field MAY be changed in aggregation to preserve the relationship to the related primary key.,,string,default,FALSE,TRUE,,,dcterms,http://purl.org/dc/terms/identifier,recommended
event-media,event_fk,fk,about,event,event_pk,Event (Foreign Key),An identifier for a dwc:Event.,The value in this field MAY be changed in aggregation to preserve the relationship to the related primary key.,,string,default,FALSE,TRUE,,,dwc,http://rs.tdwg.org/dwc/terms/eventID,recommended
event-media,subjectCategory,,,,,Subject Category,A term to describe the content of a image or a region of interest within an image using a controlled value string.,Recommended best practice is to use a controlled vocabulary.,,string,default,,,,,ac,http://rs.tdwg.org/ac/terms/CVtermLiteral,recommended
event-media,subjectCategoryIRI,,,,,Subject Category IRI,An IRI of a controlled vocabulary value for the subject category of an ac:Media resource.,Recommended best practice is to use a controlled vocabulary.,,string,default,,,,,Iptc4xmpExt,http://iptc.org/std/Iptc4xmpExt/2008-02-29/CVterm,recommended
event-media,subjectCategoryVocabulary,,,,,Subject Category Source,A reference to a controlled vocabulary in which the definition of a value in dwc:subjectCategory is given.,"The Audiovisual Core recommended vocabularies do not need to be cited here. There is no required linkage between individual Subject Category terms and the vocabulary; the mechanism is intended to support discovery of the normative URI for a term, but not guarantee it.",,string,default,,,,,ac,http://rs.tdwg.org/ac/terms/subjectCategoryVocabulary,recommended
event-media,subjectPartLiteral,,,,,Subject Part Literal,"The portion or product of organism morphology, behaviour, environment, etc. that is either predominantly shown or particularly well exemplified by the ac:Media resource, denoted by a controlled value string.",Values SHOULD be selected from the Controlled Vocabulary for ac:subjectPart. It is best practice to use ac:subjectPart instead of ac:subjectPartLiteral whenever practical.,,string,default,,,,,ac,http://rs.tdwg.org/ac/terms/subjectPartLiteral,recommended
event-media,subjectPart,,,,,Subject Part,"The portion or product of organism morphology, behaviour, environment, etc. that is either predominantly shown or particularly well exemplified by the ac:Media resource, denoted by an IRI.",,,string,default,,,,,ac,http://rs.tdwg.org/ac/terms/subjectPart,recommended
event-media,subjectOrientationLiteral,,,,,Subject Orientation Literal,"Specific orientation (= direction, view angle) of the subject represented in the ac:Media resource with respect to the acquisition device, denoted by a controlled value string.",Values SHOULD be selected from the Controlled Vocabulary for ac:subjectOrientation. It is best practice to use ac:subjectOrientation instead of ac:subjectOrientationLiteral whenever practical.,,string,default,,,,,ac,http://rs.tdwg.org/ac/terms/subjectOrientationLiteral,recommended
event-media,subjectOrientation,,,,,Subject Orientation,"Specific orientation (= direction, view angle) of the subject represented in the ac:Media resource with respect to the acquisition device.",,,string,default,,,,,ac,http://rs.tdwg.org/ac/terms/subjectOrientation,recommended
event-media,physicalSetting,,,,,Physical Setting,"The setting of the content represented in an ac:Media resource, such as images, sounds, and movies if the provider deems them relevant.",,,string,default,,,,,ac,http://rs.tdwg.org/ac/terms/physicalSetting,recommended
event-protocol,protocol_fk,fk,followed,protocol,protocol_pk,Protocol (Foreign Key),An identifier for a dwc:Protocol.,The value in this field MAY be changed in aggregation to preserve the relationship to the related primary key.,,string,default,FALSE,TRUE,,,dwc,http://rs.tdwg.org/dwc/terms/protocolID,recommended
event-protocol,event_fk,fk,used during,event,event_pk,Event (Foreign Key),An identifier for a dwc:Event.,The value in this field MAY be changed in aggregation to preserve the relationship to the related primary key.,,string,default,FALSE,TRUE,,,dwc,http://rs.tdwg.org/dwc/terms/eventID,recommended
event-provenance,provenance_fk,fk,has,provenance,provenance_pk,Provenance (Foreign Key),An identifier for a dwc:Provenance.,The value in this field MAY be changed in aggregation to preserve the relationship to the related primary key.,,string,default,FALSE,TRUE,,,dcterms,http://rs.tdwg.org/dwc/terms/provenanceID,recommended
event-provenance,event_fk,fk,for,event,event_pk,Event (Foreign Key),An identifier for a dwc:Event.,The value in this field MAY be changed in aggregation to preserve the relationship to the related primary key.,,string,default,FALSE,TRUE,,,dwc,http://rs.tdwg.org/dwc/terms/eventID,recommended
event-reference,reference_fk,fk,mentioned in,bibliographic-resource,reference_pk,Reference (Foreign Key),An identifier for a dcterms:BibliographicResource.,The value in this field MAY be changed in aggregation to preserve the relationship to the related primary key.,,string,default,FALSE,FALSE,,,dwc,http://rs.tdwg.org/dwc/terms/referenceID,recommended
event-reference,event_fk,fk,mentioned,event,event_pk,Event (Foreign Key),An identifier for a dwc:Event.,The value in this field MAY be changed in aggregation to preserve the relationship to the related primary key.,,string,default,FALSE,TRUE,,,dwc,http://rs.tdwg.org/dwc/terms/eventID,recommended
event-reference,relationshipType,,,,,Relationship Type,A relationship of a subject resource to a dcterms:BibliographicResource.,Recommended best practice is to use a controlled vocabulary.,`cited in`; `referenced`,string,default,,,,,dwc,http://rs.tdwg.org/dwc/terms/relationshipOfResource,recommended
event-usage-policy,event_fk,fk,for,event,event_pk,Event (Foreign Key),An identifier for a dwc:Event.,The value in this field MAY be changed in aggregation to preserve the relationship to the related primary key.,,string,default,FALSE,TRUE,,,dwc,http://rs.tdwg.org/dwc/terms/eventID,recommended
event-usage-policy,usagePolicy_fk,fk,has,usage-policy,usagePolicy_pk,Usage Policy (Foreign Key),An identifier for a dwc:UsagePolicy.,The value in this field MAY be changed in aggregation to preserve the relationship to the related primary key.,,string,default,FALSE,FALSE,,,dcterms,http://rs.tdwg.org/dwc/terms/usagePolicyID,recommended
geological-context,geologicalContext_pk,pk,,,,Geological Context (Primary Key),A unique identifier for a dwc:GeologicalContext.,The value in this field MAY be changed in aggregation to guarantee uniqueness.,`https://opencontext.org/subjects/e54377f7-4452-4315-b676-40679b10c4d9`,string,default,TRUE,TRUE,,,dwc,http://rs.tdwg.org/dwc/terms/geologicalContextID,recommended
geological-context,geologicalContextID,wpk,,,,Geological Context ID,An identifier for a dwc:GeologicalContext.,The value in this field MUST be preserved in aggregation. Recommended best practice is to use a globally unique identifier.,`https://opencontext.org/subjects/e54377f7-4452-4315-b676-40679b10c4d9`,string,default,,,,,dwc,http://rs.tdwg.org/dwc/terms/geologicalContextID,recommended
geological-context,earliestEonOrLowestEonothem,,,,,Earliest Eon Or Lowest Eonothem,The full name of the earliest possible geochronologic eon or lowest chronostratigraphic eonothem or the informal name attributable to the stratigraphic horizon from which the dwc:MaterialEntity was collected.,,`Phanerozoic`; `Proterozoic`,string,default,,,,,dwc,http://rs.tdwg.org/dwc/terms/earliestEonOrLowestEonothem,recommended
geological-context,latestEonOrHighestEonothem,,,,,Latest Eon Or Highest Eonothem,The full name of the latest possible geochronologic eon or highest chronostratigraphic eonothem or the informal name attributable to the stratigraphic horizon from which the dwc:MaterialEntity was collected.,,`Phanerozoic`; `Proterozoic`,string,default,,,,,dwc,http://rs.tdwg.org/dwc/terms/latestEonOrHighestEonothem,recommended
geological-context,earliestEraOrLowestErathem,,,,,Earliest Era Or Lowest Erathem,The full name of the earliest possible geochronologic era or lowest chronostratigraphic erathem attributable to the stratigraphic horizon from which the dwc:MaterialEntity was collected.,,`Cenozoic`; `Mesozoic`,string,default,,,,,dwc,http://rs.tdwg.org/dwc/terms/earliestEraOrLowestErathem,recommended
geological-context,latestEraOrHighestErathem,,,,,Latest Era Or Highest Erathem,The full name of the latest possible geochronologic era or highest chronostratigraphic erathem attributable to the stratigraphic horizon from which the dwc:MaterialEntity was collected.,,`Cenozoic`; `Mesozoic`,string,default,,,,,dwc,http://rs.tdwg.org/dwc/terms/latestEraOrHighestErathem,recommended
geological-context,earliestPeriodOrLowestSystem,,,,,Earliest Period Or Lowest System,The full name of the earliest possible geochronologic period or lowest chronostratigraphic system attributable to the stratigraphic horizon from which the dwc:MaterialEntity was collected.,,`Neogene`; `Tertiary`; `Quaternary`,string,default,,,,,dwc,http://rs.tdwg.org/dwc/terms/earliestPeriodOrLowestSystem,recommended
geological-context,latestPeriodOrHighestSystem,,,,,Latest Period Or Highest System,The full name of the latest possible geochronologic period or highest chronostratigraphic system attributable to the stratigraphic horizon from which the dwc:MaterialEntity was collected.,,`Neogene`; `Tertiary`; `Quaternary`,string,default,,,,,dwc,http://rs.tdwg.org/dwc/terms/latestPeriodOrHighestSystem,recommended
geological-context,earliestEpochOrLowestSeries,,,,,Earliest Epoch Or Lowest Series,The full name of the earliest possible geochronologic epoch or lowest chronostratigraphic series attributable to the stratigraphic horizon from which the dwc:MaterialEntity was collected.,,`Holocene`; `Pleistocene`; `Ibexian Series`,string,default,,,,,dwc,http://rs.tdwg.org/dwc/terms/earliestEpochOrLowestSeries,recommended
geological-context,latestEpochOrHighestSeries,,,,,Latest Epoch Or Highest Series,The full name of the latest possible geochronologic epoch or highest chronostratigraphic series attributable to the stratigraphic horizon from which the dwc:MaterialEntity was collected.,,`Holocene`; `Pleistocene`; `Ibexian Series`,string,default,,,,,dwc,http://rs.tdwg.org/dwc/terms/latestEpochOrHighestSeries,recommended
geological-context,earliestAgeOrLowestStage,,,,,Earliest Age Or Lowest Stage,The full name of the earliest possible geochronologic age or lowest chronostratigraphic stage attributable to the stratigraphic horizon from which the dwc:MaterialEntity was collected.,,`Atlantic`; `Boreal`; `Skullrockian`,string,default,,,,,dwc,http://rs.tdwg.org/dwc/terms/earliestAgeOrLowestStage,recommended
geological-context,latestAgeOrHighestStage,,,,,Latest Age Or Highest Stage,The full name of the latest possible geochronologic age or highest chronostratigraphic stage attributable to the stratigraphic horizon from which the dwc:MaterialEntity was collected.,,`Atlantic`; `Boreal`; `Skullrockian`,string,default,,,,,dwc,http://rs.tdwg.org/dwc/terms/latestAgeOrHighestStage,recommended
geological-context,lowestBiostratigraphicZone,,,,,Lowest Biostratigraphic Zone,The full name of the lowest possible geological biostratigraphic zone of the stratigraphic horizon from which the dwc:MaterialEntity was collected.,,`Maastrichtian`,string,default,,,,,dwc,http://rs.tdwg.org/dwc/terms/lowestBiostratigraphicZone,recommended
geological-context,highestBiostratigraphicZone,,,,,Highest Biostratigraphic Zone,The full name of the highest possible geological biostratigraphic zone of the stratigraphic horizon from which the dwc:MaterialEntity was collected.,,`Blancan`,string,default,,,,,dwc,http://rs.tdwg.org/dwc/terms/highestBiostratigraphicZone,recommended
geological-context,lithostratigraphicTerms,,,,,Lithostratigraphic Terms,The combination of all lithostratigraphic names for the rock from which the dwc:MaterialEntity was collected.,,`Pleistocene-Weichselien`,string,default,,,,,dwc,http://rs.tdwg.org/dwc/terms/lithostratigraphicTerms,recommended
geological-context,group,,,,,Group,The full name of the lithostratigraphic group from which the dwc:MaterialEntity was collected.,,`Bathurst`; `Lower Wealden`,string,default,,,,,dwc,http://rs.tdwg.org/dwc/terms/group,recommended
geological-context,formation,,,,,Formation,The full name of the lithostratigraphic formation from which the dwc:MaterialEntity was collected.,,`Notch Peak Formation`; `House Limestone`; `Fillmore Formation`,string,default,,,,,dwc,http://rs.tdwg.org/dwc/terms/formation,recommended
geological-context,member,,,,,Member,The full name of the lithostratigraphic member from which the dwc:MaterialEntity was collected.,,`Lava Dam Member`; `Hellnmaria Member`,string,default,,,,,dwc,http://rs.tdwg.org/dwc/terms/member,recommended
geological-context,bed,,,,,Bed,The full name of the lithostratigraphic bed from which the dwc:MaterialEntity was collected.,,`Harlem coal`,string,default,,,,,dwc,http://rs.tdwg.org/dwc/terms/bed,recommended
geological-context,geologicEvent,,,,,Geologic Event,A name of an identifiable event during which one or more geologic processes acted to create or modify one or more dwc:GeologicalMaterials. ,"This term has an equivalent in the dwciri: namespace that allows only an IRI as a value, whereas this term allows for any string literal value.",`Sevier orogeny`; `Alleghanian orogeny`; `Alpine orogeny`; `Variscan orogeny`; `Vredefort impact`,string,default,,,,,dwc,http://rs.tdwg.org/dwc/terms/geologicEvent,recommended
geological-context,geologicProvince,,,,,Geologic Province,"An extensive named region with similar geologic history, structural, petrographic, or physiographic features throughout in which the GeologicalContext was located.","This term has an equivalent in the dwciri: namespace that allows only an IRI as a value, whereas this term allows for any string literal value.",`Northwest Province`; `Surprise Paleovalley`; `Basin and Range` ;`Coastal Plain`; `Piedmont`; `Blue Ridge`,string,default,,,,,dwc,http://rs.tdwg.org/dwc/terms/geologicProvince,recommended
geological-context,lithodemicUnit,,,,,Lithodemic Unit,"A geologic unit that lacks stratification, is primarily comprised of intrusive, deformed, and/or metamorphosed rock, and is characterized by irregularly mixed lithology or highly complicated structural relations.","Due to the unstructured nature of complexes, both named units and lithological descriptive terms are acceptable values.",`Catalina Core Complex`; `injection complex`; `New England Plutonic Suite`; `Sierra Nevada batholith`,string,default,,,,,dwc,http://rs.tdwg.org/dwc/terms/lithodemicUnit,recommended
geological-context,tectonicUnits,,,,,Tectonic Units,The combination of all tectonic unit names for the rock from which a dwc:MaterialEntity was collected.,"Recommended best practice is to use an authoritative tectonic unit lexicon such as the Tectonic Map of Switzerland (TK500). This term has an equivalent in the dwciri: namespace that allows only an IRI as a value, whereas this term allows for any string literal value.",`Upper Helvetic`; `Wildhorn Nappe Complex`; `Sublage Nappe`,string,default,,,,,dwc,http://rs.tdwg.org/dwc/terms/tectonicUnits,recommended
geological-context-media,media_fk,fk,this media instance,media,media_pk,Media (Foreign Key),An identifier for an ac:Media resource.,The value in this field MAY be changed in aggregation to preserve the relationship to the related primary key.,,string,default,FALSE,TRUE,,,dcterms,http://purl.org/dc/terms/identifier,recommended
geological-context-media,geologicalContext_fk,fk,about,geological-context,geologicalContext_pk,Geological Context (Foreign Key),An identifier for a dwc:GeologicalContext.,The value in this field MAY be changed in aggregation to preserve the relationship to the related primary key.,,string,default,FALSE,TRUE,,,dwc,http://rs.tdwg.org/dwc/terms/geologicalContextID,recommended
geological-context-media,subjectCategory,,,,,Subject Category,A term to describe the content of a image or a region of interest within an image using a controlled value string.,Recommended best practice is to use a controlled vocabulary.,,string,default,,,,,ac,http://rs.tdwg.org/ac/terms/CVtermLiteral,recommended
geological-context-media,subjectCategoryIRI,,,,,Subject Category IRI,An IRI of a controlled vocabulary value for the subject category of an ac:Media resource.,Recommended best practice is to use a controlled vocabulary.,,string,default,,,,,Iptc4xmpExt,http://iptc.org/std/Iptc4xmpExt/2008-02-29/CVterm,recommended
geological-context-media,subjectCategoryVocabulary,,,,,Subject Category Source,A reference to a controlled vocabulary in which the definition of a value in dwc:subjectCategory is given.,"The Audiovisual Core recommended vocabularies do not need to be cited here. There is no required linkage between individual Subject Category terms and the vocabulary; the mechanism is intended to support discovery of the normative URI for a term, but not guarantee it.",,string,default,,,,,ac,http://rs.tdwg.org/ac/terms/subjectCategoryVocabulary,recommended
geological-context-media,subjectPartLiteral,,,,,Subject Part Literal,"The portion or product of organism morphology, behaviour, environment, etc. that is either predominantly shown or particularly well exemplified by the ac:Media resource, denoted by a controlled value string.",Values SHOULD be selected from the Controlled Vocabulary for ac:subjectPart. It is best practice to use ac:subjectPart instead of ac:subjectPartLiteral whenever practical.,,string,default,,,,,ac,http://rs.tdwg.org/ac/terms/subjectPartLiteral,recommended
geological-context-media,subjectPart,,,,,Subject Part,"The portion or product of organism morphology, behaviour, environment, etc. that is either predominantly shown or particularly well exemplified by the ac:Media resource, denoted by an IRI.",,,string,default,,,,,ac,http://rs.tdwg.org/ac/terms/subjectPart,recommended
geological-context-media,subjectOrientationLiteral,,,,,Subject Orientation Literal,"Specific orientation (= direction, view angle) of the subject represented in the ac:Media resource with respect to the acquisition device, denoted by a controlled value string.",Values SHOULD be selected from the Controlled Vocabulary for ac:subjectOrientation. It is best practice to use ac:subjectOrientation instead of ac:subjectOrientationLiteral whenever practical.,,string,default,,,,,ac,http://rs.tdwg.org/ac/terms/subjectOrientationLiteral,recommended
geological-context-media,subjectOrientation,,,,,Subject Orientation,"Specific orientation (= direction, view angle) of the subject represented in the ac:Media resource with respect to the acquisition device.",,,string,default,,,,,ac,http://rs.tdwg.org/ac/terms/subjectOrientation,recommended
geological-context-media,physicalSetting,,,,,Physical Setting,"The setting of the content represented in an ac:Media resource, such as images, sounds, and movies if the provider deems them relevant.",,,string,default,,,,,ac,http://rs.tdwg.org/ac/terms/physicalSetting,recommended
geological-material,materialEntity_fk,fk,is a,material,materialEntity_pk,Material Entity (Foreign Key),A unique identifier for a dwc:MaterialEntity.,The value in this field MAY be changed in aggregation to preserve the relationship to the related primary key.,,string,default,TRUE,TRUE,,,dwc,http://rs.tdwg.org/dwc/terms/materialEntityID,recommended
geological-material,materialEntityID,wpk,,,,Material Entity ID,An identifier for a dwc:MaterialEntity.,The value in this field MUST be preserved in aggregation. Recommended best practice is to use a globally unique identifier.,`06809dc5-f143-459a-be1a-6f03e63fc083`,string,default,,,,,dwc,http://rs.tdwg.org/dwc/terms/materialEntityID,recommended
geological-material,geologicalMaterialNames,,,,,Geological Material Names,A list (concatenated and separated) of mineral or lithotaxon names for a dwc:GeologicalMaterial.,"May includes both informal (e.g., variety, synonym) and formal (classification) names. The first name in the list should be considered the preferred name. Recommended best practice is to separate the values in a list with space vertical bar space (` | `).",`quartz | smoky quartz`; `muscovite`; `garnet group`,string,default,,,,,dwc,http://rs.tdwg.org/dwc/terms/geologicalMaterialNames,recommended
geological-material,geologicMaterialNameID,,,,,Geologic Material Name ID,An identifier for a mineral or lithotaxon name for a dwc:GeologicalMaterial. May be a global unique identifier or an identifier specific to the data set.,"Recommended best practice is to use a persistent, globally unique identifier.",`https://geospecimens.org/api/v1/catalog/resource/mineral-name/ba673bdf-7228-11f0-a057-52f8e1bb0628`,string,default,,,,,dwc,http://rs.tdwg.org/dwc/terms/geologicMaterialNameID,recommended
geological-material,geologicalMaterialNameTypes,,,,,Geological Material Name Types,A list (concatenated and separated) of the types of names provided in dwc:geologicalMaterialNames.,"If this term is populated, it should have an equal number of items in the list as for the list in dwc:geologicalMaterialNames and the types should have the same order as the names to which they refer. Recommended best practice is to use a controlled vocabulary for the values in a list (e.g., https://kos.geospecimens.org/def/geological-specimen-name-type). See Gavryliv (2023), https://doi.org/10.1180/mgm.2023.23, for a detailed breakdown of informal, alternate names.",`species | variety`; `species`; `group`;  `synonym`; `classification`; `historical`,string,default,,,,,dwc,http://rs.tdwg.org/dwc/terms/geologicalMaterialNameTypes,recommended
geological-material,classificationCodes,,,,,Classification Codes,A list (concatenated and separated) of codes that each identifies a name from a classification system applied to a dwc:GeologicalMaterial.,Recommended best practice is to separate the values in a list with space vertical bar space (` | `).,"`71.02.02a.01` (""muscovite"" in the Dana classification system); `9.AD.25` (""garnet group"" in the Nickel-Strunz classification system); `75.01.03.01 | 4.DA.05` (""quartz"" the Dana classification system and ""quartz group"" in the Nickel-Strunz classification system)",string,default,,,,,dwc,http://rs.tdwg.org/dwc/terms/classificationCodes,recommended
geological-material,mineralSequence,,,,,Mineral Sequence,"A list (concatenated and separated) of minerals in a dwc:GeologicalMaterial, ordered in a manner that illustrates the relative timing of mineral formation.","The list should only contain minerals that belong to a readily identifiable sequence of formation. Therefore, a list may contain a subset of the minerals in a specimen. Minerals that formed in-situ with one another are separated by a plus. Minerals that formed in the sequence are separated by a greater than (' > ') symbol.",`Sphalerite > Quartz > Pyrite`; `Calcite > Quartz > Sphalerite > Pyrite`,string,default,,,,,dwc,http://rs.tdwg.org/dwc/terms/mineralSequence,recommended
geological-material,measuredChemistry,,,,,Measured Chemistry,"A concise expression of the chemical composition of a mineral that shows the number of atoms of each element in a molecule, their spatial arrangement, and their linkage to each other.",,`SiO2 (65.76)`; `TiO2 (32.120)`; `Al2O3 (2.21)`; `(Mg0.77Fe0.23)2SiO4`; `An6.4 Ab73.6 Or20`,string,default,,,,,dwc,http://rs.tdwg.org/dwc/terms/measuredChemistry,recommended
geological-material,measuredChemistrySource,,,,,Measured Chemistry Source,A list (concatenated and separated) of resources associated with the reported measured chemistry described specifically enough to allow anyone in the future to use the same resources.,"Recommended best practice is to use full bibliographic citations, global unique identifiers, or resolvable and persistent IRIs. See the broader concept http://rs.tdwg.org/dwc/terms/associatedReferences. This term has an equivalent in the dwciri: namespace that allows only an IRI as a value, whereas this term allows for any string literal value.","`Novak, G. A., & Gibbs, G. V. (1971). The crystal chemistry of the silicate garnets. American Mineralogist: Journal of Earth and Planetary Materials, 56(5-6), 791-825.`",string,default,,,,,dwc,http://rs.tdwg.org/dwc/terms/measuredChemistrySource,recommended
geological-material,mineralogicalAnalysisProtocol,,,,,Mineralogical Analysis Protocol,A technique used to determine the chemical composition or crystallography of a mineral.,"Acronyms should be avoided even for widely recognized annotations. Recommended best practice is to use a controlled vocabulary such as https://vocabs.ardc.edu.au/viewById/650. This term has an equivalent in the dwciri: namespace that allows only an IRI as a value, whereas this term allows for any string literal value.",`Wet Chemistry`; `X-ray fluorescence`; `Electron probe microanalysis`; `Scanning electron microscopy with energy-dispersive X-ray spectroscopy`; `X-ray diffraction`,string,default,,,,,dwc,http://rs.tdwg.org/dwc/terms/mineralogicalAnalysisProtocol,recommended
geological-material,mineralogicalAnalysisProtocol_fk,fk,followed,protocol,protocol_pk,Mineralogical Analysis Protocol (Foreign Key),An identifier for a dwc:Protocol used for a mineralogical analysis.,The value in this field MAY be changed in aggregation to preserve the relationship to the related primary key.,,string,default,FALSE,TRUE,,,dwc,http://rs.tdwg.org/dwc/terms/protocolID,recommended
geological-material,chemistryRemarks,,,,,Chemistry Remarks,General remarks about the chemical and isotopic composition of a dwc:GeologicalMaterial.,,,string,default,,,,,dwc,http://rs.tdwg.org/dwc/terms/chemistryRemarks,recommended
identification,identification_pk,pk,,,,Identification (Primary Key),A unique identifier for a dwc:Identification.,The value in this field MAY be changed in aggregation to guarantee uniqueness.,`9992`,string,default,TRUE,TRUE,,,dwc,http://rs.tdwg.org/dwc/terms/identificationID,recommended
identification,identificationID,wpk,,,,Identification ID,An identifier for a dwc:Identification.,The value in this field MUST be preserved in aggregation. Recommended best practice is to use a globally unique identifier.,`9992`,string,default,,,,,dwc,http://rs.tdwg.org/dwc/terms/identificationID,recommended
identification,identificationType,,,,,Identification Type,A category that best matches the nature of a dwc:Identification.,"The evidentiary basis, analytical approach, or inferential method by which an identification was determined. Values describe the dominant source of information supporting the identification (e.g., morphology, geography, molecular data, functional attributes, relationships, or taxonomic revision), independent of confidence level or taxonomic outcome.",`geography`; `taxonomicRevision`; `functionalAttributes`; `nucleotideAnalysis`; `karyotype`; `media`; `relationship`; `features`; `fine features`; `unknown`,string,default,,,,,dwc,http://rs.tdwg.org/dwc/terms/identificationType,recommended
identification,identificationProtocol_fk,fk,followed,protocol,protocol_pk,Identification Protocol (Foreign Key),An identifier for a dwc:Protocol used for a dwc:Identification.,The value in this field MAY be changed in aggregation to preserve the relationship to the related primary key.,,string,default,FALSE,FALSE,,,dwc,http://rs.tdwg.org/dwc/terms/protocolID,recommended
identification,materialEntity_fk,fk,of a,material,materialEntity_pk,Material Entity (Foreign Key),An identifier for a dwc:MaterialEntity based on which a dwc:Identification was made.,The value in this field MAY be changed in aggregation to preserve the relationship to the related primary key.,,string,default,FALSE,FALSE,,,dwc,http://rs.tdwg.org/dwc/terms/materialEntityID,recommended
identification,media_fk,fk,based on,media,media_pk,Media (Foreign Key),An identifier for an ac:Media resource based on which a dwc:Identification was made.,The value in this field MAY be changed in aggregation to preserve the relationship to the related primary key.,,string,default,FALSE,FALSE,,,dcterms,http://purl.org/dc/terms/identifier,recommended
identification,nucleotideAnalysis_fk,fk,based on,nucleotide-analysis,nucleotideAnalysis_pk,Nucleotide Analysis (Foreign Key),An identifier for a dwc:NucleotideAnalysis based on which a dwc:Identification was made.,The value in this field MAY be changed in aggregation to preserve the relationship to the related primary key.,,string,default,FALSE,FALSE,,,dcterms,http://purl.org/dc/terms/identifier,recommended
identification,nucleotideSequence_fk,fk,based on,nucleotide-sequence,nucleotideSequence_pk,Nucleotide Sequence (Foreign Key),An identifier for a dwc:NucleotideSequence based on which a dwc:Identification was made.,The value in this field MAY be changed in aggregation to preserve the relationship to the related primary key.,,string,default,FALSE,FALSE,,,dcterms,http://purl.org/dc/terms/identifier,recommended
identification,occurrence_fk,fk,of an,occurrence,occurrence_pk,Occurrence (Foreign Key),An identifier for a dwc:Occurrence based on which a dwc:Identification was made.,The value in this field MAY be changed in aggregation to preserve the relationship to the related primary key.,,string,default,FALSE,FALSE,,,dwc,http://rs.tdwg.org/dwc/terms/occurrenceID,recommended
identification,organism_fk,fk,of an,organism,organism_pk,Organism (Foreign Key),An identifier for a dwc:Organism based on which a dwc:Identification was made.,The value in this field MAY be changed in aggregation to preserve the relationship to the related primary key.,,string,default,FALSE,FALSE,,,dwc,http://rs.tdwg.org/dwc/terms/organismID,recommended
identification,verbatimIdentification,,,,,Verbatim Identification,A string representing the classification as it appeared in the original record.,"This term is meant to allow the capture of an unaltered original identification/determination, including identification qualifiers, hybrid formulas, uncertainties, etc. This term is meant to be used in addition to dwc:geologicalMaterialName or dwc:scientificName (and dwc:identificationQualifier etc.), not instead of it.",`Peromyscus sp.`; `Ministrymon sp. nov. 1`; `Anser anser × Branta canadensis`; `Pachyporidae?`; `Potentilla × pantotricha Soják`; `Aconitum pilipes × A. variegatum`; `Lepomis auritus x cyanellus`,string,default,,,,,dwc,http://rs.tdwg.org/dwc/terms/verbatimIdentification,recommended
identification,isAcceptedIdentification,,,,,Is Accepted Identification,An indicator that a dwc:Identification of a dwc:Organism is a currently an accepted or preferred one.,Recommended best practice is to follow the TDWG Boolean Controlled Vocabulary http://rs.tdwg.org/tag/doc/boolean/.,,boolean,default,,,,,dwc,http://rs.tdwg.org/dwc/terms/isAcceptedIdentification,recommended
identification,taxonFormula,,,,,Taxon Formula,A string representing the pattern to use to construct a dwc:Identification from dwc:Taxon names and identification qualifiers.,Recommended best practice is to use a controlled vocabulary such as https://arctos.database.museum/info/ctDocumentation.cfm?table=cttaxa_formula.,`A`; `not A`; `A ?`; `A or B`; `A and B`; `A x B`; `A cf.`; `A aff.`,string,default,,,,,dwc,http://rs.tdwg.org/dwc/terms/taxonFormula,recommended
identification,typeStatus,,,,,Type Status,"A list (concatenated and separated) of nomenclatural types (type status, typified scientific name, publication) applied to the subject.","Recommended best practice is to separate the values in a list with space vertical bar space (` | `). This term has an equivalent in the dwciri: namespace that allows only an IRI as a value, whereas this term allows for any string literal value.",`holotype`,string,default,,,,,dwc,http://rs.tdwg.org/dwc/terms/typeStatus,recommended
identification,typeDesignationType,,,,,typeDesignationType,A category that best matches the nature of a type designation.,From https://rs.gbif.org/extension/gbif/1.0/typesandspecimen.xml.,,string,default,,,,,gbif,http://rs.gbif.org/terms/1.0/typeDesignationType,recommended
identification,identifiedBy,,,,,Identified By,A name for a dcterms:Agent responsible for making a dwc:Identification.,"When used in the context of an eco:Survey, the subject consists of all of the dwc:Identifications related to the eco:Survey. Recommended best practice is to separate the values in a list with space vertical bar space (`|`). This term has an equivalent in the dwciri: namespace that allows only an IRI as a value, whereas this term allows for any string literal value.",`James L. Patton`; `Theodore Pappenfuss | Robert Macey`,string,default,,,,,dwc,http://rs.tdwg.org/dwc/terms/identifiedBy,recommended
identification,identifiedBy_fk,fk,identified by,agent,agent_pk,Identified By (Foreign Key),An identifier for a dcterms:Agent responsible for making a dwc:Identification.,The value in this field MAY be changed in aggregation to preserve the relationship to the related primary key.,,string,default,FALSE,FALSE,,,dwc,http://rs.tdwg.org/dwc/terms/identifiedByID,recommended
identification,identifiedByID,wfk,identified by,agent,agentID,Identified By ID,An identifier for a dcterms:Agent responsible for making a dwc:Identification.,The value in this field MAY refer to a dcterms:Agent within or external to the dataset in which this record originated.,`https://orcid.org/0000-0002-1825-0097` (for an individual); `https://orcid.org/0000-0002-1825-0097 | https://orcid.org/0000-0002-1825-0098` (for a list of people),string,default,FALSE,FALSE,,,dwc,http://rs.tdwg.org/dwc/terms/identifiedByID,recommended
identification,dateIdentified,,,,,Date Identified,The date on which the dwc:Identification was made.,Recommended best practice is to use a date that conforms to ISO 8601-1:2019.,`1963-03-08T14:07-06:00` (8 Mar 1963 at or after 2:07pm and before 2:08pm in the time zone six hours earlier than UTC); `2009-02-20T08:40Z` (20 February 2009 at or after 8:40am and before 8:41 UTC); `2018-08-29T15:19` (29 August 2018 at or after 3:19pm and before 3:20pm local time); `1809-02-12` (within the day 12 February 1809); `1906-06` (in the month of June 1906); `1971` (in the year 1971); `2007-03-01T13:00:00Z/2008-05-11T15:30:00Z` (some time within the interval beginning 1 March 2007 at 1pm UTC and before 11 May 2008 at 3:30pm UTC); `1900/1909` (some time within the interval between the beginning of the year 1900 and before the year 1909); `2007-11-13/15` (some time in the interval between the beginning of 13 November 2007 and before 15 November 2007),string,default,,,,,dwc,http://rs.tdwg.org/dwc/terms/dateIdentified,recommended
identification,identificationReferences,,,,,Identification References,A list (concatenated and separated) of dcterms:BibliographicResources used in a dwc:Identification.,"When used in the context of an eco:Survey, the subject consists of all of the dwc:Identifications related to the eco:Survey. Recommended best practice is to separate the values in a list with space vertical bar space (` | `).","`Aves del Noroeste Patagonico. Christie et al. 2004.`; `Stebbins, R. Field Guide to Western Reptiles and Amphibians. 3rd Edition. 2003. | Irschick, D.J. and Shaffer, H.B. (1997). The polytypic species revisited: Morphological differentiation among tiger salamanders (Ambystoma tigrinum) (Amphibia: Caudata). Herpetologica, 53(1), 30-49.`",string,default,,,,,dwc,http://rs.tdwg.org/dwc/terms/identificationReferences,recommended
identification,identificationVerificationStatus,,,,,Identification Verification Status,A categorical indicator of the extent to which a dwc:Identification has been verified to be correct.,"Recommended best practice is to use a controlled vocabulary such as that used in HISPID and ABCD. This term has an equivalent in the dwciri: namespace that allows only an IRI as a value, whereas this term allows for any string literal value.",`0` (unverified in HISPID/ABCD).,string,default,,,,,dwc,http://rs.tdwg.org/dwc/terms/identificationVerificationStatus,recommended
identification,identificationRemarks,,,,,Identification Remarks,Comments or notes about the dwc:Identification.,,`Distinguished between Anthus correndera and Anthus hellmayri based on the comparative lengths of the uñas.`,string,default,,,,,dwc,http://rs.tdwg.org/dwc/terms/identificationRemarks,recommended
identification,taxonID,,,,,Taxon ID,An identifier for a dwc:Taxon.,,`8fa58e08-08de-4ac1-b69c-1235340b7001`; `32567`; `https://www.gbif.org/species/212`,string,default,,,,,dwc,http://rs.tdwg.org/dwc/terms/taxonID,recommended
identification,scientificNameID,,,,,Scientific Name ID,An identifier for the nomenclatural (not taxonomic) details of a scientific name.,,`urn:lsid:ipni.org:names:37829-1:1.3`,string,default,,,,,dwc,http://rs.tdwg.org/dwc/terms/scientificNameID,recommended
identification,geologicalClassificationCodes,,,,,Geological Classification Codes,A list (concatenated and separated) of codes that each identifies a name from a classification system applied to a dwc:GeologicalMaterial.,Recommended best practice is to separate the values in a list with space vertical bar space (` | `).,"`71.02.02a.01` (""muscovite"" in the Dana classification system); `9.AD.25` (""garnet group"" in the Nickel-Strunz classification system); `75.01.03.01 | 4.DA.05` (""quartz"" the Dana classification system and ""quartz group"" in the Nickel-Strunz classification system)",string,default,,,,,dwc,http://rs.tdwg.org/dwc/terms/classificationCodes,recommended
identification,geologicalMaterialNames,,,,,Geological Material Names,A list (concatenated and separated) of mineral or lithotaxon names for a dwc:GeologicalMaterial.,"May includes both informal (e.g., variety, synonym) and formal (classification) names. The first name in the list should be considered the preferred name. Recommended best practice is to separate the values in a list with space vertical bar space (` | `).",`quartz | smoky quartz`; `muscovite`; `garnet group`,string,default,,,,,dwc,http://rs.tdwg.org/dwc/terms/geologicalMaterialNames,recommended
identification,scientificName,,,,,Scientific Name,"A scientific name string, not including authorship, date or identification qualifiers.","When applied to an Organism or Occurrence, this term should be used to represent the scientific name that was applied to the associated Organism in accordance with the Taxon to which it was or is currently identified. Names should be compliant to the most recent nomenclatural code. For example, names of hybrids for algae, fungi and plants should follow the rules of the International Code of Nomenclature for algae, fungi, and plants (Shenzhen Code Articles H.1, H.2 and H.3). Thus, use the multiplication sign `×` (Unicode `U+00D7`, HTML `&times;`) to identify a hybrid, not `x` or `X`, if possible.",`Coleoptera` (order); `Vespertilionidae` (family); `Manis` (genus); `Ctenomys sociabilis` (genus + specificEpithet); `Ambystoma tigrinum diaboli` (genus + specificEpithet + infraspecificEpithet); `Quercus agrifolia var. oxyadenia` (genus + specificEpithet + taxonRank + infraspecificEpithet); `×Agropogon littoralis`; `Mentha ×smithiana`; `Agrostis stolonifera L. × Polypogon monspeliensis`,string,default,,,,,dwc,http://rs.tdwg.org/dwc/terms/scientificName,recommended
identification,scientificNameAuthorship,,,,,Scientific Name Authorship,The authorship information for the dwc:scientificName formatted according to the conventions of the applicable dwc:nomenclaturalCode.,,"`(Torr.) J.T. Howell`; `(Martinovský) Tzvelev`; `(Györfi, 1952)`",string,default,,,,,dwc,http://rs.tdwg.org/dwc/terms/scientificNameAuthorship,recommended
identification,vernacularName,,,,,Vernacular Name,A common or vernacular name.,,`cóndor andino`; `death cap`; `rainbow trout`; `Gänsegeier`; `smoky quartz`,string,default,,,,,dwc,http://rs.tdwg.org/dwc/terms/vernacularName,recommended
identification,taxonRank,,,,,Taxon Rank,The taxonomic rank of the most specific name in the dwc:scientificName.,"Recommended best practice is to use a controlled vocabulary. The taxon ranks of algae, fungi and plants are defined in the International Code of Nomenclature for algae, fungi, and plants (Shenzhen Code Articles H3.2, H4.4 and H.3.1).",`subspecies`; `varietas`; `forma`; `species`; `genus`; `nothogenus`; `nothospecies`; `nothosubspecies`,string,default,,,,,dwc,http://rs.tdwg.org/dwc/terms/taxonRank,recommended
identification,classificationSystem,,,,,Classification System,A reference to the classification system in which an authoritative name or formal classification belongs.,"Recommended best practice is to provide a formal citation or IRI. This term should not be confused with dwc:namePublishedIn as a classification system is not equivalent to a publication in which a taxon is first described. This term should not be confused with dwc:nameAccordingTo as a classification system is not equivalent to a publication or other source in which a specific taxon concept circumscription is defined or implied. This term should not be confused with dwc:nomenclaturalCode as a classification system is not equivalent to code of nomenclature, which states the rules for naming rather than an organized source of names. This term has an equivalent in the dwciri: namespace that allows only an IRI as a value, whereas this term allows for any string literal value.","`Strunz, H., Nickel, E.H. (2001): Strunz Mineralogical Tables. Chemical-Structural Mineral Classification System. 9th edition. E. Schweizerbart’sche Verlagsbuchhandlung, Stuttgart, ix + 870 p. (ISBN 3-510-65188-X)`; `Gaines, R.V., Skinner, H.C.W., Foord, E.E., Mason, B., Rosenzweig, A. (1997): Dana's New Mineralogy: The System of Mineralogy of James Dwight Dana and Edward Salisbury Dana. 8th edition. John Wiley & Sons, New York, xlv + 1819 p. (ISBN 0-471-19310-0).`; `https://kos.geospecimens.org/vocab/meteorite-classification`; `Mammal Diversity Database. (2026). Mammal Diversity Database (Version 2.5) [Data set]. [Zenodo](https://zenodo.org/records/10595931). https://doi.org/10.5281/zenodo.17033774`; `Index Fungorum. (2026). Index Fungorum electronic database. Royal Botanic Gardens, Kew. Retrieved August 17, 2026, from indexfungorum.org.`",string,default,,,,,dc,http://rs.tdwg.org/dwc/terms/classificationSystem,recommended
identification,kingdom,,,,,Kingdom,The full scientific name of the kingdom in which the dwc:Taxon is classified.,,`Animalia`; `Archaea`; `Bacteria`; `Chromista`; `Fungi`; `Plantae`; `Protozoa`; `Viruses`,string,default,,,,,dwc,http://rs.tdwg.org/dwc/terms/kingdom,recommended
identification,phylum,,,,,Phylum,The full scientific name of the phylum or division in which the dwc:Taxon is classified.,,`Chordata` (phylum); `Bryophyta` (division),string,default,,,,,dwc,http://rs.tdwg.org/dwc/terms/phylum,recommended
identification,class,,,,,Class,The full scientific name of the class in which the dwc:Taxon is classified.,,`Mammalia`; `Hepaticopsida`,string,default,,,,,dwc,http://rs.tdwg.org/dwc/terms/class,recommended
identification,order,,,,,Order,The full scientific name of the order in which the dwc:Taxon is classified.,,`Carnivora`; `Monocleales`,string,default,,,,,dwc,http://rs.tdwg.org/dwc/terms/order,recommended
identification,superfamily,,,,,Superfamily,The full scientific name of the superfamily in which the dwc:Taxon is classified.,"A taxonomic category subordinate to an order and superior to a family. According to ICZN article 29.2, the suffix -oidea is used for a superfamily name.",`Achatinoidea`; `Cerithioidea`; `Helicoidea`; `Hypsibioidea`; `Valvatoidea`; `Zonitoidea`,string,default,,,,,dwc,http://rs.tdwg.org/dwc/terms/superfamily,recommended
identification,family,,,,,Family,The full scientific name of the family in which the dwc:Taxon is classified.,,`Felidae`; `Monocleaceae`,string,default,,,,,dwc,http://rs.tdwg.org/dwc/terms/family,recommended
identification,subfamily,,,,,Subfamily,The full scientific name of the subfamily in which the dwc:Taxon is classified.,,`Periptyctinae`; `Orchidoideae`; `Sphindociinae`,string,default,,,,,dwc,http://rs.tdwg.org/dwc/terms/subfamily,recommended
identification,tribe,,,,,Tribe,The full scientific name of the tribe in which the dwc:Taxon is classified.,,`Ortaliini`; `Arethuseae`,string,default,,,,,dwc,http://rs.tdwg.org/dwc/terms/tribe,recommended
identification,subtribe,,,,,Subtribe,The full scientific name of the subtribe in which the dwc:Taxon is classified.,,`Plotinini`; `Typhaeini`,string,default,,,,,dwc,http://rs.tdwg.org/dwc/terms/subtribe,recommended
identification,genus,,,,,Genus,The full scientific name of the genus in which the dwc:Taxon is classified.,,`Puma`; `Monoclea`,string,default,,,,,dwc,http://rs.tdwg.org/dwc/terms/genus,recommended
identification,genericName,,,,,Generic Name,The genus part of the dwc:scientificName without authorship.,For synonyms the accepted genus and the genus part of the name may be different. The term dwc:genericName should be used together with dwc:specificEpithet to form a binomial and with dwc:infraspecificEpithet to form a trinomial. The term dwc:genericName should only be used for combinations. Uninomials of generic rank do not have a dwc:genericName.,"`Felis` (for scientificName `Felis concolor`, with accompanying values of `Puma concolor` in acceptedNameUsage and `Puma` in genus)",string,default,,,,,dwc,http://rs.tdwg.org/dwc/terms/genericName,recommended
identification,subgenus,,,,,Subgenus,The full scientific name of the subgenus in which the dwc:Taxon is classified.,A value for this term should be a complete subgenus name as required by the appropriate nomenclatural code.,`Abacetus (Parastygis)`; `Dicranum subgen. Orthodicranum`,string,default,,,,,dwc,http://rs.tdwg.org/dwc/terms/subgenus,recommended
identification,infragenericEpithet,,,,,Infrageneric Epithet,The infrageneric part of a binomial name at ranks above species but below genus.,"The term dwc:infragenericEpithet should be used in conjunction with dwc:genericName, dwc:specificEpithet, dwc:infraspecificEpithet, dwc:taxonRank and dwc:scientificNameAuthorship to represent the individual elements of the complete dwc:scientificName. It can be used to indicate the subgenus placement of a species, which in zoology is often given in parentheses. Can also be used to share infrageneric names such as botanical sections (e.g., `Vicia sect. Cracca`).",`Abacetillus` (for scientificName `Abacetus (Abacetillus) ambiguus`); `Cracca` (for scientificName `Vicia sect. Cracca`),string,default,,,,,dwc,http://rs.tdwg.org/dwc/terms/infragenericEpithet,recommended
identification,specificEpithet,,,,,Specific Epithet,The name of the first or species epithet of the dwc:scientificName.,,`concolor`; `gottschei`,string,default,,,,,dwc,http://rs.tdwg.org/dwc/terms/specificEpithet,recommended
identification,infraspecificEpithet,,,,,Infraspecific Epithet,The name of the lowest or terminal infraspecific of the dwc:scientificName.,"In botany, name strings in literature and identifications may have multiple infraspecific ranks. According to the International Code of Nomenclature for algae, fungi, and plants (Shenzhen Code Articles 6.7 & Art. 24.1), valid names only have two epithets, with the lowest rank being the dwc:infraspecificEpithet. For example: the dwc:infraspecificEpithet in the string `Indigofera charlieriana subsp. sessilis var. scaberrima` is `scaberrima` and the dwc:scientificName is `Indigofera charlieriana var. scaberrima (Schinz) J.B.Gillett`. Use dwc:verbatimIdentification for the full name string used in a dwc:Identification.",`concolor` (for scientificName `Puma concolor concolor`); `oxyadenia` (for scientificName `Quercus agrifolia var. oxyadenia`); `laxa` (for scientificName `Cheilanthes hirta f. laxa`); `scaberrima` (for scientificName `Indigofera charlieriana var. scaberrima`),string,default,,,,,dwc,http://rs.tdwg.org/dwc/terms/infraspecificEpithet,recommended
identification,cultivarEpithet,,,,,Cultivar Epithet,"Part of the name of a cultivar, cultivar group or grex that follows the dwc:scientificName.","According to the Rules of the Cultivated Plant Code, a cultivar name consists of a botanical name followed by a cultivar epithet. The value given as the dwc:cultivarEpithet should exclude any quotes. The term dwc:taxonRank should be used to indicate which type of cultivated plant name (e.g., cultivar, cultivar group, grex) is concerned. This epithet, including any enclosing apostrophes or suffix, should be provided in dwc:scientificName as well.",`King Edward` (for scientificName `Solanum tuberosum 'King Edward'` and taxonRank `cultivar`); `Mishmiense` (for scientificName `Rhododendron boothii Mishmiense Group` and taxonRank `cultivar group`); `Atlantis` (for scientificName `Paphiopedilum Atlantis grex` and taxonRank `grex`),string,default,,,,,dwc,http://rs.tdwg.org/dwc/terms/cultivarEpithet,recommended
identification,nameAccordingTo,,,,,Name According To,"The reference to the source in which the specific taxon concept circumscription is defined or implied - traditionally signified by the Latin ""sensu"" or ""sec."" (from secundum, meaning ""according to""). For taxa that result from identifications, a reference to the keys, monographs, experts and other sources should be given.","This term provides context to the dwc:scientificName. Together with the dwc:scientificName, separated by `sensu` or `sec.`, it forms the taxon concept label, which may be seen as having the same relationship to dwc:taxonConceptID as, for example, dwc:acceptedNameUsage has to dwc:acceptedNameUsageID. When not provided, in Taxon Core data sets the dwc:nameAccordingTo can be taken to be the data set. In this case the data set mostly provides sufficient context to infer the delimitation of the taxon and its relationship with other taxa. In Occurrence Core data sets, when not provided, dwc:nameAccordingTo can be an underlying taxonomy of the data set, e.g., Plants of the World Online (http://powo.science.kew.org/) for vascular plant records in iNaturalist (in which case it should be provided), or, which is the case for most dwc:PreservedSpecimen data sets, the dwc:Identification, in which case there is no further context.","`Franz NM, Cardona-Duque J (2013) Description of two new species and phylogenetic reassessment of Perelleschus Wibmer & O’Brien, 1986 (Coleoptera: Curculionidae), with a complete taxonomic concept history of Perelleschus sec. Franz & Cardona-Duque, 2013. Syst Biodivers. 11: 209–236.` (as the full citation of the Franz & Cardona-Duque (2013) in Perelleschus splendida sec. Franz & Cardona-Duque (2013))",string,default,,,,,dwc,http://rs.tdwg.org/dwc/terms/nameAccordingTo,recommended
identification,nomenclaturalCode,,,,,Nomenclatural Code,The nomenclatural code (or codes in the case of an ambiregnal name) under which the dwc:scientificName is constructed.,Recommended best practice is to use a controlled vocabulary.,`ICN`; `ICZN`; `BC`; `ICNCP`; `BioCode`,string,default,,,,,dwc,http://rs.tdwg.org/dwc/terms/nomenclaturalCode,recommended
identification,nomenclaturalStatus,,,,,Nomenclatural Status,The status related to the original publication of the name and its conformance to the relevant rules of nomenclature. It is based essentially on an algorithm according to the business rules of the code. It requires no taxonomic opinion.,,`nom. ambig.`; `nom. illeg.`; `nom. subnud.`,string,default,,,,,dwc,http://rs.tdwg.org/dwc/terms/nomenclaturalStatus,recommended
identification,namePublishedIn,,,,,Name Published In,A reference for the publication in which the dwc:scientificName was originally established under the rules of the associated dwc:nomenclaturalCode.,"A citation of the first publication of the name in its given combination, not the basionym / original name. Recombinations are often not published in zoology, in which case dwc:namePublishedIn should be empty.","`Pearson O. P., and M. I. Christie. 1985. Historia Natural, 5(37):388`; `Forel, Auguste, Diagnosies provisoires de quelques espèces nouvelles de fourmis de Madagascar, récoltées par M. Grandidier., Annales de la Societe Entomologique de Belgique, Comptes-rendus des Seances 30, 1886`",string,default,,,,,dwc,http://rs.tdwg.org/dwc/terms/namePublishedIn,recommended
identification,namePublishedInYear,,,,,Name Published In Year,The four-digit year in which the dwc:scientificName was published.,,`1915`; `2008`,string,default,,,,,dwc,http://rs.tdwg.org/dwc/terms/namePublishedInYear,recommended
identification,taxonRemarks,,,,,Taxon Remarks,Comments or notes about the taxon or name.,,`this name is a misspelling in common use`,string,default,,,,,dwc,http://rs.tdwg.org/dwc/terms/taxonRemarks,recommended
identification,feedbackURL,,,,,Feedback URL,A uniform resource locator (URL) that points to a webpage on which a form may be submitted to gather feedback about the record.,A uniform resource locator (URL) that points to a webpage on which a form may be submitted to gather feedback about the record.,`https://example.com/new?title=New+issue&body=This+comment+is+about+CAN12345`,string,default,,,,,dwc,http://rs.tdwg.org/dwc/terms/feedbackURL,recommended
identification-agent-role,identification_fk,fk,role for,identification,identification_pk,Identification (Foreign Key),An identifier for a dwc:Identification.,The value in this field MAY be changed in aggregation to preserve the relationship to the related primary key.,,string,default,FALSE,TRUE,,,dwc,http://rs.tdwg.org/dwc/terms/identificationID,recommended
identification-agent-role,agent_fk,fk,role holder,agent,agent_pk,Agent (Foreign Key),An identifier for a dcterms:Agent.,The value in this field MAY be changed in aggregation to preserve the relationship to the related primary key.,,string,default,FALSE,TRUE,,,dwc,http://rs.tdwg.org/dwc/terms/agentID,recommended
identification-agent-role,agentRole,,,,,Agent Role,A category that best matches the nature of a role of a dcterms:Agent.,Recommended best practice is to use a controlled vocabulary for the roles appropriate to the class of resource a dcterms:AgentRole is related to.,,string,default,,,,,dwc,http://rs.tdwg.org/dwc/terms/relationshipOfResource,recommended
identification-agent-role,agentRoleIRI,,,,,Agent Role IRI,An IRI of the controlled vocabulary value for a role of a dcterms:Agent.,Recommended best practice is to use an IRI for a term in a controlled vocabulary.,,string,default,,,,,dwciri,http://rs.tdwg.org/dwc/terms/relationshipOfResourceID,recommended
identification-agent-role,agentRoleSource,,,,,Agent Role Source,A reference to a controlled vocabulary in which the definition of a value in dwc:agentRole is given.,,,string,default,,,,,dc,http://purl.org/dc/elements/1.1/source,recommended
identification-agent-role,agentRoleOrder,,,,,Agent Role Order,"A numerical position of an AgentRole in a set of AgentRoles that have the same combination of agentRole, agentRoleIRI, agentRoleSource and related target identifier.","One could use dwc:agentRoleOrder to create an ordered list of collectors (dwc:agentRole = 'collector') for a dwc:MaterialEntity, for example. The first would have dwc:agentRoleOrder=1, the second would have dwc:agentRoleOrder=2.",,integer,default,,TRUE,1,,dwc,http://rs.tdwg.org/dwc/terms/agentRoleOrder,recommended
identification-agent-role,agentRoleDate,,,,,Agent Role Date,An interval during which a dcterms:AgentRole was in effect.,Recommended best practice is to use a date that conforms to ISO 8601-1:2019.,`1963-03-08T14:07-06:00` (8 Mar 1963 at or after 2:07pm and before 2:08pm in the time zone six hours earlier than UTC); `2009-02-20T08:40Z` (20 February 2009 at or after 8:40am and before 8:41 UTC); `2018-08-29T15:19` (29 August 2018 at or after 3:19pm and before 3:20pm local time); `1809-02-12` (within the day 12 February 1809); `1906-06` (in the month of June 1906); `1971` (in the year 1971); `2007-03-01T13:00:00Z/2008-05-11T15:30:00Z` (some time within the interval beginning 1 March 2007 at 1pm UTC and before 11 May 2008 at 3:30pm UTC); `1900/1909` (some time within the interval between the beginning of the year 1900 and before the year 1909); `2007-11-13/15` (some time in the interval between the beginning of 13 November 2007 and before 15 November 2007),string,default,,,,,dwc,http://rs.tdwg.org/dwc/terms/assertionEffectiveDate,recommended
identification-reference,reference_fk,fk,used,bibliographic-resource,reference_pk,Reference (Foreign Key),An identifier for a dcterms:BibliographicResource.,The value in this field MAY be changed in aggregation to preserve the relationship to the related primary key.,,string,default,FALSE,FALSE,,,dwc,http://rs.tdwg.org/dwc/terms/referenceID,recommended
identification-reference,identification_fk,fk,used for,identification,identification_pk,Identification (Foreign Key),An identifier for a dwc:Protocol.,The value in this field MAY be changed in aggregation to preserve the relationship to the related primary key.,,string,default,FALSE,TRUE,,,dwc,http://rs.tdwg.org/dwc/terms/identificationID,recommended
identification-reference,relationshipType,,,,,Relationship Type,A relationship of a subject resource to a dcterms:BibliographicResource.,Recommended best practice is to use a controlled vocabulary.,`cited in`; `referenced`,string,default,,,,,dwc,http://rs.tdwg.org/dwc/terms/relationshipOfResource,recommended
identification-taxon,identification_fk,fk,for,identification,identification_pk,Identification (Foreign Key),An identifier for a dwc:Identification.,The value in this field MAY be changed in aggregation to preserve the relationship to the related primary key.,,string,default,FALSE,TRUE,,,dwc,http://rs.tdwg.org/dwc/terms/identificationID,recommended
identification-taxon,taxonSortOrder,,,,,Taxon Sort Order,A numerical position of a dwc:Taxon in a dwc:taxonFormula.,"The number signifies which dwc:Taxon in the related dwc:taxonFormula this record refers to (e.g., `1` refs to the `A` in the dwc:taxonFormula ""A x B"").",`1`; `2`,integer,default,,TRUE,1,,dwc,http://rs.tdwg.org/dwc/terms/taxonSortOrder,recommended
identification-taxon,taxonID,,,,,Taxon ID,An identifier for a dwc:Taxon.,"In DwC-DP, the dwc:taxonID is always an external link to a taxon record. As such, if present, it should be a resolvable globally unique identifier. See the Identifiers section of https://github.com/CatalogueOfLife/coldp/blob/master/README.md.",`8fa58e08-08de-4ac1-b69c-1235340b7001`; `32567`; `https://www.gbif.org/species/212`,string,default,,,,,dwc,http://rs.tdwg.org/dwc/terms/taxonID,recommended
identification-taxon,scientificNameID,,,,,Scientific Name ID,An identifier for the nomenclatural (not taxonomic) details of a scientific name.,"In DwC-DP, the dwc:scientificNameID is always an external link to a taxon record. As such, if present, it should be a resolvable globally unique identifier. See the Identifiers section of https://github.com/CatalogueOfLife/coldp/blob/master/README.md.",`urn:lsid:ipni.org:names:37829-1:1.3`,string,default,,,,,dwc,http://rs.tdwg.org/dwc/terms/scientificNameID,recommended
identification-taxon,geologicalClassificationCodes,,,,,Geological Classification Codes,A list (concatenated and separated) of codes that each identifies a name from a classification system applied to a dwc:GeologicalMaterial.,Recommended best practice is to separate the values in a list with space vertical bar space (` | `).,"`71.02.02a.01` (""muscovite"" in the Dana classification system); `9.AD.25` (""garnet group"" in the Nickel-Strunz classification system); `75.01.03.01 | 4.DA.05` (""quartz"" the Dana classification system and ""quartz group"" in the Nickel-Strunz classification system)",string,default,,,,,dwc,http://rs.tdwg.org/dwc/terms/classificationCodes,recommended
identification-taxon,geologicalMaterialNames,,,,,Geological Material Names,A list (concatenated and separated) of mineral or lithotaxon names for a dwc:GeologicalMaterial.,"May includes both informal (e.g., variety, synonym) and formal (classification) names. The first name in the list should be considered the preferred name. Recommended best practice is to separate the values in a list with space vertical bar space (` | `).",`quartz | smoky quartz`; `muscovite`; `garnet group`,string,default,,,,,dwc,http://rs.tdwg.org/dwc/terms/geologicalMaterialNames,recommended
identification-taxon,scientificName,,,,,Scientific Name,"A scientific name string, not including authorship, date or identification qualifiers.",,`Coleoptera` (order); `Vespertilionidae` (family); `Manis` (genus); `Ctenomys sociabilis` (genus + specificEpithet); `Ambystoma tigrinum diaboli` (genus + specificEpithet + infraspecificEpithet); `Quercus agrifolia var. oxyadenia` (genus + specificEpithet + taxonRank + infraspecificEpithet); `×Agropogon littoralis`; `Mentha ×smithiana`; `Agrostis stolonifera L. × Polypogon monspeliensis`,string,default,,,,,dwc,http://rs.tdwg.org/dwc/terms/scientificName,recommended
identification-taxon,scientificNameAuthorship,,,,,Scientific Name Authorship,The authorship information for a dwc:scientificName formatted according to the conventions of the applicable dwc:nomenclaturalCode.,,"`(Torr.) J.T. Howell`; `(Martinovský) Tzvelev`; `(Györfi, 1952)`",string,default,,,,,dwc,http://rs.tdwg.org/dwc/terms/scientificNameAuthorship,recommended
identification-taxon,vernacularName,,,,,Vernacular Name,A common or vernacular name.,,`Andean Condor`; `death cap`; `rainbow trout`; `Smoky Quartz`; `Amethyst`; `Agate`; `Tiger's Eye`,string,default,,,,,dwc,http://rs.tdwg.org/dwc/terms/vernacularName,recommended
identification-taxon,taxonRank,,,,,Taxon Rank,A taxonomic rank of the most specific name in a dwc:scientificName.,"Recommended best practice is to use a controlled vocabulary. The taxon ranks of algae, fungi and plants are defined in the International Code of Nomenclature for algae, fungi, and plants (Shenzhen Code Articles H3.2, H4.4 and H.3.1).",`subspecies`; `varietas`; `forma`; `species`; `genus`; `nothogenus`; `nothospecies`; `nothosubspecies`,string,default,,,,,dwc,http://rs.tdwg.org/dwc/terms/taxonRank,recommended
identification-taxon,classificationSystem,,,,,Classification System,A reference to the classification system in which an authoritative name or formal classification belongs.,"Recommended best practice is to provide a formal citation or IRI. This term should not be confused with dwc:namePublishedIn as a classification system is not equivalent to a publication in which a taxon is first described. This term should not be confused with dwc:nameAccordingTo as a classification system is not equivalent to a publication or other source in which a specific taxon concept circumscription is defined or implied. This term should not be confused with dwc:nomenclaturalCode as a classification system is not equivalent to code of nomenclature, which states the rules for naming rather than an organized source of names. This term has an equivalent in the dwciri: namespace that allows only an IRI as a value, whereas this term allows for any string literal value.","`Strunz, H., Nickel, E.H. (2001): Strunz Mineralogical Tables. Chemical-Structural Mineral Classification System. 9th edition. E. Schweizerbart’sche Verlagsbuchhandlung, Stuttgart, ix + 870 p. (ISBN 3-510-65188-X)`; `Gaines, R.V., Skinner, H.C.W., Foord, E.E., Mason, B., Rosenzweig, A. (1997): Dana's New Mineralogy: The System of Mineralogy of James Dwight Dana and Edward Salisbury Dana. 8th edition. John Wiley & Sons, New York, xlv + 1819 p. (ISBN 0-471-19310-0).`; `https://kos.geospecimens.org/vocab/meteorite-classification`; `Mammal Diversity Database. (2026). Mammal Diversity Database (Version 2.5) [Data set]. [Zenodo](https://zenodo.org/records/10595931). https://doi.org/10.5281/zenodo.17033774`; `Index Fungorum. (2026). Index Fungorum electronic database. Royal Botanic Gardens, Kew. Retrieved August 17, 2026, from indexfungorum.org.`",string,default,,,,,dc,http://rs.tdwg.org/dwc/terms/classificationSystem,recommended
identification-taxon,kingdom,,,,,Kingdom,The full scientific name of the kingdom in which the dwc:Taxon is classified.,,`Animalia`; `Archaea`; `Bacteria`; `Chromista`; `Fungi`; `Plantae`; `Protozoa`; `Viruses`,string,default,,,,,dwc,http://rs.tdwg.org/dwc/terms/kingdom,recommended
identification-taxon,phylum,,,,,Phylum,The full scientific name of the phylum or division in which the dwc:Taxon is classified.,,`Chordata` (phylum); `Bryophyta` (division),string,default,,,,,dwc,http://rs.tdwg.org/dwc/terms/phylum,recommended
identification-taxon,class,,,,,Class,The full scientific name of the class in which the dwc:Taxon is classified.,,`Mammalia`; `Hepaticopsida`,string,default,,,,,dwc,http://rs.tdwg.org/dwc/terms/class,recommended
identification-taxon,order,,,,,Order,The full scientific name of the order in which the dwc:Taxon is classified.,,`Carnivora`; `Monocleales`,string,default,,,,,dwc,http://rs.tdwg.org/dwc/terms/order,recommended
identification-taxon,family,,,,,Family,The full scientific name of the family in which the dwc:Taxon is classified.,,`Felidae`; `Monocleaceae`,string,default,,,,,dwc,http://rs.tdwg.org/dwc/terms/family,recommended
identification-taxon,subfamily,,,,,Subfamily,The full scientific name of the subfamily in which the dwc:Taxon is classified.,,`Periptyctinae`; `Orchidoideae`; `Sphindociinae`,string,default,,,,,dwc,http://rs.tdwg.org/dwc/terms/subfamily,recommended
identification-taxon,genus,,,,,Genus,The full scientific name of the genus in which the dwc:Taxon is classified.,,`Puma`; `Monoclea`,string,default,,,,,dwc,http://rs.tdwg.org/dwc/terms/genus,recommended
identification-taxon,genericName,,,,,Generic Name,The genus part of the dwc:scientificName without authorship.,For synonyms the accepted genus and the genus part of the name may be different. The term dwc:genericName should be used together with dwc:specificEpithet to form a binomial and with dwc:infraspecificEpithet to form a trinomial. The term dwc:genericName should only be used for combinations. Uninomials of generic rank do not have a dwc:genericName.,"`Felis` (for scientificName `Felis concolor`, with accompanying values of `Puma concolor` in acceptedNameUsage and `Puma` in genus)",string,default,,,,,dwc,http://rs.tdwg.org/dwc/terms/genericName,recommended
identification-taxon,subgenus,,,,,Subgenus,The full scientific name of the subgenus in which the dwc:Taxon is classified.,A value for this term should be a complete subgenus name as required by the appropriate nomenclatural code.,`Abacetus (Parastygis)`; `Dicranum subgen. Orthodicranum`,string,default,,,,,dwc,http://rs.tdwg.org/dwc/terms/subgenus,recommended
identification-taxon,infragenericEpithet,,,,,Infrageneric Epithet,The infrageneric part of a binomial name at ranks above species but below genus.,,`Abacetillus` (for scientificName `Abacetus (Abacetillus) ambiguus`); `Cracca` (for scientificName `Vicia sect. Cracca`),string,default,,,,,dwc,http://rs.tdwg.org/dwc/terms/infragenericEpithet,recommended
identification-taxon,specificEpithet,,,,,Specific Epithet,The name of the first or species epithet of the dwc:scientificName.,,`concolor`; `gottschei`,string,default,,,,,dwc,http://rs.tdwg.org/dwc/terms/specificEpithet,recommended
identification-taxon,infraspecificEpithet,,,,,Infraspecific Epithet,The name of the lowest or terminal infraspecific of the dwc:scientificName.,"In botany, name strings in literature and identifications may have multiple infraspecific ranks. According to the International Code of Nomenclature for algae, fungi, and plants (Shenzhen Code Articles 6.7 & Art. 24.1), valid names only have two epithets, with the lowest rank being the dwc:infraspecificEpithet. For example: the dwc:infraspecificEpithet in the string Indigofera charlieriana subsp. sessilis var. scaberrima is scaberrima and the dwc:scientificName is Indigofera charlieriana var. scaberrima (Schinz) J.B.Gillett. Use dwc:verbatimIdentification for the full name string used in a dwc:Identification.",`concolor` (for scientificName `Puma concolor concolor`); `oxyadenia` (for scientificName `Quercus agrifolia var. oxyadenia`); `laxa` (for scientificName `Cheilanthes hirta f. laxa`); `scaberrima` (for scientificName `Indigofera charlieriana var. scaberrima`),string,default,,,,,dwc,http://rs.tdwg.org/dwc/terms/infraspecificEpithet,recommended
identification-taxon,cultivarEpithet,,,,,Cultivar Epithet,"Part of the name of a cultivar, cultivar group or grex that follows the dwc:scientificName.","According to the Rules of the Cultivated Plant Code, a cultivar name consists of a botanical name followed by a cultivar epithet. The value given as the dwc:cultivarEpithet should exclude any quotes. The term dwc:taxonRank should be used to indicate which type of cultivated plant name (e.g., cultivar, cultivar group, grex) is concerned. This epithet, including any enclosing apostrophes or suffix, should be provided in dwc:scientificName as well.",`King Edward` (for scientificName `Solanum tuberosum 'King Edward'` and taxonRank `cultivar`); `Mishmiense` (for scientificName `Rhododendron boothii Mishmiense Group` and taxonRank `cultivar group`); `Atlantis` (for scientificName `Paphiopedilum Atlantis grex` and taxonRank `grex`),string,default,,,,,dwc,http://rs.tdwg.org/dwc/terms/cultivarEpithet,recommended
identification-taxon,nameAccordingTo,,,,,Name According To,"The reference to the source in which the specific taxon concept circumscription is defined or implied - traditionally signified by the Latin ""sensu"" or ""sec."" (from secundum, meaning ""according to""). For taxa that result from identifications, a reference to the keys, monographs, experts and other sources should be given.","This term provides context to the dwc:scientificName. Together with the dwc:scientificName, separated by sensu or sec., it forms the taxon concept label, which may be seen as having the same relationship to dwc:taxonConceptID as, for example, dwc:acceptedNameUsage has to dwc:acceptedNameUsageID. When not provided, in Taxon Core data sets the dwc:nameAccordingTo can be taken to be the data set. In this case the data set mostly provides sufficient context to infer the delimitation of the taxon and its relationship with other taxa. In Occurrence Core data sets, when not provided, dwc:nameAccordingTo can be an underlying taxonomy of the data set, e.g., Plants of the World Online (http://powo.science.kew.org/) for vascular plant records in iNaturalist (in which case it should be provided), or, which is the case for most dwc:PreservedSpecimen data sets, the dwc:Identification, in which case there is no further context.","`Franz NM, Cardona-Duque J (2013) Description of two new species and phylogenetic reassessment of Perelleschus Wibmer & O’Brien, 1986 (Coleoptera: Curculionidae), with a complete taxonomic concept history of Perelleschus sec. Franz & Cardona-Duque, 2013. Syst Biodivers. 11: 209–236.` (as the full citation of the Franz & Cardona-Duque (2013) in Perelleschus splendida sec. Franz & Cardona-Duque (2013))",string,default,,,,,dwc,http://rs.tdwg.org/dwc/terms/nameAccordingTo,recommended
identification-taxon,nomenclaturalCode,,,,,Nomenclatural Code,The nomenclatural code (or codes in the case of an ambiregnal name) under which the dwc:scientificName is constructed.,Recommended best practice is to use a controlled vocabulary.,`ICN`; `ICZN`; `BC`; `ICNCP`; `BioCode`,string,default,,,,,dwc,http://rs.tdwg.org/dwc/terms/nomenclaturalCode,recommended
identification-taxon,nomenclaturalStatus,,,,,Nomenclatural Status,The status related to the original publication of the name and its conformance to the relevant rules of nomenclature. It is based essentially on an algorithm according to the business rules of the code. It requires no taxonomic opinion.,,`nom. ambig.`; `nom. illeg.`; `nom. subnud.`,string,default,,,,,dwc,http://rs.tdwg.org/dwc/terms/nomenclaturalStatus,recommended
identification-taxon,namePublishedIn,,,,,Name Published In,A reference for the publication in which the dwc:scientificName was originally established under the rules of the associated dwc:nomenclaturalCode.,"A citation of the first publication of the name in its given combination, not the basionym / original name. Recombinations are often not published in zoology, in which case dwc:namePublishedIn should be empty.","`Pearson O. P., and M. I. Christie. 1985. Historia Natural, 5(37):388`; `Forel, Auguste, Diagnosies provisoires de quelques espèces nouvelles de fourmis de Madagascar, récoltées par M. Grandidier., Annales de la Societe Entomologique de Belgique, Comptes-rendus des Seances 30, 1886`",string,default,,,,,dwc,http://rs.tdwg.org/dwc/terms/namePublishedIn,recommended
identification-taxon,namePublishedInYear,,,,,Name Published In Year,The four-digit year in which the dwc:scientificName was published.,,`1915`; `2008`,string,default,,,,,dwc,http://rs.tdwg.org/dwc/terms/namePublishedInYear,recommended
material,materialEntity_pk,pk,,,,Material Entity (Primary Key),A unique identifier for a dwc:MaterialEntity.,The value in this field MAY be changed in aggregation to guarantee uniqueness.,`06809dc5-f143-459a-be1a-6f03e63fc083`,string,default,TRUE,TRUE,,,dwc,http://rs.tdwg.org/dwc/terms/materialEntityID,recommended
material,materialEntityID,wpk,,,,Material Entity ID,An identifier for a dwc:MaterialEntity.,The value in this field MUST be preserved in aggregation. Recommended best practice is to use a globally unique identifier.,`06809dc5-f143-459a-be1a-6f03e63fc083`,string,default,,,,,dwc,http://rs.tdwg.org/dwc/terms/materialEntityID,recommended
material,digitalSpecimenID,,,,,Digital Specimen ID,An identifier for a Digital Specimen resource.,A Digital Specimen is defined in https://doi.org/10.3897/rio.7.e67379. A dwc:digitalSpecimenID is intended to uniquely and persistently identify a Digital Specimen. Recommended best practice is to use a DOI with machine readable metadata in the DOI record that uses a community agreed metadata profile (also known as FDO profile) for a Digital Specimen. For an example see: https://doi.org/10.3535/N75-CR4-0SM?noredirect. The identifier is for a digital information artifact (the Digital Specimen) as opposed to an identifier for a specific instance of a dwc:MaterialEntity.,`https://doi.org/10.3535/M42-Z4P-DRD`; `https://doi.org/10.3535/M42-Z4P-DRD?urlappend=/1`; `https://doi.org/10.3535/M42-Z4P-DRD?locatt=/1`; `doi:10.3535/M42-Z4P-DRD`,string,default,,,,,dwc,http://rs.tdwg.org/dwc/terms/digitalSpecimenID,recommended
material,collectionEvent_fk,fk,collected during,event,event_pk,Collection Event (Foreign Key),An identifier for a dwc:Event during which a dwc:MaterialEntity was collected.,The value in this field MAY be changed in aggregation to preserve the relationship to the related primary key.,,string,default,FALSE,FALSE,,,dwc,http://rs.tdwg.org/dwc/terms/eventID,recommended
material,evidenceForOccurrence_fk,fk,evidence for,occurrence,occurrence_pk,Evidence For Occurrence (Foreign Key),An identifier for a dwc:Occurrence for which a dwc:MaterialEntity provides evidence.,The value in this field MAY be changed in aggregation to preserve the relationship to the related primary key.,,string,default,FALSE,FALSE,,,dwc,http://rs.tdwg.org/dwc/terms/occurrenceID,recommended
material,derivedFromMaterialEntity_fk,fk,derived from,material,materialEntity_pk,Derived From Material Entity (Foreign Key),An identifier for a dwc:MaterialEntity from which this dwc:MaterialEntity was derived.,The value in this field MAY be changed in aggregation to preserve the relationship to the related primary key.,,string,default,FALSE,FALSE,,,dwc,http://rs.tdwg.org/dwc/terms/materialEntityID,recommended
material,derivedFromMaterialEntityID,wfk,derived from,material,materialEntityID,Derived From Material Entity ID,An identifier for a dwc:MaterialEntity from which this dwc:MaterialEntity was derived.,This dwc:MaterialEntity is separate from a dwc:MaterialEntity from which it was derived (cf. dwc:isPartOfMaterialEntityID). Recommended best practice is to use a globally unique identifier. The value in this field MAY refer to a dwc:MaterialEntity within or external to the dataset in which this record originated.,,string,default,FALSE,FALSE,,,dwc,http://rs.tdwg.org/dwc/terms/materialEntityID,recommended
material,derivationEvent_fk,fk,derived during,event,event_pk,Derivation Event (Foreign Key),An identifier for a dwc:Event during which a dwc:MaterialEntity was derived from another dwc:MaterialEntity.,The value in this field MAY be changed in aggregation to preserve the relationship to the related primary key.,,string,default,FALSE,FALSE,,,dwc,http://rs.tdwg.org/dwc/terms/eventID,recommended
material,derivationEventID,wfk,derived during,event,eventID,Derivation Event ID,An identifier for a dwc:Event during which a dwc:MaterialEntity was derived from another dwc:MaterialEntity.,The value in this field MUST be preserved in aggregation. Recommended best practice is to use a globally unique identifier.,,string,default,FALSE,FALSE,,,dwc,http://rs.tdwg.org/dwc/terms/eventID,recommended
material,isPartOfMaterialEntity_fk,fk,part of,material,materialEntity_pk,Is Part Of Material Entity (Foreign Key),An identifier for a dwc:MaterialEntity of which this dwc:MaterialEntity is a part.,The value in this field MAY be changed in aggregation to preserve the relationship to the related primary key.,,string,default,FALSE,FALSE,,,dwc,http://rs.tdwg.org/dwc/terms/isPartOfMaterialEntityID,recommended
material,isPartOfMaterialEntityID,wfk,part of,material,materialEntityID,Is Part Of Material Entity ID,An identifier for a dwc:MaterialEntity of which this dwc:MaterialEntity is a part.,This dwc:MaterialEntity was not taken from a dwc:MaterialEntity of which it is a part. Recommended best practice is to use a globally unique identifier. The value in this field MAY refer to a dwc:MaterialEntity within or external to the dataset in which this record originated.,,string,default,FALSE,FALSE,,,dwc,http://rs.tdwg.org/dwc/terms/isPartOfMaterialEntityID,recommended
material,materialRole,,,,,Material Role,A category that best matches the nature of the relationship between a dwc:MaterialEntity and another dwc:MaterialEntity of which it is a part.,,`matrix`; `groundmass`; `phenocryst`; `xenolith`; `vein`,string,default,,,,,dwc,http://rs.tdwg.org/dwc/terms/materialRole,recommended
material,materialProportion,,,,,Material Proportion,The qualitative or quantitative abundance of a dwc:MaterialEntity with respect to another dwc:MaterialEntity of which it is a part.,"Recommended best practice is to use a controlled vocabulary such as http://resource.geosciml.org/classifier/cgi/proportionterm. This term has an equivalent in the dwciri: namespace that allows only an IRI as a value, whereas this term allows for any string literal value.",`20%`; `minor`;  `dominant`,string,default,,,,,dwc,http://rs.tdwg.org/dwc/terms/materialProportion,recommended
material,materialEntityCategory,,,,,Material Entity Category,"A high-level, mutually exclusive classification describing the fundamental substance and origin of a dwc:MaterialEntity.","Recommended best practice is to use a limited, tightly controlled vocabulary.",`preserved`; `living`; `fossilized`; `tissue`; `DNA extract`; `non-biological`; `human-made`,string,default,,,,,dwc,http://rs.tdwg.org/dwc/terms/materialEntityCategory,recommended
material,materialEntityType,,,,,Material Entity Type,A more generic classification of a dwc:MaterialEntity than dwc:preparations but less broad than dwc:materialCategory.,"A more generic classification of a dwc:MaterialEntity than dwc:preparations. Recommended best practice is to use a controlled vocabulary. This term has an equivalent in the dwciri: namespace that allows only an IRI as a value, whereas this term allows for any string literal value.",`Macro-object`; `Micro-object`; `Oversized object`; `Cut/polished gemstone`; `Compound Specimen`; `Core`; `Mixed Materials`; `Environmental sample`; `Microscope slide`; `Spore print`; `Macrofossil`; `Mesofossil`; `Microfossil`; `Pinned object/specimen`; `Taxidermy mount`; `Blood sampling cards`; `Oversized fossil`; `Anthropogenic Artifact`,string,default,,,,,dwc,http://rs.tdwg.org/dwc/terms/materialEntityType,recommended
material,discipline,,,,,Discipline,The primary branch or branches of knowledge represented by a dwc:MaterialEntity.,This term can be used to classify records according to branches of knowledge. Recommended best practice is to use a controlled vocabulary and to separate the values in a list with space vertical bar space (` | `). It is also recommended to use this field to describe specimenType in MIDS.,`Botany`; `Botany | Virology | Taxonomy`,string,default,,,,,dwc,http://rs.tdwg.org/dwc/terms/discipline,recommended
material,sampledFeatureType,,,,,Sampled Feature Type,The type of naturally occurring or anthropogenic physical feature from which a dwc:MaterialEntity was sampled.,"This term has an equivalent in the dwciri: namespace that allows only an IRI as a value, whereas this term allows for any string literal value.",`float`; `mine dump`; `mine/quarry pit`; `outcrop`; `erratic boulder`,string,default,,,,,dwc,http://rs.tdwg.org/dwc/terms/sampledFeatureType,recommended
material,institutionCode,,,,,Institution Code,A name (or acronym) in use by an institution having custody of a dwc:MaterialEntity.,,`MVZ`; `FMNH`; `CLO`; `UCMP`,string,default,,,,,dwc,http://rs.tdwg.org/dwc/terms/institutionCode,recommended
material,institutionID,wfk,stored in,agent,agentID,Institution ID,An identifier for an organization.,"For physical specimens, the recommended best practice is to use a globally unique and resolvable identifier from a collections registry such as the Research Organization Registry (ROR) or the Global Registry of Scientific Collections (https://scientific-collections.gbif.org/). The value in this field MAY refer to a dcterms:Agent within or external to the dataset in which this record originated.",`https://ror.org/015hz7p22`; `http://grscicoll.org/institution/museum-southwestern-biology`; `https://www.gbif.org/grscicoll/institution/e3d4dcc4-81e2-444c-8a5c-41d1044b5381`,string,default,FALSE,FALSE,,,dwc,http://rs.tdwg.org/dwc/terms/institutionID,recommended
material,ownerInstitutionCode,,,,,Owner Institution Code,A name (or acronym) in use by an institution having ownership of a dwc:MaterialEntity.,,`NPS`; `APN`; `InBio`,string,default,,,,,dwc,http://rs.tdwg.org/dwc/terms/ownerInstitutionCode,recommended
material,ownerInstitutionID,wfk,owned by,agent,agentID,Owner Institution ID,An identifier for an institution that owns a dwc:MaterialEntity.,"For physical specimens, the recommended best practice is to use a globally unique and resolvable identifier from a collections registry such as the Research Organization Registry (ROR) or the Global Registry of Scientific Collections (https://scientific-collections.gbif.org/). The value in this field MAY refer to a dcterms:Agent within or external to the dataset in which this record originated.",`https://orcid.org/0000-0002-1825-0097`,string,default,FALSE,FALSE,,,dwc,http://rs.tdwg.org/dwc/terms/agentID,recommended
material,collectionCode,,,,,Collection Code,"A name, acronym, coden, or initialism identifying a collection.",,`Mammals`; `Hildebrandt`; `EBIRD`; `VP`,string,default,,,,,dwc,http://rs.tdwg.org/dwc/terms/collectionCode,recommended
material,collectionID,,,,,Collection ID,An identifier for a collection.,"For physical specimens, the recommended best practice is to use a globally unique and resolvable identifier from a collections registry such as the Global Registry of Scientific Collections (https://scientific-collections.gbif.org/).",`https://scientific-collections.gbif.org/collection/fbd3ed74-5a21-4e01-b86a-33d36f032d9c`,string,default,,,,,dwc,http://rs.tdwg.org/dwc/terms/collectionID,recommended
material,catalogNumber,,,,,Catalog Number,An identifier (preferably unique) for a dwc:MaterialEntity within a collection.,,`145732`; `145732a`; `2008.1334`; `R-4313`,string,default,,,,,dwc,http://rs.tdwg.org/dwc/terms/catalogNumber,recommended
material,otherCatalogNumbers,,,,,Other Catalog Numbers,"A list (concatenated and separated) of previous or alternate fully qualified catalog numbers or other human-used identifiers for the same dwc:MaterialEntity, whether in the current or any other data set or collection.",Recommended best practice is to separate the values in a list with space vertical bar space (` | `).,`FMNH:Mammal:1234`; `NPS YELLO6778 | MBG 33424`,string,default,,,,,dwc,http://rs.tdwg.org/dwc/terms/otherCatalogNumbers,recommended
material,collectorNumber,,,,,Collector Number,An identifier given to a dwc:MaterialEntity at the time it was collected.,"Often serves as a link between field notes and a dwc:MaterialEntity, such as a specimen collector's number.",`OPP 7101`,string,default,,,,,dwc,http://rs.tdwg.org/dwc/terms/recordNumber,recommended
material,collectedBy,,,,,Collected By,A name for a dcterms:Agent responsible for recording a dwc:MaterialEntity.,Recommended best practice is to separate the values in a list with space vertical bar space (` | `).,`José E. Crespo`; `Oliver P. Pearson | Anita K. Pearson` (where the value in dwc:collectorNumber `OPP 7101` corresponds to the collector number for the specimen in the field catalog of Oliver P. Pearson),string,default,,,,,dwc,http://rs.tdwg.org/dwc/terms/recordedBy,recommended
material,collectedBy_fk,fk,collected by,agent,agent_pk,Collected By (Foreign Key),An identifier for the dcterms:Agent responsible for collecting a dwc:MaterialEntity.,The value in this field MAY be changed in aggregation to preserve the relationship to the related primary key.,,string,default,FALSE,FALSE,,,dwc,http://rs.tdwg.org/dwc/terms/version/recordedByID,recommended
material,collectedByID,wfk,collected by,agent,agentID,Collected By ID,An identifier for the dcterms:Agent responsible for collecting a dwc:MaterialEntity.,The value in this field MAY refer to a dcterms:Agent within or external to the dataset in which this record originated.,`https://orcid.org/0000-0002-1825-0097`; `https://ror.org/00mh9zx15`,string,default,FALSE,FALSE,,,dwc,http://rs.tdwg.org/dwc/terms/version/recordedByID,recommended
material,objectQuantity,,,,,Object Quantity,A number or enumeration value for the quantity of differentiable dwc:MaterialEntities comprising this dwc:MaterialEntity.,An dwc:objectQuantity must have a corresponding dwc:objectQuantityType.,`27` (objectQuantity) with `individuals` (objectQuantityType); `many` (objectQuantity) with `individuals` (objectQuantityType); `3` (objectQuantity) with `legs` (objectQuantityType),string,default,,,,,dwc,http://rs.tdwg.org/dwc/terms/objectQuantity,recommended
material,objectQuantityType,,,,,Object Quantity Type,The type of quantification system used for the quantity of dwc:MaterialEntities.,An dwc:objectQuantityType must have a corresponding dwc:objectQuantity.,`27` (objectQuantity) with `individuals` (objectQuantityType); `many` (objectQuantity) with `individuals` (objectQuantityType); `3` (objectQuantity) with `legs` (objectQuantityType),string,default,,,,,dwc,http://rs.tdwg.org/dwc/terms/objectQuantityType,recommended
material,preparations,,,,,Preparations,A list (concatenated and separated) of preparations and preservation methods for a dwc:MaterialEntity.,"Recommended best practice is to separate the values in a list with space vertical bar space (` | `). This term has an equivalent in the dwciri: namespace that allows only an IRI as a value, whereas this term allows for any string literal value.",`fossil`; `cast`; `photograph`; `DNA extract`; `skin | skull | skeleton`; `whole animal (EtOH) | tissue (EDTA)`,string,default,,,,,dwc,http://rs.tdwg.org/dwc/terms/preparations,recommended
material,disposition,,,,,Disposition,A current state of a dwc:MaterialEntity with respect to where it can be found.,"Recommended best practice is to use a controlled vocabulary. This term has an equivalent in the dwciri: namespace that allows only an IRI as a value, whereas this term allows for any string literal value.",`in collection`; `missing`; `on loan`; `used up`; `destroyed`; `deaccessioned`,string,default,,,,,dwc,http://rs.tdwg.org/dwc/terms/disposition,recommended
material,measuredMassInGrams,,,,,Measured Mass In Grams,"Mass of a dwc:MaterialEntity, measured in grams.",,`0.03`; `2.34`; `56.6`,string,default,,,,,dwc,http://rs.tdwg.org/dwc/terms/measuredMassInGrams,recommended
material,verbatimMass,,,,,Verbatim Mass,"The verbatim original representation of the mass of a dwc:MaterialEntity, including original units of measurement.",,`11.01 Lbs`; `105.07 g`; `2.45 kg`,string,default,,,,,dwc,http://rs.tdwg.org/dwc/terms/verbatimMass,recommended
material,verbatimLabel,,,,,Verbatim Label,A verbatim original representation of the written information affixed or related to a dwc:MaterialEntity.,"The content of this term should include no embellishments, prefixes, headers or other additions made to the text. Abbreviations must not be expanded and supposed misspellings must not be corrected. Lines or breakpoints between blocks of text that could be verified by seeing the original labels or images of them may be used. Examples of material entities include preserved specimens, fossil specimens, and material samples. Best practice is to use UTF-8 for all characters. Best practice is to add comment “verbatimLabel derived from human transcription” in dwc:materialEntityRemarks. Examples can be found at https://dwc.tdwg.org/examples/verbatimLabel.",,string,default,,,,,dwc,http://rs.tdwg.org/dwc/terms/verbatimLabel,recommended
material,associatedSequences,,,,,Associated Sequences,A list (concatenated and separated) of dcterms:BibliographicResources for dwc:NucleotideSequences associated with a dwc:MaterialEntity.,,`http://www.ncbi.nlm.nih.gov/nuccore/U34853.1`; `http://www.ncbi.nlm.nih.gov/nuccore/GU328060 | http://www.ncbi.nlm.nih.gov/nuccore/AF326093`,string,default,,,,,dwc,http://rs.tdwg.org/dwc/terms/associatedSequences,recommended
material,materialReferences,,,,,Material References,A list (concatenated and separated) of dcterms:BibliographicResources associated with a dwc:MaterialEntity.,"Recommended best practice is to separate the values in a list with space vertical bar space ( | ). Note that the intended usage of the term dcterms:references in Darwin Core is to point to the definitive source representation of the resource, if one is available. Note also that the intended usage of dcterms:bibliographicCitation in Darwin Core is to provide the preferred way to cite the resource itself.","`http://www.sciencemag.org/cgi/content/abstract/322/5899/261`; `Christopher J. Conroy, Jennifer L. Neuwald. 2008. Phylogeographic study of the California vole, Microtus californicus Journal of Mammalogy, 89(3):755-767.`; `Steven R. Hoofer and Ronald A. Van Den Bussche. 2001. Phylogenetic Relationships of Plecotine Bats and Allies Based on Mitochondrial Ribosomal Sequences. Journal of Mammalogy 82(1):131-137. | Walker, Faith M., Jeffrey T. Foster, Kevin P. Drees, Carol L. Chambers. 2014. Spotted bat (Euderma maculatum) microsatellite discovery using illumina sequencing. Conservation Genetics Resources.`; `https://doi.org/10.3897/BDJ.14.e177525`",string,default,,,,,dwc,http://rs.tdwg.org/dwc/terms/associatedReferences,recommended
material,treatments,,,,,Treatments,Description of any processes or curatorial actions taken specifically to mitigate damage to a dwc:MaterialEntity.,Includes both proactive and reactive actions.,,string,default,,,,,dwc,http://rs.tdwg.org/dwc/terms/treatments,recommended
material,handlingRequirements,,,,,Handling Requirements,A description of the procedures required to preserve and protect a dwc:MaterialEntity during handling.,,`handle with gloves`; `not to be taken out of storage medium`; `avoid contact with direct sunlight`,string,default,,,,,dwc,http://rs.tdwg.org/dwc/terms/handlingRequirements,recommended
material,hazardType,,,,,Hazard Type,A term that belongs to a hazard classification scheme based on a set of unique characteristics and negative health outcomes.,"Recommended best practice is to use a controlled vocabulary such as https://kos.geospecimens.org/vocab/hazard-type. This term has an equivalent in the dwciri: namespace that allows only an IRI as a value, whereas this term allows for any string literal value.",`carcinogen`; `skin irritant`; `radioactive`; `toxic`,string,default,,,,,dwc,http://rs.tdwg.org/dwc/terms/hazardType,recommended
material,hazardRemarks,,,,,Hazard Remarks,Comments or notes about the type of hazards associated with a dwc:MaterialEntity.,,`asbestos`; `slightly radioactive`; `requires skin protection`,string,default,,,,,dwc,http://rs.tdwg.org/dwc/terms/hazardRemarks,recommended
material,damageRemarks,,,,,Damage Remarks,A general description of any physical changes to a dwc:MaterialEntity that have negatively affected its value.,"See Royce, K., Baars, C., & Viles, H. (2021). Defining Damage and Susceptibility, with Implications for Mineral Specimens and Objects: Introducing the Mineral Susceptibility Database. Studies in Conservation, 68(3), 298-317. https://doi.org/10.1080/00393630.2021.2015947","`Due to oxidation and hydration of the pyrite in the coal, the sample has largely decayed to a coal powder with some larger coal pieces | Some terminations broken off | Attached label not legible (or torn, or covered)`",string,default,,,,,dwc,http://rs.tdwg.org/dwc/terms/damageRemarks,recommended
material,materialDescription,,,,,Material Description,"Remarks on the physical characteristics of a dwc:MaterialEntity, particularly those that distinguish it from otherwise similar dwc:MaterialEntities.",,`Showpiece`; `Historically valuable`; `Extraordinary composition`; `Two generations of quartz`,string,default,,,,,dwc,http://rs.tdwg.org/dwc/terms/materialDescription,recommended
material,materialEntityRemarks,,,,,Material Entity Remarks,Comments or notes about a dwc:MaterialEntity.,,`found in association with charred remains`; `some original fragments missing`,string,default,,,,,dwc,http://rs.tdwg.org/dwc/terms/materialEntityRemarks,recommended
material,verbatimIdentification,,,,,Verbatim Identification,A string representing the classification as it appeared in the original record.,"This term is meant to allow the capture of an unaltered original identification/determination, including identification qualifiers, hybrid formulas, uncertainties, etc. This term is meant to be used in addition to dwc:geologicalMaterialName or dwc:scientificName (and dwc:identificationQualifier etc.), not instead of it.","`Peromyscus sp.`; `Ministrymon sp. nov. 1`; `Anser anser × Branta canadensis`; `Pachyporidae?`, `Potentilla × pantotricha Soják`; `Aconitum pilipes × A. variegatum; `Lepomis auritus x cyanellus`",string,default,,,,,dwc,http://rs.tdwg.org/dwc/terms/verbatimIdentification,recommended
material,typeStatus,,,,,Type Status,"A nomenclatural type (type status, typified scientific name, publication) applied to the subject.","Recommended best practice is to separate the values in a list with space vertical bar space (` | `). This term has an equivalent in the dwciri: namespace that allows only an IRI as a value, whereas this term allows for any string literal value.",`holotype`,string,default,,,,,dwc,http://rs.tdwg.org/dwc/terms/typeStatus,recommended
material,typeDesignationType,,,,,typeDesignationType,A category that best matches the nature of a type designation.,From https://rs.gbif.org/extension/gbif/1.0/typesandspecimen.xml.,,string,default,,,,,gbif,http://rs.gbif.org/terms/1.0/typeDesignationType,recommended
material,typeOfType,,,,,Type Of Type,A category of nomenclatural type of a dwc:MaterialEntity.,"The term dwc:typeOfType must be used in combination with dwc:typifiedName. Together they make up the type status of a specimen. Note that relatively very few specimens are nomenclatural types (types of names), so in most cases this term will have no value. Unlike dwc:typeStatus, dwc:typeOfType can only have a single value. Recommended best practice is to use a controlled vocabulary such as the GBIF Nomenclatural Type Status Vocabulary. This term has an equivalent in the tcs: namespace that allows only an IRI as a value, whereas this term allows for any string literal value.",`holotype`; `isotype`,string,default,,,,,dwc,http://rs.tdwg.org/dwc/terms/typeOfType,recommended
material,typifiedName,,,,,Typified Name,A scientific name for which a specimen or other name is the type.,Recommended best practice is also to indicate the dwc:typeStatus of the specimen.,`Polysiphonia amphibolis Womersley`,string,default,,,,,dwc,http://rs.tdwg.org/dwc/terms/version/typifiedName,recommended
material,identifiedBy,,,,,Identified By,A name for a dcterms:Agent responsible for making a dwc:Identification.,"When used in the context of an eco:Survey, the subject consists of all of the dwc:Identifications related to the eco:Survey. Recommended best practice is to separate the values in a list with space vertical bar space (` | `).",`James L. Patton`; `Theodore Pappenfuss | Robert Macey`,string,default,,,,,dwc,http://rs.tdwg.org/dwc/terms/identifiedBy,recommended
material,identifiedBy_fk,fk,identified by,agent,agent_pk,Identified By (Foreign Key),An identifier for a dcterms:Agent responsible for making a dwc:Identification.,The value in this field MAY be changed in aggregation to preserve the relationship to the related primary key.,,string,default,FALSE,FALSE,,,dwc,http://rs.tdwg.org/dwc/terms/identifiedByID,recommended
material,identifiedByID,wfk,identified by,agent,agentID,Identified By ID,An identifier for a dcterms:Agent responsible for making a dwc:Identification.,The value in this field MAY refer to a dcterms:Agent within or external to the dataset in which this record originated.,`https://orcid.org/0000-0002-1825-0097` (for an individual); `https://orcid.org/0000-0002-1825-0097 | https://orcid.org/0000-0002-1825-0098` (for a list of people),string,default,FALSE,FALSE,,,dwc,http://rs.tdwg.org/dwc/terms/identifiedByID,recommended
material,dateIdentified,,,,,Date Identified,The date on which the subject was determined as representing the dwc:Taxon.,Recommended best practice is to use a date that conforms to ISO 8601-1:2019.,`1963-03-08T14:07-06:00` (8 Mar 1963 at or after 2:07pm and before 2:08pm in the time zone six hours earlier than UTC); `2009-02-20T08:40Z` (20 February 2009 at or after 8:40am and before 8:41 UTC); `2018-08-29T15:19` (29 August 2018 at or after 3:19pm and before 3:20pm local time); `1809-02-12` (within the day 12 February 1809); `1906-06` (in the month of June 1906); `1971` (in the year 1971); `2007-03-01T13:00:00Z/2008-05-11T15:30:00Z` (some time within the interval beginning 1 March 2007 at 1pm UTC and before 11 May 2008 at 3:30pm UTC); `1900/1909` (some time within the interval between the beginning of the year 1900 and before the year 1909); `2007-11-13/15` (some time in the interval between the beginning of 13 November 2007 and before 15 November 2007),string,default,,,,,dwc,http://rs.tdwg.org/dwc/terms/dateIdentified,recommended
material,identificationReferences,,,,,Identification References,A list (concatenated and separated) of dcterms:BibliographicResources used in a dwc:Identification.,"When used in the context of an eco:Survey, the subject consists of all of the dwc:Identifications related to the eco:Survey. Recommended best practice is to separate the values in a list with space vertical bar space (` | `).","`Aves del Noroeste Patagonico. Christie et al. 2004.`; `Stebbins, R. Field Guide to Western Reptiles and Amphibians. 3rd Edition. 2003. | Irschick, D.J. and Shaffer, H.B. (1997). The polytypic species revisited: Morphological differentiation among tiger salamanders (Ambystoma tigrinum) (Amphibia: Caudata). Herpetologica, 53(1), 30-49.`",string,default,,,,,dwc,http://rs.tdwg.org/dwc/terms/identificationReferences,recommended
material,identificationVerificationStatus,,,,,Identification Verification Status,A categorical indicator of the extent to which a dwc:Identification has been verified to be correct.,"Recommended best practice is to use a controlled vocabulary such as that used in HISPID and ABCD. This term has an equivalent in the dwciri: namespace that allows only an IRI as a value, whereas this term allows for any string literal value.",`0` (unverified in HISPID/ABCD),string,default,,,,,dwc,http://rs.tdwg.org/dwc/terms/identificationVerificationStatus,recommended
material,identificationRemarks,,,,,Identification Remarks,Comments or notes about a dwc:Identification.,,`Distinguished between Anthus correndera and Anthus hellmayri based on the comparative lengths of the uñas.`,string,default,,,,,dwc,http://rs.tdwg.org/dwc/terms/identificationRemarks,recommended
material,taxonID,,,,,Taxon ID,An identifier for a dwc:Taxon.,"In DwC-DP, the dwc:taxonID is always an external link to a taxon record. As such, if present, it should be a resolvable globally unique identifier. See the Identifiers section of https://github.com/CatalogueOfLife/coldp/blob/master/README.md.",`8fa58e08-08de-4ac1-b69c-1235340b7001`; `32567`; `https://www.gbif.org/species/212`,string,default,,,,,dwc,http://rs.tdwg.org/dwc/terms/taxonID,recommended
material,scientificNameID,,,,,Scientific Name ID,An identifier for the nomenclatural (not taxonomic) details of a scientific name.,"In DwC-DP, the dwc:scientificNameID is always an external link to a taxon record. As such, if present, it should be a resolvable globally unique identifier. See the Identifiers section of https://github.com/CatalogueOfLife/coldp/blob/master/README.md.",`urn:lsid:ipni.org:names:37829-1:1.3`,string,default,,,,,dwc,http://rs.tdwg.org/dwc/terms/scientificNameID,recommended
material,scientificName,,,,,Scientific Name,"A scientific name string, not including authorship, date or identification qualifiers.",,`Coleoptera` (order); `Vespertilionidae` (family); `Manis` (genus); `Ctenomys sociabilis` (genus + specificEpithet); `Ambystoma tigrinum diaboli` (genus + specificEpithet + infraspecificEpithet); `Quercus agrifolia var. oxyadenia` (genus + specificEpithet + taxonRank + infraspecificEpithet); `×Agropogon littoralis`; `Mentha ×smithiana`; `Agrostis stolonifera L. × Polypogon monspeliensis`,string,default,,,,,dwc,http://rs.tdwg.org/dwc/terms/scientificName,recommended
material,scientificNameAuthorship,,,,,Scientific Name Authorship,The authorship information for a dwc:scientificName formatted according to the conventions of the applicable dwc:nomenclaturalCode.,,"`(Torr.) J.T. Howell`; `(Martinovský) Tzvelev`; `(Györfi, 1952)`",string,default,,,,,dwc,http://rs.tdwg.org/dwc/terms/scientificNameAuthorship,recommended
material,vernacularName,,,,,Vernacular Name,A common or vernacular name.,,`Andean Condor`; `death cap`; `rainbow trout`; `Smoky Quartz`; `Amethyst`; `Agate`; `Tiger's Eye`,string,default,,,,,dwc,http://rs.tdwg.org/dwc/terms/vernacularName,recommended
material,taxonRank,,,,,Taxon Rank,A taxonomic rank of the most specific name in a dwc:scientificName.,"Recommended best practice is to use a controlled vocabulary. The taxon ranks of algae, fungi and plants are defined in the International Code of Nomenclature for algae, fungi, and plants (Shenzhen Code Articles H3.2, H4.4 and H.3.1).",`subspecies`; `varietas`; `forma`; `species`; `genus`; `nothogenus`; `nothospecies`; `nothosubspecies`,string,default,,,,,dwc,http://rs.tdwg.org/dwc/terms/taxonRank,recommended
material,classificationSystem,,,,,Classification System,A reference to the classification system in which an authoritative name or formal classification belongs.,"Recommended best practice is to provide a formal citation or IRI. This term should not be confused with dwc:namePublishedIn as a classification system is not equivalent to a publication in which a taxon is first described. This term should not be confused with dwc:nameAccordingTo as a classification system is not equivalent to a publication or other source in which a specific taxon concept circumscription is defined or implied. This term should not be confused with dwc:nomenclaturalCode as a classification system is not equivalent to code of nomenclature, which states the rules for naming rather than an organized source of names. This term has an equivalent in the dwciri: namespace that allows only an IRI as a value, whereas this term allows for any string literal value.","`Strunz, H., Nickel, E.H. (2001): Strunz Mineralogical Tables. Chemical-Structural Mineral Classification System. 9th edition. E. Schweizerbart’sche Verlagsbuchhandlung, Stuttgart, ix + 870 p. (ISBN 3-510-65188-X)`; `Gaines, R.V., Skinner, H.C.W., Foord, E.E., Mason, B., Rosenzweig, A. (1997): Dana's New Mineralogy: The System of Mineralogy of James Dwight Dana and Edward Salisbury Dana. 8th edition. John Wiley & Sons, New York, xlv + 1819 p. (ISBN 0-471-19310-0).`; `https://kos.geospecimens.org/vocab/meteorite-classification`; `Mammal Diversity Database. (2026). Mammal Diversity Database (Version 2.5) [Data set]. [Zenodo](https://zenodo.org/records/10595931). https://doi.org/10.5281/zenodo.17033774`; `Index Fungorum. (2026). Index Fungorum electronic database. Royal Botanic Gardens, Kew. Retrieved August 17, 2026, from indexfungorum.org.`",string,default,,,,,dc,http://rs.tdwg.org/dwc/terms/classificationSystem,recommended
material,modified,,,,,Modified,Date on which the resource was changed.,"Date that the digital record of the material resource was altered. The date and time MUST comply with the World Wide Web Consortium (W3C) datetime practice, https://www.w3.org/TR/NOTE-datetime, which requires that date and time representation correspond to ISO 8601:1998, https://www.iso.org/standard/40874.html, but with year fields always comprising 4 digits. This makes datetime records compliant with 8601:2004. AC datetime values MAY also follow 8601:2004 for ranges by separating two ISO 8601 datetime fields by a solidus (""forward slash"", '/'). dcterms:modified permits all modification dates to be recorded, or if only one is recorded, it is assumed to be the latest. See also the Wikipedia ISO 8601 entry, https://en.wikipedia.org/wiki/ISO_8601, for further explanation and examples.",,string,default,,,,,dcterms,http://purl.org/dc/terms/modified,recommended
material,provenance_fk,fk,has,provenance,provenance_pk,Provenance (Foreign Key),An identifier for a dwc:Provenance.,The value in this field MAY be changed in aggregation to preserve the relationship to the related primary key.,,string,default,FALSE,FALSE,,,dcterms,http://rs.tdwg.org/dwc/terms/provenanceID,recommended
material,usagePolicy_fk,fk,has,usage-policy,usagePolicy_pk,Usage Policy (Foreign Key),An identifier for a dwc:UsagePolicy.,The value in this field MAY be changed in aggregation to preserve the relationship to the related primary key.,,string,default,FALSE,FALSE,,,dcterms,http://rs.tdwg.org/dwc/terms/usagePolicyID,recommended
material,owner,,,,,Owner,A list of legal owners of the resource.,`unknown`,"`The names of the owners `Ron Thomas, Roz Thomas` or a URI that identifies the owner`",string,default,,,,,xmprights,http://ns.adobe.com/xap/1.0/rights/Owner,recommended
material,owner_fk,fk,owned by,agent,agent_pk,Owner (Foreign Key),An identifier for a dcterms:Agent that is the owner of the ac:Media resource.,The value in this field MAY be changed in aggregation to preserve the relationship to the related primary key.,,string,default,FALSE,FALSE,,,dwc,http://rs.tdwg.org/dwc/terms/agentID,recommended
material,license,,,,,License,A legal document giving official permission to do something with the resource.,"Recommended practice is to identify the license document with a URI. If this is not possible or feasible, a literal value that identifies the license may be provided.",,string,default,,,,,dcterms,http://purl.org/dc/terms/license,recommended
material,informationWithheld,,,,,Information Withheld,"Additional information that exists about a resource, but that is not shared publicly. Suggests that alternative data of higher quality may be available on request.",,`location information not given for endangered species`; `collector identities withheld | ask about tissue samples`,string,default,,,,,dwc,http://rs.tdwg.org/dwc/terms/informationWithheld,recommended
material,dataGeneralizations,,,,,Data Generalizations,Actions taken to make the shared data less specific or complete than in its original form. Suggests that alternative data of higher quality may be available on request.,,`Coordinates generalized from original GPS coordinates to the nearest half degree grid cell.`,string,default,,,,,dwc,http://rs.tdwg.org/dwc/terms/dataGeneralizations,recommended
material,feedbackURL,,,,,Feedback URL,A uniform resource locator (URL) that points to a webpage on which a form may be submitted to gather feedback about the record.,Recommended best practice is to optionally include query strings that act to pre-populate web page form elements and communicate the context.,`https://example.com/new?title=New+issue&body=This+comment+is+about+CAN12345`,string,default,,,,,dwc,http://rs.tdwg.org/dwc/terms/feedbackURL,recommended
material-agent-role,materialEntity_fk,fk,role for,material,materialEntity_pk,Material Entity (Foreign Key),An identifier for a dwc:MaterialEntity.,The value in this field MAY be changed in aggregation to preserve the relationship to the related primary key.,,string,default,FALSE,TRUE,,,dwc,http://rs.tdwg.org/dwc/terms/materialEntityID,recommended
material-agent-role,agent_fk,fk,role holder,agent,agent_pk,Agent (Foreign Key),An identifier for a dcterms:Agent.,The value in this field MAY be changed in aggregation to preserve the relationship to the related primary key.,,string,default,FALSE,TRUE,,,dwc,http://rs.tdwg.org/dwc/terms/agentID,recommended
material-agent-role,agentRole,,,,,Agent Role,A category that best matches the nature of a role of a dcterms:Agent.,Recommended best practice is to use a controlled vocabulary for the roles appropriate to the class of resource a dcterms:AgentRole is related to.,,string,default,,,,,dwc,http://rs.tdwg.org/dwc/terms/relationshipOfResource,recommended
material-agent-role,agentRoleIRI,,,,,Agent Role IRI,An IRI of the controlled vocabulary value for a role of a dcterms:Agent.,Recommended best practice is to use an IRI for a term in a controlled vocabulary.,,string,default,,,,,dwciri,http://rs.tdwg.org/dwc/terms/relationshipOfResourceID,recommended
material-agent-role,agentRoleSource,,,,,Agent Role Source,A reference to a controlled vocabulary in which the definition of a value in dwc:agentRole is given.,,,string,default,,,,,dc,http://purl.org/dc/elements/1.1/source,recommended
material-agent-role,agentRoleOrder,,,,,Agent Role Order,"A numerical position of an AgentRole in a set of AgentRoles that have the same combination of agentRole, agentRoleIRI, agentRoleSource and related target identifier.","One could use dwc:agentRoleOrder to create an ordered list of collectors (dwc:agentRole = 'collector') for a dwc:MaterialEntity, for example. The first would have dwc:agentRoleOrder=1, the second would have dwc:agentRoleOrder=2.",,integer,default,,TRUE,1,,dwc,http://rs.tdwg.org/dwc/terms/agentRoleOrder,recommended
material-agent-role,agentRoleDate,,,,,Agent Role Date,An interval during which a dcterms:AgentRole was in effect.,Recommended best practice is to use a date that conforms to ISO 8601-1:2019.,`1963-03-08T14:07-06:00` (8 Mar 1963 at or after 2:07pm and before 2:08pm in the time zone six hours earlier than UTC); `2009-02-20T08:40Z` (20 February 2009 at or after 8:40am and before 8:41 UTC); `2018-08-29T15:19` (29 August 2018 at or after 3:19pm and before 3:20pm local time); `1809-02-12` (within the day 12 February 1809); `1906-06` (in the month of June 1906); `1971` (in the year 1971); `2007-03-01T13:00:00Z/2008-05-11T15:30:00Z` (some time within the interval beginning 1 March 2007 at 1pm UTC and before 11 May 2008 at 3:30pm UTC); `1900/1909` (some time within the interval between the beginning of the year 1900 and before the year 1909); `2007-11-13/15` (some time in the interval between the beginning of 13 November 2007 and before 15 November 2007),string,default,,,,,dwc,http://rs.tdwg.org/dwc/terms/assertionEffectiveDate,recommended
material-assertion,assertionID,wpk,,,,Assertion ID,An identifier for a dwc:Assertion.,Recommended best practice is to use a globally unique identifier.,,string,default,TRUE,FALSE,,,dwc,http://rs.tdwg.org/dwc/terms/assertionID,recommended
material-assertion,materialEntity_fk,fk,about,material,materialEntity_pk,Material Entity (Foreign Key),An identifier for a dwc:MaterialEntity.,The value in this field MAY be changed in aggregation to preserve the relationship to the related primary key.,,string,default,FALSE,TRUE,,,dwc,http://rs.tdwg.org/dwc/terms/materialEntityID,recommended
material-assertion,verbatimAssertionType,,,,,Verbatim Assertion Type,A string representing the type of dwc:Assertion as it appeared in the original record.,"This term is meant to allow the capture of an unaltered original name for a dwc:assertionType. This term is meant to be used in addition to dwc:assertionType, not instead of it.",`water_temp`; `Fish biomass`; `sampling net mesh size`,string,default,,,,,dwc,http://rs.tdwg.org/dwc/terms/verbatimAssertionType,recommended
material-assertion,assertionType,,,,,Assertion Type,A category that best matches the nature of a dwc:Assertion.,"Recommended best practice is to use a controlled vocabulary. This term has an equivalent in the dwciri: namespace that allows only an IRI as a value, whereas this term allows for any string literal value.",`tail length`; `temperature`; `trap line length`; `survey area`; `trap type`,string,default,,,,,dwc,http://rs.tdwg.org/dwc/terms/assertionType,recommended
material-assertion,assertionTypeIRI,,,,,Assertion Type IRI,An IRI of a controlled vocabulary value for a type of dwc:Assertion.,Recommended best practice is to use an IRI for a term in a controlled vocabulary.,,string,default,,,,,dwciri,http://rs.tdwg.org/dwc/iri/measurementType,recommended
material-assertion,assertionTypeSource,,,,,Assertion Type Source,A reference to the controlled vocabulary in which the definition of a value in dwc:assertionType is given.,,,string,default,,,,,dc,http://purl.org/dc/elements/1.1/source,recommended
material-assertion,assertionMadeDate,,,,,Assertion Made Date,A date on which a dwc:Assertion was created.,Recommended best practice is to use a date that conforms to ISO 8601-1:2019.,`1963-03-08T14:07-06:00` (8 Mar 1963 at or after 2:07pm and before 2:08pm in the time zone six hours earlier than UTC); `2009-02-20T08:40Z` (20 February 2009 at or after 8:40am and before 8:41 UTC); `2018-08-29T15:19` (29 August 2018 at or after 3:19pm and before 3:20pm local time); `1809-02-12` (within the day 12 February 1809); `1906-06` (in the month of June 1906); `1971` (in the year 1971); `2007-03-01T13:00:00Z/2008-05-11T15:30:00Z` (some time within the interval beginning 1 March 2007 at 1pm UTC and before 11 May 2008 at 3:30pm UTC); `1900/1909` (some time within the interval between the beginning of the year 1900 and before the year 1909); `2007-11-13/15` (some time in the interval between the beginning of 13 November 2007 and before 15 November 2007),string,default,,,,,dwc,http://rs.tdwg.org/dwc/terms/assertionMadeDate,recommended
material-assertion,assertionEffectiveDate,,,,,Assertion Effective Date,A date-time or time interval during which an asserted state or measurement was deemed to be in effect.,Recommended best practice is to use a date that conforms to ISO 8601-1:2019.,`1963-03-08T14:07-06:00` (8 Mar 1963 at or after 2:07pm and before 2:08pm in the time zone six hours earlier than UTC); `2009-02-20T08:40Z` (20 February 2009 at or after 8:40am and before 8:41 UTC); `2018-08-29T15:19` (29 August 2018 at or after 3:19pm and before 3:20pm local time); `1809-02-12` (within the day 12 February 1809); `1906-06` (in the month of June 1906); `1971` (in the year 1971); `2007-03-01T13:00:00Z/2008-05-11T15:30:00Z` (some time within the interval beginning 1 March 2007 at 1pm UTC and before 11 May 2008 at 3:30pm UTC); `1900/1909` (some time within the interval between the beginning of the year 1900 and before the year 1909); `2007-11-13/15` (some time in the interval between the beginning of 13 November 2007 and before 15 November 2007),string,default,,,,,dwc,http://rs.tdwg.org/dwc/terms/assertionEffectiveDate,recommended
material-assertion,assertionValue,,,,,Assertion Value,An asserted value.,,,string,default,,,,,dwc,http://rs.tdwg.org/dwc/terms/assertionValue,recommended
material-assertion,assertionValueIRI,,,,,Assertion Value IRI,An IRI of the controlled vocabulary value for a value of a dwc:Assertion.,Recommended best practice is to use an IRI for a term in a controlled vocabulary.,,string,default,,,,,dwciri,http://rs.tdwg.org/dwc/iri/measurementValue,recommended
material-assertion,assertionValueSource,,,,,Assertion Value Source,A reference to a controlled vocabulary in which the definition of a value in dwc:assertionValue is given.,,,string,default,,,,,dc,http://purl.org/dc/elements/1.1/source,recommended
material-assertion,assertionUnit,,,,,Assertion Unit,Unit associated with the value in dwc:assertionValue.,"Recommended best practice is to use a controlled vocabulary such as the Ontology of Units of Measure http://www.wurvoc.org/vocabularies/om-1.8/ of SI units, derived units, or other non-SI units accepted for use within the SI. For units that are composed of multiple parts, use the patterns as given in ""A Primer for Communicating Mathematics via Plain Text"" (https://cse.sc.edu/~fenner/latex-ASCII.pdf) by Stephen Fenner (e.g., `g/cm^3` for grams per cubic centimeter). For other units, provide the value as a recognizable standard (e.g., '%') or written out in full and in the plural (e.g., `individuals`). It is fine to provide non-SI units in the original language of the dataset.",`m`; `s`; `g`; `ml`,string,default,,,,,dwc,http://rs.tdwg.org/dwc/terms/assertionUnit,recommended
material-assertion,assertionUnitIRI,,,,,Assertion Unit IRI,An IRI of a controlled vocabulary value for the unit of a dwc:assertionValue.,Recommended best practice is to use an IRI for a term in a controlled vocabulary.,,string,default,,,,,dwciri,http://rs.tdwg.org/dwc/iri/assertionUnit,recommended
material-assertion,assertionUnitSource,,,,,Assertion Unit Source,A reference to a controlled vocabulary in which the definition of the value in dwc:assertionUnit is given.,,,string,default,,,,,dc,http://purl.org/dc/elements/1.1/source,recommended
material-assertion,assertionError,,,,,Assertion Error,A description of the potential error associated with a dwc:assertionValue.,,`0.01`; `normal distribution with variation of 2 m`,string,default,,,,,dwc,http://rs.tdwg.org/dwc/terms/assertionError,recommended
material-assertion,assertionBy,,,,,Assertion By,A list (concatenated and separated) of names of dcterms:Agents responsible for making a dwc:Assertion.,Recommended best practice is to separate the values in a list with space vertical bar space (` | `).,,string,default,,,,,dwc,http://rs.tdwg.org/dwc/terms/assertionBy,recommended
material-assertion,assertionBy_fk,fk,asserted by,agent,agent_pk,Assertion By (Foreign Key),An identifier for a dcterms:Agent responsible for making a dwc:Assertion.,The value in this field MAY be changed in aggregation to preserve the relationship to the related primary key.,,string,default,FALSE,FALSE,,,dwc,http://rs.tdwg.org/dwc/terms/agentID,recommended
material-assertion,assertionByID,wfk,asserted by,agent,agentID,Assertion By ID,An identifier for a dcterms:Agent responsible for making a dwc:Assertion.,The value in this field MAY refer to a dcterms:Agent within or external to the dataset in which this record originated.,`https://orcid.org/0000-0002-1825-0097`,string,default,FALSE,FALSE,,,dwc,http://rs.tdwg.org/dwc/terms/agentID,recommended
material-assertion,assertionProtocols,,,,,Assertion Protocols,"Names of, references to, or descriptions of dwc:Protocols used in making a dwc:Assertion.",,,string,default,,,,,dwc,http://rs.tdwg.org/dwc/terms/assertionProtocols,recommended
material-assertion,assertionProtocol_fk,fk,followed,protocol,protocol_pk,Assertion Protocol (Foreign Key),An identifier for a dwc:Protocol used to make a dwc:Assertion.,The value in this field MAY be changed in aggregation to preserve the relationship to the related primary key.,,string,default,FALSE,FALSE,,,dwc,http://rs.tdwg.org/dwc/terms/protocolID,recommended
material-assertion,assertionReferences,,,,,Assertion References,A list (concatenated and separated) of dcterms:BibliographicResources associated with a dwc:Assertion.,Recommended best practice is to separate the values in a list with space vertical bar space (` | `).,,string,default,,,,,dwc,http://rs.tdwg.org/dwc/terms/assertionReferences,recommended
material-assertion,assertionRemarks,,,,,Assertion Remarks,Comments or notes about a dwc:Assertion.,,,string,default,,,,,dwc,http://rs.tdwg.org/dwc/terms/assertionRemarks,recommended
material-geological-context,geologicalContext_fk,fk,within,geological-context,geologicalContext_pk,Geological Context (Foreign Key),An identifier for a dwc:GeologicalContext.,The value in this field MAY be changed in aggregation to preserve the relationship to the related primary key.,,string,default,FALSE,TRUE,,,dwc,http://rs.tdwg.org/dwc/terms/geologicalContextID,recommended
material-geological-context,materialEntity_fk,fk,for,material,materialEntity_pk,Material Entity (Foreign Key),An identifier for a dwc:MaterialEntity.,The value in this field MAY be changed in aggregation to preserve the relationship to the related primary key.,,string,default,FALSE,TRUE,,,dwc,http://rs.tdwg.org/dwc/terms/materialEntityID,recommended
material-identifier,materialEntity_fk,fk,for,material,materialEntity_pk,Material Entity (Foreign Key),An identifier for a dwc:MaterialEntity.,The value in this field MAY be changed in aggregation to preserve the relationship to the related primary key.,,string,default,FALSE,TRUE,,,dwc,http://rs.tdwg.org/dwc/terms/materialEntityID,recommended
material-identifier,identifier,,,,,Identifier,An unambiguous reference to a resource within a given context.,Recommended best practice is to identify a resource by means of a string conforming to a formal identification system.,,string,default,FALSE,TRUE,,,skos,http://www.w3.org/2004/02/skos/core#notation,recommended
material-identifier,identifierType,,,,,Identifier Type,A category or system that best matches the nature of an identifier (skos:notation).,Recommended best practice is to use a controlled vocabulary.,,string,default,,,,,dc,http://purl.org/dc/elements/1.1/type,recommended
material-identifier,identifierTypeIRI,,,,,Identifier Type IRI,An IRI of a controlled vocabulary value for a type of identifier.,Recommended best practice is to use an IRI for a term in a controlled vocabulary.,,string,default,,,,,dcterms,http://purl.org/dc/terms/type,recommended
material-identifier,identifierTypeSource,,,,,Identifier Type Source,A reference to a controlled vocabulary in which the definition of a value in dwc:identifierType is given.,,,string,default,,,,,dc,http://purl.org/dc/elements/1.1/source,recommended
material-identifier,identifierLanguage,,,,,Identifier Language,A language in which an identifier is presented.,Recommended best practice is to use an ISO639-2 three-letter language code.,,string,default,,,,,dc,http://purl.org/dc/elements/1.1/language,recommended
material-media,media_fk,fk,this media instance,media,media_pk,Media (Foreign Key),An identifier for an ac:Media resource.,The value in this field MAY be changed in aggregation to preserve the relationship to the related primary key.,,string,default,FALSE,TRUE,,,dcterms,http://purl.org/dc/terms/identifier,recommended
material-media,materialEntity_fk,fk,about,material,materialEntity_pk,Material Entity (Foreign Key),An identifier for a dwc:MaterialEntity.,The value in this field MAY be changed in aggregation to preserve the relationship to the related primary key.,,string,default,FALSE,TRUE,,,dwc,http://rs.tdwg.org/dwc/terms/materialEntityID,recommended
material-media,subjectCategory,,,,,Subject Category,A term to describe the content of a image or a region of interest within an image using a controlled value string.,Recommended best practice is to use a controlled vocabulary.,,string,default,,,,,ac,http://rs.tdwg.org/ac/terms/CVtermLiteral,recommended
material-media,subjectCategoryIRI,,,,,Subject Category IRI,An IRI of a controlled vocabulary value for the subject category of an ac:Media resource.,Recommended best practice is to use a controlled vocabulary.,,string,default,,,,,Iptc4xmpExt,http://iptc.org/std/Iptc4xmpExt/2008-02-29/CVterm,recommended
material-media,subjectCategoryVocabulary,,,,,Subject Category Source,A reference to a controlled vocabulary in which the definition of a value in dwc:subjectCategory is given.,"The Audiovisual Core recommended vocabularies do not need to be cited here. There is no required linkage between individual Subject Category terms and the vocabulary; the mechanism is intended to support discovery of the normative URI for a term, but not guarantee it.",,string,default,,,,,ac,http://rs.tdwg.org/ac/terms/subjectCategoryVocabulary,recommended
material-media,subjectPartLiteral,,,,,Subject Part Literal,"The portion or product of organism morphology, behaviour, environment, etc. that is either predominantly shown or particularly well exemplified by the ac:Media resource, denoted by a controlled value string.",Values SHOULD be selected from the Controlled Vocabulary for ac:subjectPart. It is best practice to use ac:subjectPart instead of ac:subjectPartLiteral whenever practical.,,string,default,,,,,ac,http://rs.tdwg.org/ac/terms/subjectPartLiteral,recommended
material-media,subjectPart,,,,,Subject Part,"The portion or product of organism morphology, behaviour, environment, etc. that is either predominantly shown or particularly well exemplified by the ac:Media resource, denoted by an IRI.",,,string,default,,,,,ac,http://rs.tdwg.org/ac/terms/subjectPart,recommended
material-media,subjectOrientationLiteral,,,,,Subject Orientation Literal,"Specific orientation (= direction, view angle) of the subject represented in the ac:Media resource with respect to the acquisition device, denoted by a controlled value string.",Values SHOULD be selected from the Controlled Vocabulary for ac:subjectOrientation. It is best practice to use ac:subjectOrientation instead of ac:subjectOrientationLiteral whenever practical.,,string,default,,,,,ac,http://rs.tdwg.org/ac/terms/subjectOrientationLiteral,recommended
material-media,subjectOrientation,,,,,Subject Orientation,"Specific orientation (= direction, view angle) of the subject represented in the ac:Media resource with respect to the acquisition device.",,,string,default,,,,,ac,http://rs.tdwg.org/ac/terms/subjectOrientation,recommended
material-media,physicalSetting,,,,,Physical Setting,"The setting of the content represented in an ac:Media resource, such as images, sounds, and movies if the provider deems them relevant.",,,string,default,,,,,ac,http://rs.tdwg.org/ac/terms/physicalSetting,recommended
material-protocol,protocol_fk,fk,followed,protocol,protocol_pk,Protocol (Foreign Key),An identifier for a dwc:Protocol.,The value in this field MAY be changed in aggregation to preserve the relationship to the related primary key.,,string,default,FALSE,TRUE,,,dwc,http://rs.tdwg.org/dwc/terms/protocolID,recommended
material-protocol,materialEntity_fk,fk,used for,material,materialEntity_pk,Material Entity (Foreign Key),An identifier for a dwc:MaterialEntity.,The value in this field MAY be changed in aggregation to preserve the relationship to the related primary key.,,string,default,FALSE,TRUE,,,dwc,http://rs.tdwg.org/dwc/terms/materialEntityID,recommended
material-provenance,provenance_fk,fk,has,provenance,provenance_pk,Provenance (Foreign Key),An identifier for a dwc:Provenance.,The value in this field MAY be changed in aggregation to preserve the relationship to the related primary key.,,string,default,FALSE,TRUE,,,dcterms,http://rs.tdwg.org/dwc/terms/provenanceID,recommended
material-provenance,materialEntity_fk,fk,for,material,materialEntity_pk,Material Entity (Foreign Key),An identifier for a dwc:MaterialEntity.,The value in this field MAY be changed in aggregation to preserve the relationship to the related primary key.,,string,default,FALSE,TRUE,,,dwc,http://rs.tdwg.org/dwc/terms/materialEntityID,recommended
material-reference,reference_fk,fk,mentioned in,bibliographic-resource,reference_pk,Reference (Foreign Key),An identifier for a dcterms:BibliographicResource.,The value in this field MAY be changed in aggregation to preserve the relationship to the related primary key.,,string,default,FALSE,FALSE,,,dwc,http://rs.tdwg.org/dwc/terms/referenceID,recommended
material-reference,materialEntity_fk,fk,mentioned,material,materialEntity_pk,Material Entity (Foreign Key),An identifier for a dwc:MaterialEntity.,The value in this field MAY be changed in aggregation to preserve the relationship to the related primary key.,,string,default,FALSE,TRUE,,,dwc,http://rs.tdwg.org/dwc/terms/materialEntityID,recommended
material-reference,relationshipType,,,,,Relationship Type,A relationship of a subject resource to a dcterms:BibliographicResource.,Recommended best practice is to use a controlled vocabulary.,`cited in`; `referenced`,string,default,,,,,dwc,http://rs.tdwg.org/dwc/terms/relationshipOfResource,recommended
material-usage-policy,materialEntity_fk,fk,for,material,materialEntity_pk,Material Entity (Foreign Key),An identifier for a dwc:MaterialEntity.,The value in this field MAY be changed in aggregation to preserve the relationship to the related primary key.,,string,default,FALSE,TRUE,,,dwc,http://rs.tdwg.org/dwc/terms/materialEntityID,recommended
material-usage-policy,usagePolicy_fk,fk,has,usage-policy,usagePolicy_pk,Usage Policy (Foreign Key),An identifier for a dwc:UsagePolicy.,The value in this field MAY be changed in aggregation to preserve the relationship to the related primary key.,,string,default,FALSE,TRUE,,,dcterms,http://rs.tdwg.org/dwc/terms/usagePolicyID,recommended
media,media_pk,pk,,,,Media (Primary Key),A unique identifier for an ac:Media resource.,The value in this field MAY be changed in aggregation to guarantee uniqueness.,,string,default,TRUE,TRUE,,,dcterms,http://purl.org/dc/terms/identifier,recommended
media,mediaID,wpk,,,,Media ID,An identifier for an ac:Media resource.,The value in this field MUST be preserved in aggregation. Recommended best practice is to use a globally unique identifier.,,string,default,,,,,dcterms,http://purl.org/dc/terms/identifier,recommended
media,derivedFromMedia_fk,fk,derived from,media,media_pk,Derived From Media (Foreign Key),An identifier for an ac:Media resource from which this ac:Media resource was derived.,The value in this field MAY be changed in aggregation to preserve the relationship to the related primary key.,,string,default,FALSE,FALSE,,,dcterms,http://purl.org/dc/terms/identifier,recommended
media,derivedFromMediaID,wfk,derived from,media,mediaID,Derived From Media ID,An identifier for an ac:Media resource from which this ac:Media resource was derived.,This term can be used when an ac:Media resource has been separated from its source ac:Media resource. Recommended best practice is to use a globally unique identifier. The value in this field MAY refer to an ac:Media instance within or external to the dataset in which this record originated.,,string,default,FALSE,FALSE,,,dcterms,http://purl.org/dc/terms/identifier,recommended
media,isPartOfMedia_fk,fk,part of,media,media_pk,Is Part Of Media (Foreign Key),An identifier for an ac:Media resource of which this ac:Media resource is a part.,The value in this field MAY be changed in aggregation to preserve the relationship to the related primary key.,,string,default,FALSE,FALSE,,,dcterms,http://rs.tdwg.org/ac/terms/isROIOf,recommended
media,isPartOfMediaID,wfk,part of,media,mediaID,Is Part Of Media ID,An identifier for an ac:Media resource of which this ac:Media resource is a part.,This term can be used to define an ac:RegionOfInterest within an ac:Media resource. Recommended best practice is to use a globally unique identifier. The value in this field MAY refer to an ac:Media instance within or external to the dataset in which this record originated.,,string,default,FALSE,FALSE,,,ac,http://rs.tdwg.org/ac/terms/isROIOf,recommended
media,mediaType,,,,,Media Type,A category that best matches the nature of an ac:Media resource.,Recommended best practice is to use a globally unique identifier.,`Sound`; `StillImage`; `MovingImage`; `InteractiveResource`; `Text`,string,default,,,,,dcterms,http://purl.org/dc/terms/type,recommended
media,title,,,,,Title,A name given to the resource.,"Concise title, name, or brief descriptive label of institution, resource collection, or individual resource. This field SHOULD include the complete title with all the subtitles, if any. It is strongly suggested to provide a title. The title facilitates interactions with humans: e.g., it could be used as display text of hyperlinks or to provide a choice of images in a pick list. The title is therefore highly useful and an effort should be made to provide it where it is not already available. When the resource is a collection without an institutional or official name, but with a thematic content, a descriptive title, e.g., ""Urban Ants of New England,"" would be suitable. In individual media resources depicting taxa, the scientific name or names of taxa often form a good title. Common names in addition to or instead of scientific names are also acceptable. Indications of action or roles captured by the media resource, such as predatory acts, are desirable (""Rattlesnake eating deer mouse"", ""Pollinators of California Native Plants"").",,string,default,,,,,dcterms,http://purl.org/dc/terms/title,recommended
media,description,,,,,Description,An account of the resource.,"Description of collection or individual resource, containing the Who, What, When, Where and Why as free-form text. This property optionally allows the presentation of detailed information and will in most cases be shown together with the resource title. If both a description and a caption are present in the metadata, a description is typically displayed instead of the resource, whereas a caption is displayed together with the resource. The description should aim to be a good proxy for the underlying media resource in cases where only text can be shown, whereas the caption may only make sense when shown together with the media. Thus, in HTML it would be appropriate to use dcterms:description values for alt attributes in img elements. Often only one of description or caption is present; choose the term most appropriate for your metadata. It is the role of implementers of an AC concrete representation (e.g., an XML Schema, an RDF representation, etc.) to decide and document how formatting advice will be represented in descriptions serialized according to such representations.",,string,default,,,,,dcterms,http://purl.org/dc/terms/description,recommended
media,caption,,,,,Caption,Free-form text to be displayed together with (rather than instead of) a resource that is suitable for captions (especially images).,"If both description and caption are present in the metadata, a description is typically displayed instead of the resource, a caption together with the resource. Thus, in HTML it would be appropriate to use ac:caption values in figcaption elements. Often only one of description or caption is present; choose the term most appropriate for your metadata.",,string,default,,,,,ac,http://rs.tdwg.org/ac/terms/caption,recommended
media,subtypeLiteral,,,,,Subtype Literal,A subcategory that allows further specialization of an ac:Media resource type than mediaType.,"The subtypeLiteral term MUST NOT be applied to Collection objects. However, the Description term in the Content Coverage Vocabulary might add further description to a Collection object. Controlled string values SHOULD be selected from the Controlled Vocabulary for ac:subtype. Human-readable information about the Controlled Vocabulary for ac:subtype is at http://rs.tdwg.org/ac/doc/subtype/. It is best practice to use ac:subtype instead of ac:subytpeLiteral whenever practical.",,string,default,,,,,ac,http://rs.tdwg.org/ac/terms/subtypeLiteral,recommended
media,subtypeIRI,,,,,Subtype IRI,"A class, represented by an IRI, that provides for more specialization of an ac:Media resource type than dcterms:type.","The subtype term MUST NOT be applied to Collection objects. However, the Description term in the Content Coverage Vocabulary might add further description to a Collection object. IRI values SHOULD be selected from the Controlled Vocabulary for ac:subtype. Human-readable information about the Controlled Vocabulary for ac:subtype is at http://rs.tdwg.org/ac/doc/subtype/. In text-based systems such as tables, IRI values MUST be in unabbreviated form. When an appropriate subtype is not available in the Audiovisual Core controlled vocabulary, a term IRI that is not in a TDWG namespace MAY be used. Conforming applications MAY choose to ignore controlled values not issued by Audiovisual Core. See ac:subtypeLiteral for usage with strings.",,string,default,,,,,ac,http://rs.tdwg.org/ac/terms/subtype,recommended
media,collectionCode,,,,,Collection Code,"A name, acronym, coden, or initialism identifying a collection.",,`Mammals`; `Hildebrandt`; `EBIRD`; `VP`,string,default,,,,,dwc,http://rs.tdwg.org/dwc/terms/collectionCode,recommended
media,collectionID,,,,,Collection ID,An identifier for a collection.,,,string,default,,,,,dwc,http://rs.tdwg.org/dwc/terms/collectionID,recommended
media,createDate,,,,,Original Date and Time,"The date and time the resource was created. For a digital file, this need not match a file-system creation time. For a freshly created resource, it should be close to that time, modulo the time taken to write the file. Later file transfer, copying, and so on, can make the file-system time arbitrarily different.","The date of the creation of the original resource from which the digital media was derived or created. The date and time MUST comply with the World Wide Web Consortium (W3C) datetime practice, https://www.w3.org/TR/NOTE-datetime, which requires that date and time representation correspond to ISO 8601:1998, but with year fields always comprising 4 digits. This makes datetime records compliant with 8601:2004, https://www.iso.org/standard/40874.html. AC datetime values MAY also follow 8601:2004 for ranges by separating two ISO 8601 datetime fields by a solidus (""forward slash"", '/'). When applied to a media resource with temporal extent such as audio or video, this property indicates the startTime of the recording. What constitutes ""original"" is determined by the metadata author. Example: Digitization of a photographic slide of a map would normally give the date at which the map was created; however a photographic work of art including the same map as its content may give the date of the original photographic exposure. Imprecise or unknown dates can be represented as ISO dates or ranges. Compare also Date and Time Digitized in the Resource Creation Vocabulary. See also the Wikipedia ISO 8601 entry, https://en.wikipedia.org/wiki/ISO_8601, for further explanation and examples.",,string,default,,,,,xmp,http://ns.adobe.com/xap/1.0/CreateDate,recommended
media,timeOfDay,,,,,Time Of Day,Free text information beyond exact clock times.,,`afternoon`; `twilight`,string,default,,,,,ac,http://rs.tdwg.org/ac/terms/timeOfDay,recommended
media,digitizationDate,,,,,Digitization Date,"A date on which the first digital version of a resource was created, if different from xmp:CreateDate.","The date and time MUST comply with the World Wide Web Consortium (W3C) datetime practice, https://www.w3.org/TR/NOTE-datetime, which requires that date and time representation correspond to ISO 8601:1998, but with year fields always comprising 4 digits. This makes datetime records compliant with 8601:2004, https://www.iso.org/standard/40874.html. AC datetime values MAY also follow 8601:2004 for ranges by separating two ISO 8601 datetime fields by a solidus (""forward slash"", '/'). Use the international (ISO/xml) format yyyy-mm-ddThh:mm (e.g., ""2007-12-31"" or ""2007-12-31T14:59""). Where available, timezone information SHOULD be added. This is often not the media creation or modification date. For example, if photographic prints have been scanned, the date of that scanning is what this term carries, but Original Date and Time is that depicted in the print. In the case of digital images containing EXIF, whereas the EXIF capture date does not contain time zone information, but EXIF GPSDateStamp and GPSTimeStamp may be relevant as these include time-zone information. See also Metadata Working Group Guidelines for Handling Image Metadata, Version 2.0 (November 2010), https://web.archive.org/web/20180919181934/http://www.metadataworkinggroup.org/pdf/mwg_guidance.pdf, which has best practice advice on handling time-zone-less EXIF date/time data. See also the Wikipedia ISO 8601 entry, https://en.wikipedia.org/wiki/ISO_8601, for further explanation and examples.",,string,default,,,,,ac,http://rs.tdwg.org/ac/terms/digitizationDate,recommended
media,captureDevice,,,,,Capture Device,Free form text describing the device or devices used to create the resource.,"It is best practice to record the device; this may include a combination such as camera plus lens, or camera plus microscope. Examples: ""Canon Supershot 2000"", ""Makroscan Scanner 2000"", ""Zeiss Axioscope with Camera IIIu"", ""SEM (Scanning Electron Microscope)"".",,string,default,,,,,ac,http://rs.tdwg.org/ac/terms/captureDevice,recommended
media,frameRate,,,,,Frame Rate,"The decimal fraction representing the frequency (rate) at which consecutive images (frames) were captured in real time for a dcmi:MovingImage, expressed as the number of frames per second.","This term represents the rate at which consecutive images were captured in real time, not the rate at which the media is encoded to play back the recording. For example, in a recording where 60 consecutive images (frames) are captured for each second of the real-time recording, this would be 60. In a time-lapse recording where one image (frame) is recorded every 5 seconds of recording, this would be 0.2.",`60`; `0.2`,number,default,,,,,ac,http://rs.tdwg.org/ac/terms/frameRate,recommended
media,resourceCreationTechnique,,,,,Resource Creation Technique,"Information about technical aspects of the creation and digitization process of the resource. This includes modification steps (""retouching"") after the initial resource capture.","Annotating whether and how a resource has been modified or edited significantly in ways that are not immediately obvious to, or expected by, consumers is of special significance. Examples for images are: Removing a distracting twig from a picture, moving an object to a different surrounding, changing the color in parts of the image, or blurring the background of an image. Modifications that are standard practice and expected or obvious are not necessary to document; examples of such practices include changing resolution, cropping, minor sharpening or overall color correction, and clearly perceptible modifications (e.g., addition of arrows or labels, or the placement of multiple pictures into a table.) If it is only known that significant modifications were made, but no details are known, a general statement like ""Media may have been manipulated to improve appearance"" may be appropriate. See also Subject Preparation Technique. Encoding method or settings, numbers of channels, lighting, frames per second, data rate, interlaced or progressive, multiflash lighting, remote control, automatic interval exposure.",,string,default,,,,,ac,http://rs.tdwg.org/ac/terms/resourceCreationTechnique,recommended
media,sample-rate,,,,,Sample Rate,Associates a digital signal to its sample rate.,"Numeric value in hertz (Hz). For example, a Service Access Point may have a specific resolution, quality, or format. “Sample rate” is distinct from the related concept of “bit rate” for compressed files such as MP3, and is applicable to both uncompressed and compressed files. See http://musicontology.com/specification/#term-sample_rate for additional information.",,number,default,,,,,mo,http://purl.org/ontology/mo/sample_rate,recommended
media,modified,,,,,Modified,Date on which the resource was changed.,"Date that the media resource was altered. The date and time MUST comply with the World Wide Web Consortium (W3C) datetime practice, https://www.w3.org/TR/NOTE-datetime, which requires that date and time representation correspond to ISO 8601:1998, https://www.iso.org/standard/40874.html, but with year fields always comprising 4 digits. This makes datetime records compliant with 8601:2004. AC datetime values MAY also follow 8601:2004 for ranges by separating two ISO 8601 datetime fields by a solidus (""forward slash"", '/'). dcterms:modified permits all modification dates to be recorded, or if only one is recorded, it is assumed to be the latest. See also the Wikipedia ISO 8601 entry, https://en.wikipedia.org/wiki/ISO_8601, for further explanation and examples.",,string,default,,,,,dcterms,http://purl.org/dc/terms/modified,recommended
media,language,,,,,Language,A language of the resource.,"URI from the ISO639-2 list of URIs for ISO 3-letter language codes, http://id.loc.gov/vocabulary/iso639-2. An image may contain language such as superimposed labels. If an image is of a natural scene or organism, without any language included, the resource is language-neutral with URI http://id.loc.gov/vocabulary/iso639-2/zxx corresponding to ISO ISO639-2 code ""zxx"". Resources with present but unknown language are to be coded as undetermined, with URI http://id.loc.gov/vocabulary/iso639-2/und corresponding to ISO639-2 code ""und"". Regional dialects or other special cases should conform to the ISO639-5 Alpha-3 Code for Language Families and Groups, http://id.loc.gov/vocabulary/iso639-5.html, where possible or the IETF Best Practices for Tags Identifying Languages, https://tools.ietf.org/html/rfc5646, where not. See also the entry for dc:language in the Audiovisual Core term list document and see the DCMI FAQ on DC and DCTERMS Namespaces, https://web.archive.org/web/20171126043657/https://github.com/dcmi/repository/blob/master/mediawiki_wiki/FAQ/DC_and_DCTERMS_Namespaces.md, for discussion of the rationale for terms in two namespaces. Normal practice is to use the same Label if both are provided. Labels have no effect on information discovery and are only suggestions.",,string,default,,,,,dc,http://purl.org/dc/elements/1.1/language,recommended
media,languageIRI,,,,,Language IRI,A language of the resource.,,,string,default,,,,,dcterms,http://purl.org/dc/terms/language,recommended
media,metadataDate,,,,,Metadata Date,The date and time that any metadata for this resource was last changed. It should be the same as or more recent than dcterms:modified.,"Point in time recording when the last modification to metadata (not necessarily the media object itself) occurred. The date and time MUST comply with the World Wide Web Consortium (W3C) datetime practice, https://www.w3.org/TR/NOTE-datetime, which requires that date and time representation correspond to ISO 8601:1998, but with year fields always comprising 4 digits. This makes datetime records compliant with 8601:2004, https://www.iso.org/standard/40874.html. AC datetime values MAY also follow 8601:2004 for ranges by separating two ISO 8601 datetime fields by a solidus (""forward slash"", '/'). This is not dcterms:modified, which refers to the resource itself rather than its metadata. See also the Wikipedia ISO 8601 entry, https://en.wikipedia.org/wiki/ISO_8601, for further explanation and examples.",,string,default,,,,,xmp,http://ns.adobe.com/xap/1.0/MetadataDate,recommended
media,metadataLanguageLiteral,,,,,Metadata Language Literal,Language of description and other metadata (but not necessarily of the image itself) represented as an ISO639-2 three letter language code.,"ISO639-1 two-letter codes are permitted but deprecated. At least one of ac:metadataLanguage and ac:metadataLanguageLiteral MUST be supplied but, when feasible, supplying both might make the metadata more widely useful. They MUST specify the same language. In case of ambiguity, ac:metadataLanguage prevails. This is NOT dc:language, which is about the resource, not the metadata. Metadata Language is deliberately single-valued, imposing on unstructured serializations a requirement that multi-lingual metadata be represented as separate, complete, metadata records. Audiovisual Core requires that each record also contains the language-neutral terms. In the absence of this requirement, metadata consumers would need to know which terms are language-neutral and merge these terms from all provided metadataLanguages into a single record. Metadata consumers may re-combine the information based on the dcterms:identifier that identifies the multimedia resource. Nothing in this document would, however, prevent an implementer, e.g., of an XML-Schema representation, from providing a fully hierarchical schema in which language neutral terms occur only a single time, and only the language-specific terms are repeated in a way that unambiguously relates them to a metadata language. In RDF it may be a simple repetition of plain literals associated with a language (e.g., xml:lang attribute in RDF/XML). The language attribute would then be required in Audiovisual Core and would replace ac:metadataLanguage.",,string,default,,,,,ac,http://rs.tdwg.org/ac/terms/metadataLanguageLiteral,recommended
media,metadataLanguageIRI,,,,,Metadata Language IRI,The URI of the language of description and other metadata (but not necessarily of the image itself).,"Recommended best practice is to use the ISO639-2 list of URIs for ISO 3-letter language codes, http://id.loc.gov/vocabulary/iso639-2. At least one of ac:metadataLanguage and ac:metadataLanguageLiteral should be supplied but, when feasible, supplying both might make the metadata more widely useful. They must specify the same language. In case of ambiguity, ac:metadataLanguage prevails. This is NOT dcterms:language, which is about the resource, not the metadata. Metadata Language is deliberately single-valued, imposing on unstructured serializations a requirement that multi-lingual metadata be represented as separate, complete, metadata records. Audiovisual Core requires that each record also contains the language-neutral terms. In the absence of this requirement, metadata consumers would need to know which terms are language-neutral and merge these terms from all provided metadataLanguages into a single record. Metadata consumers may re-combine the information based on the dcterms:identifier that identifies the multimedia resource. Nothing in this document would, however, prevent an implementer, e.g., of an XML-Schema representation, from providing a fully hierarchical schema in which language neutral terms occur only a single time, and only the language-specific terms are repeated in a way that unambiguously relates them to a metadata language. In RDF it may be a simple repetition of plain literals associated with a language (e.g., xml:lang attribute in RDF/XML). The language attribute would then be required in Audiovisual Core and would replace ac:metadataLanguage.",,string,default,,,,,ac,http://rs.tdwg.org/ac/terms/metadataLanguage,recommended
media,providerManagedID,,,,,Provider-managed ID,"A free-form identifier (a simple number, an alphanumeric code, a URL, etc.) for the resource that is unique and meaningful primarily for the data provider.","Ideally, this would be a globally unique identifier (GUID), but the provider is encouraged to supply any form of identifier that simplifies communications on resources within their project and helps to locate individual data items in the provider's data repositories. It is the provider's decision whether to expose this value or not.",,string,default,,,,,ac,http://rs.tdwg.org/ac/terms/providerManagedID,recommended
media,available,,,,,Available,Date (often a range) that the resource became or will become available.,"The date (often a range) that the resource became or will become available. The date and time MUST comply with the World Wide Web Consortium (W3C) datetime practice, https://www.w3.org/TR/NOTE-datetime, which requires that date and time representation correspond to ISO 8601:1998, but with year fields always comprising 4 digits. This makes datetime records compliant with 8601:2004, https://www.iso.org/standard/40874.html. AC datetime values MAY also follow 8601:2004 for ranges by separating two ISO 8601 datetime fields by a solidus (""forward slash"", '/'). A use case is the harvesting of metadata published before the media are available, which are pending a formal publication elsewhere. One important example is the case of metadata that documents an occurrence, which metadata harvesters might exploit without use of the media. See also the Wikipedia ISO 8601 entry, https://en.wikipedia.org/wiki/ISO_8601, for further explanation and examples.",,string,default,,,,,dcterms,http://purl.org/dc/terms/available,recommended
media,hasServiceAccessPoint,,,,,Service Access Point,"In a chosen serialization (RDF, XML Schema, etc.) the potentially multiple service access points (e.g., for different resolutions of an image) might be provided in a referenced or in a nested object.","This property identifies one such access point. That is, each of potentially multiple values of hasServiceAccessPoint identifies a set of representation-dependent metadata using the properties defined under the Service Access Point Vocabulary section of the Audiovisual Core Term List document. Some serializations may flatten the model of service-access points by (a) dropping ac:hasServiceAccessPoint, ac:variant and ac:variantLiteral, (b) repeating properties from the Service Access Point Vocabulary and prefixing them with values of ac:variantLiteral. If such a flat serialization is necessary for services, we recommend to select from among term names of the form ""AB"" where ""A"" is one of thumbnail, trailer, lowerQuality, mediumQuality, goodQuality, bestQuality, offline and ""B"" is one of AccessURI, Format, Extent, FurtherInformationURL, LicensingException, ServiceExpectation (example: thumbnailAccessURI). Implementers in specific constraint languages such as XML Schema or RDF may wish to make Access URI and perhaps dcterms:format mandatory on instances of the service access point.",,string,default,,,,,ac,http://rs.tdwg.org/ac/terms/hasServiceAccessPoint,recommended
media,serviceExpectation,,,,,Service Expectation,A term that describes what service expectations users may have of the ac:accessURI.,"Recommended terms include online (denotes that the URL is expected to deliver the resource), authenticate (denotes that the URL delivers a login or other authentication interface requiring completion before delivery of the resource) published (non digital, denotes that the URL is the identifier of a non-digital published work, for example a doi.) Communities should develop their own controlled vocabularies for ac:serviceExpectation.",,string,default,,,,,ac,http://rs.tdwg.org/ac/terms/serviceExpectation,recommended
media,accessURI,,,,,Access URI,A URI that uniquely identifies a service that provides a representation of the underlying resource.,"If this resource can be acquired by an http request, its http URL SHOULD be given. If not, but it has some URI in another URI scheme, that MAY be given here. Value might point to something offline, such as a published CD, etc. For example, the doi of a published CD would be a suitable value.",,string,default,,,,,ac,http://rs.tdwg.org/ac/terms/accessURI,recommended
media,format,,,,,Format,"The file format, physical medium, or dimensions of the resource, denoted by a controlled value string.","A controlled value string describing the technical format of the resource (file format or physical medium). The string SHOULD be a controlled value from the Audiovisual Core Controlled Vocabulary for Dublin Core dcterms:format, although it MAY be any Media Type (MIME type) value from the IANA list of Media Types (https://www.iana.org/assignments/media-types/media-types.xhtml) or any commonly used file extension string. Human-readable information about the Controlled Vocabulary for format is at http://rs.tdwg.org/ac/doc/format/. This term can be used to describe offline digital content. In cases where the provided Service Access Point URL includes a standard file extension from which the format can be inferred, it is permissible to not provide a value for this property. See also the entry for dcterms:format in the Audiovisual Core term list document and see the DCMI FAQ on DC and DCTERMS Namespaces, https://web.archive.org/web/20171126043657/https://github.com/dcmi/repository/blob/master/mediawiki_wiki/FAQ/DC_and_DCTERMS_Namespaces.md, for discussion of the rationale for terms in two namespaces. It is best practice to use dcterms:format instead of dc:format whenever practical. Normal practice is to use the same Label if both are provided. Labels have no effect on information discovery and are only suggestions.",,string,default,,,,,dc,http://purl.org/dc/elements/1.1/format,recommended
media,formatIRI,,,,,Format IRI,"The file format, physical medium, or dimensions of the resource, denoted by an IRI.","An IRI denoting the technical format of the resource (file format or physical medium). The IRI SHOULD be from the Audiovisual Core Controlled Vocabulary for Dublin Core dcterms:format. Human-readable information about the Controlled Vocabulary for dcterms:format is at http://rs.tdwg.org/ac/doc/format/. In cases where an IRI for the format does not exist in the controlled vocabulary, a provider can omit this property and provide a media type or file extension value for dc:format. See the DCMI FAQ on DC and DCTERMS Namespaces, https://web.archive.org/web/20171126043657/https://github.com/dcmi/repository/blob/master/mediawiki_wiki/FAQ/DC_and_DCTERMS_Namespaces.md, for discussion of the rationale for terms in two namespaces. Labels have no effect on information discovery and are only suggestions.",,string,default,,,,,dcterms,http://purl.org/dc/terms/format,recommended
media,variantLiteral,,,,,Variant Literal,"The category describing this Service Access Point variant, denoted by a controlled value string.",Values SHOULD be selected from the Controlled Vocabulary for ac:variant. Human-readable information about the Controlled Vocabulary for ac:variant is at http://rs.tdwg.org/ac/doc/variant/. It is best practice to use ac:variant instead of ac:variantLiteral whenever practical.,,string,default,,,,,ac,http://rs.tdwg.org/ac/terms/variantLiteral,recommended
media,variantIRI,,,,,Variant IRI,"The category describing this Service Access Point variant, denoted by an IRI.","Values SHOULD be selected from the Controlled Vocabulary for ac:variant. Human-readable information about the Controlled Vocabulary for ac:variant is at http://rs.tdwg.org/ac/doc/variant/. In text-based systems such as tables, IRI values MUST be in unabbreviated form.",,string,default,,,,,ac,http://rs.tdwg.org/ac/terms/variant,recommended
media,variantDescription,,,,,Variant Description,Text that describes this Service Access Point variant.,"Most variants (thumb, low-res, high-res) are self-explanatory and it is best practice to leave this property empty if no special description is needed. It is provided for cases that require additional information (e.g., video shortened instead of simply quality reduced).",,string,default,,,,,ac,http://rs.tdwg.org/ac/terms/variantDescription,recommended
media,pixelXDimension,,,,,Image Width,"Information specific to compressed data. When a compressed file is recorded, the valid width of the meaningful image shall be recorded in this tag, whether or not there is padding data or a restart marker. This tag shall not exist in an uncompressed file.","The width in pixels of the media specified by the access point. Contrary to the definition, in Audiovisual Core, this term MAY be used with uncompressed files. Audiovisual Core uses this term for any image type, including those to which EXIF does not apply and those that are not a compressed file type like JPEG.",,integer,default,,,1,,exif,http://ns.adobe.com/exif/1.0/PixelXDimension,recommended
media,pixelYDimension,,,,,Image Height,"Information specific to compressed data. When a compressed file is recorded, the valid height of the meaningful image shall be recorded in this tag, whether or not there is padding data or a restart marker. This tag shall not exist in an uncompressed file.","The height in pixels of the media specified by the access point. Contrary to the definition, in Audiovisual Core, this term MAY be used with uncompressed files. Audiovisual Core uses this term for any image type, including those to which EXIF does not apply and those that are not a compressed file type like JPEG.",,integer,default,,,1,,exif,http://ns.adobe.com/exif/1.0/PixelYDimension,recommended
media,hashFunction,,,,,Hash Function,The cryptographic hash function used to compute the value given in the ac:hashValue.,"Recommended values include MD5, SHA-1, SHA-224,SHA-256, SHA-384, SHA-512, SHA-512/224 and SHA-512/256",,string,default,,,,,ac,http://rs.tdwg.org/ac/terms/hashFunction,recommended
media,hashValue,,,,,Hash Value,The value computed by an ac:hashFunction applied to the media that will be delivered at the access point.,Best practice is to also specify the ac:hash Function using one of the standard literals from the Notes there.,,string,default,,,,,ac,http://rs.tdwg.org/ac/terms/hashValue,recommended
media,furtherInformationURL,,,,,Further Information URL,The URL of a Web site that provides additional information about the version of the ac:Media resource that is provided by the ac:hasServiceAccessPoint.,,,string,default,,,,,ac,http://rs.tdwg.org/ac/terms/furtherInformationURL,recommended
media,commenterLiteral,,,,,Commenter Literal,A name of a dcterms:Agent primarily responsible for providing the ac:comments,"See also ac:reviewerComments for the distinction between ac:comments and ac:reviewerComments. See also the entry for ac:commenter and the section Namespaces, Prefixes and Term Names in the Audiovisual Core Term List document for discussion of the rationale for separate terms taking URI values from those taking Literal values where both are possible. Normal practice is to use the same Label if both are provided. Labels have no effect on information discovery and are only suggestions.",`anonymous`,string,default,,,,,ac,http://rs.tdwg.org/ac/terms/commenterLiteral,recommended
media,commenter_fk,fk,comment by,agent,agent_pk,Commenter (Foreign Key),An identifier for a dcterms:Agent primarily responsible for providing the ac:comments.,The value in this field MAY be changed in aggregation to preserve the relationship to the related primary key.,,string,default,FALSE,FALSE,,,dwc,http://rs.tdwg.org/dwc/terms/agentID,recommended
media,commenterID,wfk,comment by,agent,agentID,Commenter ID,An identifier for a dcterms:Agent primarily responsible for providing the ac:comments.,"Implementers and communities of practice MAY produce restrictions or recommendations on the choice of vocabularies. See also ac:reviewerComments for the distinction between ac:comments and ac:reviewerComments. See also the entry for ac:commenterLiteral and the section Namespaces, Prefixes and Term Names in the Audiovisual Core Term List document for discussion of the rationale for separate terms taking URI values from those taking Literal values where both are possible. Normal practice is to use the same Label if both are provided. Labels have no effect on information discovery and are only suggestions. The value in this field MAY refer to a dcterms:BibliographicResource within or external to the dataset in which this record originated. The value in this field MAY refer to a dcterms:Agent within or external to the dataset in which this record originated.",`https://orcid.org/0000-0002-1825-0097`,string,default,FALSE,FALSE,,,dwc,http://rs.tdwg.org/dwc/terms/agentID,recommended
media,comments,,,,,Comments,"Any comment provided on the ac:Media resource, as free-form text.","Best practice would also identify the ac:commenter. Comments may refer to the resource itself (e.g., asserting a taxon name or location of a biological subject in an image), or to the relation between resource and associated metadata (e.g., asserting that the taxon name given in the metadata is wrong, without asserting a positive identification). There is a separate item from ac:reviewerComments, which is defined more as an expert-level review. Implementers or communities of practice might establish conventions about the meaning of the absence of an ac:commenter, but this specification is silent on that matter.",,string,default,,,,,ac,http://rs.tdwg.org/ac/terms/comments,recommended
media,rating,,,,,Rating,"A user-assigned rating for this file. The value shall be -1 or in the range [0..5], where -1 indicates ""rejected"" and 0 indicates ""unrated"". If xmp:Rating is not present, a value of 0 should be assumed.","A rating for an ac:Media resource, provided by record originators or editors, with '1' (worst) to '5' (best). Anticipated usage is for a typical 'star rating' UI, with the addition of a notion of rejection. Values MAY be decimal numbers in the permitted range. The origin of the rating is not communicated. It may, e.g., be based on user feedback or on editorial ratings. By ""user-assigned"" is meant assigned by the originator or editor of the record using the term.",`1`; `5`,string,default,,,,,xmp,http://ns.adobe.com/xap/1.0/Rating,recommended
media,reviewerLiteral,,,,,Reviewer Literal,A name of a dcterms:Agent primarily responsible for providing the ac:reviewerComments,"If present, then resource is peer-reviewed, even if ac:reviewerComments is absent or empty. Its presence tells whether an expert in the subject featured in the media has reviewed an ac:Media resource or collection and approved its metadata description; MUST display a name or the literal ""anonymous"" (= anonymously reviewed). Provider is asserting they accept this review as competent. See also ac:reviewer and the section Namespaces, Prefixes and Term Names in the Audiovisual Core Term List document for discussion of the rationale for separate terms taking URI values from those taking Literal values where both are possible. Normal practice is to use the same Label if both are provided. Labels have no effect on information discovery and are only suggestions.",,string,default,,,,,ac,http://rs.tdwg.org/ac/terms/reviewerLiteral,recommended
media,reviewer_fk,fk,reviewed by,agent,agent_pk,Reviewer (Foreign Key),An identifier for a dcterms:Agent primarily responsible for providing the ac:reviewerComments.,The value in this field MAY be changed in aggregation to preserve the relationship to the related primary key.,,string,default,FALSE,FALSE,,,dwc,http://rs.tdwg.org/dwc/terms/agentID,recommended
media,reviewerID,wfk,reviewed by,agent,agentID,Reviewer ID,An identifier for a dcterms:Agent primarily responsible for providing the ac:reviewerComments,"If present, then resource is peer-reviewed, even if ac:reviewerComments is absent or empty. Its presence tells whether an expert in the subject featured in the media has reviewed an ac:Media resource or collection and approved its metadata description; MUST display a name or the literal ""anonymous"" (= anonymously reviewed). Provider is asserting they accept this review as competent. See also ac:reviewerLiteral and the section Namespaces, Prefixes and Term Names in the Audiovisual Core Term List document for discussion of the rationale for separate terms taking URI values from those taking Literal values where both are possible. Normal practice is to use the same Label if both are provided. Labels have no effect on information discovery and are only suggestions. The value in this field MAY refer to a dcterms:Agent within or external to the dataset in which this record originated.",`https://orcid.org/0000-0002-1825-0097`,string,default,FALSE,FALSE,,,dwc,http://rs.tdwg.org/dwc/terms/agentID,recommended
media,reviewerComments,,,,,Reviewer Comments,"Any comment provided by a reviewer with expertise in the subject, as free-form text.","Reviewer Comments may refer to the resource itself (e.g., asserting a taxon name or location of a biological subject in an image), or to the relation between resource and associated metadata (e.g., asserting that the taxon name given in the metadata is wrong, without asserting a positive identification). There is a separate item ""Comments"" for text from commenters of unrecorded expertise.",,string,default,,,,,ac,http://rs.tdwg.org/ac/terms/reviewerComments,recommended
media,physicalSetting,,,,,Physical Setting,"The setting of the content represented in an ac:Media resource, such as images, sounds, and movies if the provider deems them relevant.",,,string,default,,,,,ac,http://rs.tdwg.org/ac/terms/physicalSetting,recommended
media,subjectCategory,,,,,Subject Category,A term to describe the content of a image or a region of interest within an image using a controlled value string.,Recommended best practice is to use a controlled vocabulary.,,string,default,,,,,ac,http://rs.tdwg.org/ac/terms/CVtermLiteral,recommended
media,subjectCategoryIRI,,,,,Subject Category IRI,An IRI of a controlled vocabulary value for the subject category of an ac:Media resource.,Recommended best practice is to use a controlled vocabulary.,,string,default,,,,,Iptc4xmpExt,http://iptc.org/std/Iptc4xmpExt/2008-02-29/CVterm,recommended
media,subjectCategoryVocabulary,,,,,Subject Category Source,A reference to a controlled vocabulary in which the definition of a value in dwc:subjectCategory is given.,"The Audiovisual Core recommended vocabularies do not need to be cited here. There is no required linkage between individual Subject Category terms and the vocabulary; the mechanism is intended to support discovery of the normative URI for a term, but not guarantee it.",,string,default,,,,,ac,http://rs.tdwg.org/ac/terms/subjectCategoryVocabulary,recommended
media,tag,,,,,Tag,General keywords or tags.,"Tags may be multi-worded phrases. Where scientific names, common names, geographic locations, etc. are separable, those should go into the more specific coverage metadata items provided further below. Examples: ""flower diagram"". Character or part keywords like ""leaf"", or ""flower color"" are especially desirable.",,string,default,,,,,ac,http://rs.tdwg.org/ac/terms/tag,recommended
media,subjectPartLiteral,,,,,Subject Part Literal,"The portion or product of organism morphology, behaviour, environment, etc. that is either predominantly shown or particularly well exemplified by the ac:Media resource, denoted by a controlled value string.",Values SHOULD be selected from the Controlled Vocabulary for ac:subjectPart. It is best practice to use ac:subjectPart instead of ac:subjectPartLiteral whenever practical.,,string,default,,,,,ac,http://rs.tdwg.org/ac/terms/subjectPartLiteral,recommended
media,subjectPartIRI,,,,,Subject Part IRI,"The portion or product of organism morphology, behaviour, environment, etc. that is either predominantly shown or particularly well exemplified by the ac:Media resource, denoted by an IRI.",,,string,default,,,,,ac,http://rs.tdwg.org/ac/terms/subjectPart,recommended
media,subjectOrientationLiteral,,,,,Subject Orientation Literal,"Specific orientation (= direction, view angle) of the subject represented in the ac:Media resource with respect to the acquisition device, denoted by a controlled value string.",Values SHOULD be selected from the Controlled Vocabulary for ac:subjectOrientation. It is best practice to use ac:subjectOrientation instead of ac:subjectOrientationLiteral whenever practical.,,string,default,,,,,ac,http://rs.tdwg.org/ac/terms/subjectOrientationLiteral,recommended
media,subjectOrientationIRI,,,,,Subject Orientation IRI,"Specific orientation (= direction, view angle) of the subject represented in the ac:Media resource with respect to the acquisition device, denoted by an IRI.",,,string,default,,,,,ac,http://rs.tdwg.org/ac/terms/subjectOrientation,recommended
media,startTime,,,,,Start Time in Seconds,"The beginning of a temporal region, specified as an absolute offset relative to the beginning of an ac:Media resource (this corresponds to Normal Play Time RFC 2326), specified as seconds, with an optional fractional part to indicate milliseconds or finer.",This term MUST only be applied to a region of interest.,,number,default,,,0,,ac,http://rs.tdwg.org/ac/terms/startTime,recommended
media,endTime,,,,,End Time in Seconds,"The end of a temporal region, specified as an absolute offset relative to the beginning of an ac:Media resource (this corresponds to Normal Play Time RFC 2326), specified as seconds, with an optional fractional part to indicate milliseconds or finer.",This term MUST only be applied to a region of interest.,,number,default,,,0,,ac,http://rs.tdwg.org/ac/terms/endTime,recommended
media,startTimestamp,,,,,Start Time Stamp,"The beginning of a temporal region, specified as real-world clock time ISO 8601 timestamps, using UTC timezone, with an optional fractional part to indicate milliseconds or finer. There is no limit on the number of decimal places for the decimal fraction.",This term MAY be applied to a region of interest or an entire media item.,,string,default,,,,,ac,http://rs.tdwg.org/ac/terms/startTimestamp,recommended
media,endTimestamp,,,,,End Time Stamp,"The end of a temporal region, specified as real-world clock time ISO 8601 timestamps, using UTC timezone, with an optional fractional part to indicate milliseconds or finer. There is no limit on the number of decimal places for the decimal fraction.",This term MAY be applied to a region of interest or an entire media item.,,string,default,,,,,ac,http://rs.tdwg.org/ac/terms/endTimestamp,recommended
media,mediaDuration,,,,,Media Duration,The playback duration of an audio or video file in seconds.,This might be different from the time in seconds calculated as the difference of ac:endTimestamp and ac:startTimestamp if ac:mediaSpeed is not equal to 1.,,number,default,,,0,,ac,http://rs.tdwg.org/ac/terms/mediaDuration,recommended
media,mediaSpeed,,,,,Media Speed,The decimal fraction representing the natural speed over the encoded speed.,"If a value for ac:mediaSpeed is not provided, applications SHOULD assume that 1.0 is the value. For example, in a time-lapse recording where 60 seconds of natural time is represented in 1 second of media this would be 60. In a time-expanded recording where 1 second of recording is represented in 5 seconds of media, this would be 0.2.",`60`; `0.2`,number,default,,,,,ac,http://rs.tdwg.org/ac/terms/mediaSpeed,recommended
media,freqHigh,,,,,Upper frequency bound,The highest frequency of the phenomena reflected in the multimedia item or Region of Interest.,"Numeric value in hertz (Hz). This term refers to the sound events depicted and not to the constraints of the recording medium, so are in principle independent from sampleRate. If dwc:scientificName is specified and if applied to the entire multimedia item, these frequency bounds refer to the sounds of the species given in the dwc:scientificName throughout the whole recording. Although many users will specify both freqLow and freqHigh, it is permitted to specify just one or the other, for example if only one of the bounds is discernible.",`60`,number,default,,,,,ac,http://rs.tdwg.org/ac/terms/freqHigh,recommended
media,freqLow,,,,,Lower frequency bound,The lowest frequency of the phenomena reflected in the multimedia item or Region of Interest.,"Numeric value in hertz (Hz). This term refers to the sound events depicted and not to the constraints of the recording medium, so are in principle independent from sampleRate. If dwc:scientificName is specified and if applied to the entire multimedia item, these frequency bounds refer to the sounds of the species given in the dwc:scientificName throughout the whole recording. Although many users will specify both freqLow and freqHigh, it is permitted to specify just one or the other, for example if only one of the bounds is discernible.",`60`,number,default,,,,,ac,http://rs.tdwg.org/ac/terms/freqLow,recommended
media,xFrac,,,,,Fractional X,"The horizontal position of a reference point, measured from the left side of an ac:Media resource and expressed as a decimal fraction of the width of an ac:Media resource.","A valid value MUST be greater than or equal to zero and less than or equal to one. The precision of this value SHOULD be great enough that when the ac:xFrac value is multiplied by the exif:PixelXDimension of the Best Quality variant of the Service Access point, rounding to the nearest integer results in the same horizontal pixel location originally used to define the point. This point can serve as the horizontal position of the upper left corner of a bounding rectangle, or as the center of a circle.",`0.5`; `1`,number,default,,,0,1,ac,http://rs.tdwg.org/ac/terms/xFrac,recommended
media,yFrac,,,,,Fractional Y,"The vertical position of a reference point, measured from the top of an ac:Media resource and expressed as a decimal fraction of the height of an ac:Media resource.","A valid value MUST be greater than or equal to zero and less than or equal to one. The precision of this value SHOULD be great enough that when the ac:yFrac value is multiplied by the exif:PixelYDimension of the Best Quality variant of the Service Access point, rounding to the nearest integer results in the same vertical pixel originally used to define the point. This point can serve as the vertical position of the upper left corner of a bounding rectangle, or as the center of a circle.",`0.5`; `1`,number,default,,,0,1,ac,http://rs.tdwg.org/ac/terms/yFrac,recommended
media,heightFrac,,,,,Fractional Height,"The height of the bounding rectangle, expressed as a decimal fraction of the height of an ac:Media resource.","The sum of a valid value plus ac:yFrac MUST be greater than zero and less than or equal to one. The precision of this value SHOULD be great enough that when ac:heightFrac and ac:yFrac are used with the exif:PixelYDimension of the Best Quality variant of the Service Access point to calculate the lower right corner of the rectangle, rounding to the nearest integer results in the same vertical pixel originally used to define the point. This term MUST NOT be used with ac:radius to define a region of interest. Zero-sized bounding rectangles are not allowed. To designate a point, use the radius option with a zero value.",`0.5`; `1`,number,default,,,0,1,ac,http://rs.tdwg.org/ac/terms/heightFrac,recommended
media,widthFrac,,,,,Fractional Width,"The width of the bounding rectangle, expressed as a decimal fraction of the width of an ac:Media resource.","The sum of a valid value plus ac:xFrac MUST be greater than zero and less than or equal to one. The precision of this value SHOULD be great enough that when ac:widthFrac and ac:xFrac are used with the exif:PixelXDimension of the Best Quality variant of the Service Access point to calculate the lower right corner of the rectangle, rounding to the nearest integer results in the same horizontal pixel originally used to define the point. This term MUST NOT be used with ac:radius to define a region of interest. Zero-sized bounding rectangles are not allowed. To designate a point, use the radius option with a zero value.",`0.5`; `1`,number,default,,,0,1,ac,http://rs.tdwg.org/ac/terms/widthFrac,recommended
media,radius,,,,,Radius,"The radius of a bounding circle or arc, expressed as a fraction of the width of an ac:Media resource.","A valid value MUST be greater than or equal to zero. A valid value MAY cause the designated circle to extend beyond the bounds of an ac:Media resource. In that case, the arc within an ac:Media resource plus the bounds of an ac:Media resource specify the region of interest. This term MUST NOT be used with ac:widthFrac or ac:heightFrac to define a region of interest. This term may be used with ac:xFrac and ac:yFrac to define a point. In that case, the implication is that the point falls on some object of interest within an ac:Media resource, but nothing more can be assumed about the bounds of that object.",`100`,integer,default,,,0,,ac,http://rs.tdwg.org/ac/terms/radius,recommended
media,provenance_fk,fk,has,provenance,provenance_pk,Provenance (Foreign Key),An identifier for a dwc:Provenance.,The value in this field MAY be changed in aggregation to preserve the relationship to the related primary key.,,string,default,FALSE,FALSE,,,dcterms,http://rs.tdwg.org/dwc/terms/provenanceID,recommended
media,usagePolicy_fk,fk,has,usage-policy,usagePolicy_pk,Usage Policy (Foreign Key),An identifier for a dwc:UsagePolicy for an ac:Media.,The value in this field MAY be changed in aggregation to preserve the relationship to the related primary key.,,string,default,FALSE,FALSE,,,dcterms,http://rs.tdwg.org/dwc/terms/usagePolicyID,recommended
media,owner,,,,,Owner,A list of legal owners of the resource.,`unknown`,"`The names of the owners `Ron Thomas, Roz Thomas` or a URI that identifies the owner`",string,default,,,,,xmprights,http://ns.adobe.com/xap/1.0/rights/Owner,recommended
media,owner_fk,fk,owned by,agent,agent_pk,Owner (Foreign Key),An identifier for a dcterms:Agent that is the owner of the ac:Media resource.,The value in this field MAY be changed in aggregation to preserve the relationship to the related primary key.,,string,default,FALSE,FALSE,,,dwc,http://rs.tdwg.org/dwc/terms/agentID,recommended
media,license,,,,,License,A legal document giving official permission to do something with the resource.,"Recommended practice is to identify the license document with a URI. If this is not possible or feasible, a literal value that identifies the license may be provided.",,string,default,,,,,dcterms,http://purl.org/dc/terms/license,recommended
media-agent-role,media_fk,fk,role for,media,media_pk,Media (Foreign Key),An identifier for an ac:Media resource.,The value in this field MAY be changed in aggregation to preserve the relationship to the related primary key.,,string,default,FALSE,TRUE,,,dcterms,http://purl.org/dc/terms/identifier,recommended
media-agent-role,agent_fk,fk,role holder,agent,agent_pk,Agent (Foreign Key),An identifier for a dcterms:Agent.,The value in this field MAY be changed in aggregation to preserve the relationship to the related primary key.,,string,default,FALSE,TRUE,,,dwc,http://rs.tdwg.org/dwc/terms/agentID,recommended
media-agent-role,agentRole,,,,,Agent Role,A category that best matches the nature of a role of a dcterms:Agent.,Recommended best practice is to use a controlled vocabulary for the roles appropriate to the class of resource a dcterms:AgentRole is related to.,,string,default,,,,,dwc,http://rs.tdwg.org/dwc/terms/relationshipOfResource,recommended
media-agent-role,agentRoleIRI,,,,,Agent Role IRI,An IRI of the controlled vocabulary value for a role of a dcterms:Agent.,Recommended best practice is to use an IRI for a term in a controlled vocabulary.,,string,default,,,,,dwciri,http://rs.tdwg.org/dwc/terms/relationshipOfResourceID,recommended
media-agent-role,agentRoleSource,,,,,Agent Role Source,A reference to a controlled vocabulary in which the definition of a value in dwc:agentRole is given.,,,string,default,,,,,dc,http://purl.org/dc/elements/1.1/source,recommended
media-agent-role,agentRoleOrder,,,,,Agent Role Order,"A numerical position of an AgentRole in a set of AgentRoles that have the same combination of agentRole, agentRoleIRI, agentRoleSource and related target identifier.","One could use dwc:agentRoleOrder to create an ordered list of collectors (dwc:agentRole = 'collector') for a dwc:MaterialEntity, for example. The first would have dwc:agentRoleOrder=1, the second would have dwc:agentRoleOrder=2.",,integer,default,,TRUE,1,,dwc,http://rs.tdwg.org/dwc/terms/agentRoleOrder,recommended
media-agent-role,agentRoleDate,,,,,Agent Role Date,An interval during which a dcterms:AgentRole was in effect.,Recommended best practice is to use a date that conforms to ISO 8601-1:2019.,`1963-03-08T14:07-06:00` (8 Mar 1963 at or after 2:07pm and before 2:08pm in the time zone six hours earlier than UTC); `2009-02-20T08:40Z` (20 February 2009 at or after 8:40am and before 8:41 UTC); `2018-08-29T15:19` (29 August 2018 at or after 3:19pm and before 3:20pm local time); `1809-02-12` (within the day 12 February 1809); `1906-06` (in the month of June 1906); `1971` (in the year 1971); `2007-03-01T13:00:00Z/2008-05-11T15:30:00Z` (some time within the interval beginning 1 March 2007 at 1pm UTC and before 11 May 2008 at 3:30pm UTC); `1900/1909` (some time within the interval between the beginning of the year 1900 and before the year 1909); `2007-11-13/15` (some time in the interval between the beginning of 13 November 2007 and before 15 November 2007),string,default,,,,,dwc,http://rs.tdwg.org/dwc/terms/assertionEffectiveDate,recommended
media-assertion,assertionID,wpk,,,,Assertion ID,An identifier for a dwc:Assertion.,Recommended best practice is to use a globally unique identifier.,,string,default,TRUE,FALSE,,,dwc,http://rs.tdwg.org/dwc/terms/assertionID,recommended
media-assertion,media_fk,fk,about,media,media_pk,Media (Foreign Key),An identifier for an ac:Media resource.,The value in this field MAY be changed in aggregation to preserve the relationship to the related primary key.,,string,default,FALSE,TRUE,,,dcterms,http://purl.org/dc/terms/identifier,recommended
media-assertion,verbatimAssertionType,,,,,Verbatim Assertion Type,A string representing the type of dwc:Assertion as it appeared in the original record.,"This term is meant to allow the capture of an unaltered original name for a dwc:assertionType. This term is meant to be used in addition to dwc:assertionType, not instead of it.",`water_temp`; `Fish biomass`; `sampling net mesh size`,string,default,,,,,dwc,http://rs.tdwg.org/dwc/terms/verbatimAssertionType,recommended
media-assertion,assertionType,,,,,Assertion Type,A category that best matches the nature of a dwc:Assertion.,"Recommended best practice is to use a controlled vocabulary. This term has an equivalent in the dwciri: namespace that allows only an IRI as a value, whereas this term allows for any string literal value.",`tail length`; `temperature`; `trap line length`; `survey area`; `trap type`,string,default,,,,,dwc,http://rs.tdwg.org/dwc/terms/assertionType,recommended
media-assertion,assertionTypeIRI,,,,,Assertion Type IRI,An IRI of a controlled vocabulary value for a type of dwc:Assertion.,Recommended best practice is to use an IRI for a term in a controlled vocabulary.,,string,default,,,,,dwciri,http://rs.tdwg.org/dwc/iri/measurementType,recommended
media-assertion,assertionTypeSource,,,,,Assertion Type Source,A reference to the controlled vocabulary in which the definition of a value in dwc:assertionType is given.,,,string,default,,,,,dc,http://purl.org/dc/elements/1.1/source,recommended
media-assertion,assertionMadeDate,,,,,Assertion Made Date,A date on which a dwc:Assertion was created.,Recommended best practice is to use a date that conforms to ISO 8601-1:2019.,`1963-03-08T14:07-06:00` (8 Mar 1963 at or after 2:07pm and before 2:08pm in the time zone six hours earlier than UTC); `2009-02-20T08:40Z` (20 February 2009 at or after 8:40am and before 8:41 UTC); `2018-08-29T15:19` (29 August 2018 at or after 3:19pm and before 3:20pm local time); `1809-02-12` (within the day 12 February 1809); `1906-06` (in the month of June 1906); `1971` (in the year 1971); `2007-03-01T13:00:00Z/2008-05-11T15:30:00Z` (some time within the interval beginning 1 March 2007 at 1pm UTC and before 11 May 2008 at 3:30pm UTC); `1900/1909` (some time within the interval between the beginning of the year 1900 and before the year 1909); `2007-11-13/15` (some time in the interval between the beginning of 13 November 2007 and before 15 November 2007),string,default,,,,,dwc,http://rs.tdwg.org/dwc/terms/assertionMadeDate,recommended
media-assertion,assertionEffectiveDate,,,,,Assertion Effective Date,A date-time or time interval during which an asserted state or measurement was deemed to be in effect.,Recommended best practice is to use a date that conforms to ISO 8601-1:2019.,`1963-03-08T14:07-06:00` (8 Mar 1963 at or after 2:07pm and before 2:08pm in the time zone six hours earlier than UTC); `2009-02-20T08:40Z` (20 February 2009 at or after 8:40am and before 8:41 UTC); `2018-08-29T15:19` (29 August 2018 at or after 3:19pm and before 3:20pm local time); `1809-02-12` (within the day 12 February 1809); `1906-06` (in the month of June 1906); `1971` (in the year 1971); `2007-03-01T13:00:00Z/2008-05-11T15:30:00Z` (some time within the interval beginning 1 March 2007 at 1pm UTC and before 11 May 2008 at 3:30pm UTC); `1900/1909` (some time within the interval between the beginning of the year 1900 and before the year 1909); `2007-11-13/15` (some time in the interval between the beginning of 13 November 2007 and before 15 November 2007),string,default,,,,,dwc,http://rs.tdwg.org/dwc/terms/assertionEffectiveDate,recommended
media-assertion,assertionValue,,,,,Assertion Value,An asserted value.,,,string,default,,,,,dwc,http://rs.tdwg.org/dwc/terms/assertionValue,recommended
media-assertion,assertionValueIRI,,,,,Assertion Value IRI,An IRI of the controlled vocabulary value for a value of a dwc:Assertion.,Recommended best practice is to use an IRI for a term in a controlled vocabulary.,,string,default,,,,,dwciri,http://rs.tdwg.org/dwc/iri/measurementValue,recommended
media-assertion,assertionValueSource,,,,,Assertion Value Source,A reference to a controlled vocabulary in which the definition of a value in dwc:assertionValue is given.,,,string,default,,,,,dc,http://purl.org/dc/elements/1.1/source,recommended
media-assertion,assertionUnit,,,,,Assertion Unit,Unit associated with the value in dwc:assertionValue.,"Recommended best practice is to use a controlled vocabulary such as the Ontology of Units of Measure http://www.wurvoc.org/vocabularies/om-1.8/ of SI units, derived units, or other non-SI units accepted for use within the SI. For units that are composed of multiple parts, use the patterns as given in ""A Primer for Communicating Mathematics via Plain Text"" (https://cse.sc.edu/~fenner/latex-ASCII.pdf) by Stephen Fenner (e.g., `g/cm^3` for grams per cubic centimeter). For other units, provide the value as a recognizable standard (e.g., '%') or written out in full and in the plural (e.g., `individuals`). It is fine to provide non-SI units in the original language of the dataset.",`m`; `s`; `g`; `ml`,string,default,,,,,dwc,http://rs.tdwg.org/dwc/terms/assertionUnit,recommended
media-assertion,assertionUnitIRI,,,,,Assertion Unit IRI,An IRI of a controlled vocabulary value for the unit of a dwc:assertionValue.,Recommended best practice is to use an IRI for a term in a controlled vocabulary.,,string,default,,,,,dwciri,http://rs.tdwg.org/dwc/iri/assertionUnit,recommended
media-assertion,assertionUnitSource,,,,,Assertion Unit Source,A reference to a controlled vocabulary in which the definition of the value in dwc:assertionUnit is given.,,,string,default,,,,,dc,http://purl.org/dc/elements/1.1/source,recommended
media-assertion,assertionError,,,,,Assertion Error,A description of the potential error associated with a dwc:assertionValue.,,`0.01`; `normal distribution with variation of 2 m`,string,default,,,,,dwc,http://rs.tdwg.org/dwc/terms/assertionError,recommended
media-assertion,assertionBy,,,,,Assertion By,A list (concatenated and separated) of names of dcterms:Agents responsible for making a dwc:Assertion.,Recommended best practice is to separate the values in a list with space vertical bar space (` | `).,,string,default,,,,,dwc,http://rs.tdwg.org/dwc/terms/assertionBy,recommended
media-assertion,assertionBy_fk,fk,asserted by,agent,agent_pk,Assertion By (Foreign Key),An identifier for a dcterms:Agent responsible for making a dwc:Assertion.,The value in this field MAY be changed in aggregation to preserve the relationship to the related primary key.,,string,default,FALSE,FALSE,,,dwc,http://rs.tdwg.org/dwc/terms/agentID,recommended
media-assertion,assertionByID,wfk,asserted by,agent,agentID,Assertion By ID,An identifier for a dcterms:Agent responsible for making a dwc:Assertion.,The value in this field MAY refer to a dcterms:Agent within or external to the dataset in which this record originated.,`https://orcid.org/0000-0002-1825-0097`,string,default,FALSE,FALSE,,,dwc,http://rs.tdwg.org/dwc/terms/agentID,recommended
media-assertion,assertionProtocols,,,,,Assertion Protocols,"Names of, references to, or descriptions of dwc:Protocols used in making a dwc:Assertion.",,,string,default,,,,,dwc,http://rs.tdwg.org/dwc/terms/assertionProtocols,recommended
media-assertion,assertionProtocol_fk,fk,followed,protocol,protocol_pk,Assertion Protocol (Foreign Key),An identifier for a dwc:Protocol used to make a dwc:Assertion.,The value in this field MAY be changed in aggregation to preserve the relationship to the related primary key.,,string,default,FALSE,FALSE,,,dwc,http://rs.tdwg.org/dwc/terms/protocolID,recommended
media-assertion,assertionReferences,,,,,Assertion References,A list (concatenated and separated) of dcterms:BibliographicResources associated with a dwc:Assertion.,Recommended best practice is to separate the values in a list with space vertical bar space (` | `).,,string,default,,,,,dwc,http://rs.tdwg.org/dwc/terms/assertionReferences,recommended
media-assertion,assertionRemarks,,,,,Assertion Remarks,Comments or notes about a dwc:Assertion.,,,string,default,,,,,dwc,http://rs.tdwg.org/dwc/terms/assertionRemarks,recommended
media-identifier,media_fk,fk,for,media,media_pk,Media (Foreign Key),An identifier for an ac:Media resource.,The value in this field MAY be changed in aggregation to preserve the relationship to the related primary key.,,string,default,FALSE,TRUE,,,dcterms,http://purl.org/dc/terms/identifier,recommended
media-identifier,identifier,,,,,Identifier,An unambiguous reference to a resource within a given context.,Recommended best practice is to identify a resource by means of a string conforming to a formal identification system.,,string,default,FALSE,TRUE,,,skos,http://www.w3.org/2004/02/skos/core#notation,recommended
media-identifier,identifierType,,,,,Identifier Type,A category or system that best matches the nature of an identifier (skos:notation).,Recommended best practice is to use a controlled vocabulary.,,string,default,,,,,dc,http://purl.org/dc/elements/1.1/type,recommended
media-identifier,identifierTypeIRI,,,,,Identifier Type IRI,An IRI of a controlled vocabulary value for a type of identifier.,Recommended best practice is to use an IRI for a term in a controlled vocabulary.,,string,default,,,,,dcterms,http://purl.org/dc/terms/type,recommended
media-identifier,identifierTypeSource,,,,,Identifier Type Source,A reference to a controlled vocabulary in which the definition of a value in dwc:identifierType is given.,,,string,default,,,,,dc,http://purl.org/dc/elements/1.1/source,recommended
media-identifier,identifierLanguage,,,,,Identifier Language,A language in which an identifier is presented.,Recommended best practice is to use an ISO639-2 three-letter language code.,,string,default,,,,,dc,http://purl.org/dc/elements/1.1/language,recommended
media-provenance,provenance_fk,fk,has,provenance,provenance_pk,Provenance (Foreign Key),An identifier for a dwc:Provenance.,The value in this field MAY be changed in aggregation to preserve the relationship to the related primary key.,,string,default,FALSE,TRUE,,,dcterms,http://rs.tdwg.org/dwc/terms/provenanceID,recommended
media-provenance,media_fk,fk,for,media,media_pk,Media (Foreign Key),An identifier for an ac:Media resource.,The value in this field MAY be changed in aggregation to preserve the relationship to the related primary key.,,string,default,FALSE,TRUE,,,dcterms,http://purl.org/dc/terms/identifier,recommended
media-usage-policy,media_fk,fk,for,media,media_pk,Media (Foreign Key),An identifier for an ac:Media resource.,The value in this field MAY be changed in aggregation to preserve the relationship to the related primary key.,,string,default,FALSE,TRUE,,,dcterms,http://purl.org/dc/terms/identifier,recommended
media-usage-policy,usagePolicy_fk,fk,has,usage-policy,usagePolicy_pk,Usage Policy (Foreign Key),An identifier for a dwc:UsagePolicy.,The value in this field MAY be changed in aggregation to preserve the relationship to the related primary key.,,string,default,FALSE,TRUE,,,dcterms,http://rs.tdwg.org/dwc/terms/usagePolicyID,recommended
molecular-protocol,molecularProtocol_pk,pk,,,,Molecular Protocol (Primary Key),A unique identifier for a dwc:MolecularProtocol.,The value in this field MAY be changed in aggregation to guarantee uniqueness.,,string,default,TRUE,TRUE,,,dwc,http://rs.tdwg.org/dwc/terms/molecularProtocolID,recommended
molecular-protocol,molecularProtocolID,wpk,,,,Molecular Protocol ID,An identifier for a dwc:MolecularProtocol.,The value in this field MUST be preserved in aggregation. Recommended best practice is to use a globally unique identifier.,,string,default,,,,,dwc,http://rs.tdwg.org/dwc/terms/molecularProtocolID,recommended
molecular-protocol,assayType,,,,,Assay Type,A type of method used in a study to detect taxon/taxa of interest in a dwc:MaterialEntity.,Recommended best practice is to use a controlled vocabulary.,`targeted`; `metabarcoding`; `other`,string,default,,,,,dwc,http://rs.tdwg.org/dwc/terms/assayType,recommended
molecular-protocol,samp_name,,,,,samp_name,"Sample Name is a name that you choose for the sample. It can have any format, but we suggest that you make it concise, unique and consistent within your lab, and as informative as possible. Every Sample Name from a single Submitter must be unique.",,,string,default,,,,,mixs,https://w3id.org/mixs/0001107,recommended
molecular-protocol,project_name,,,,,project_name,Name of the project within which the sequencing was organized.,,,string,default,,,,,mixs,https://w3id.org/mixs/0000092,recommended
molecular-protocol,experimental_factor,,,,,experimental_factor,"Experimental factors are essentially the variable aspects of an experiment design which can be used to describe an experiment, or set of experiments, in an increasingly detailed manner. This field accepts ontology terms from Experimental Factor Ontology (EFO) and/or Ontology for Biomedical Investigations (OBI). For a browser of EFO (v 2.95) terms, please see http://purl.bioontology.org/ontology/EFO; for a browser of OBI (v 2018-02-12) terms please see http://purl.bioontology.org/ontology/OBI.",,,string,default,,,,,mixs,https://w3id.org/mixs/0000008,recommended
molecular-protocol,samp_taxon_id,,,,,samp_taxon_id,"NCBI taxon id of the sample. Maybe be a single taxon or mixed taxa sample. Use ""synthetic metagenome"" for mock community/positive controls, or ""blank sample"" for negative controls.",,,string,default,,,,,mixs,https://w3id.org/mixs/0001320,recommended
molecular-protocol,neg_cont_type,,,,,neg_cont_type,The substance or equipment used as a negative control in an investigation.,,,string,default,,,,,mixs,https://w3id.org/mixs/0001321,recommended
molecular-protocol,pos_cont_type,,,,,pos_cont_type,"The substance, mixture, product, or apparatus used to verify that a process which is part of an investigation delivers a true positive.",,,string,default,,,,,mixs,https://w3id.org/mixs/0001322,recommended
molecular-protocol,env_broad_scale,,,,,env_broad_scale,"In this field, report which major environmental system your sample or specimen came from. The systems identified should have a coarse spatial grain, to provide the general environmental context of where the sampling was done (e.g., were you in the desert or a rainforest?). We recommend using subclasses of ENVO’s biome class: http://purl.obolibrary.org/obo/ENVO_00000428. Format (one term): termLabel [termID], Format (multiple terms): termLabel [termID]|termLabel [termID]|termLabel [termID]. Example: Annotating a water sample from the photic zone in middle of the Atlantic Ocean, consider: oceanic epipelagic zone biome [ENVO:01000033]. Example: Annotating a sample from the Amazon rainforest consider: tropical moist broadleaf forest biome [ENVO:01000228]. If needed, request new terms on the ENVO tracker, identified here: http://www.obofoundry.org/ontology/envo.html.",,,string,default,,,,,mixs,https://w3id.org/mixs/0000012,recommended
molecular-protocol,env_local_scale,,,,,env_local_scale,"In this field, report the entity or entities which are in your sample or specimen’s local vicinity and which you believe have significant causal influences on your sample or specimen. Please use terms that are present in ENVO and which are of smaller spatial grain than your entry for env_broad_scale. Format (one term): termLabel [termID]; Format (multiple terms): termLabel [termID]|termLabel [termID]|termLabel [termID]. Example: Annotating a pooled sample taken from various vegetation layers in a forest consider: canopy [ENVO:00000047]|herb and fern layer [ENVO:01000337]|litter layer [ENVO:01000338]|understory [01000335]|shrub layer [ENVO:01000336]. If needed, request new terms on the ENVO tracker, identified here: http://www.obofoundry.org/ontology/envo.html.",,,string,default,,,,,mixs,https://w3id.org/mixs/0000013,recommended
molecular-protocol,env_medium,,,,,env_medium,"In this field, report which environmental material or materials (pipe separated) immediately surrounded your sample or specimen prior to sampling, using one or more subclasses of ENVO’s environmental material class: http://purl.obolibrary.org/obo/ENVO_00010483. Format (one term): termLabel [termID]; Format (multiple terms): termLabel [termID]|termLabel [termID]|termLabel [termID]. Example: Annotating a fish swimming in the upper 100 m of the Atlantic Ocean, consider: ocean water [ENVO:00002151]. Example: Annotating a duck on a pond consider: pond water [ENVO:00002228]|air ENVO_00002005. If needed, request new terms on the ENVO tracker, identified here: http://www.obofoundry.org/ontology/envo.html.",,,string,default,,,,,mixs,https://w3id.org/mixs/0000014,recommended
molecular-protocol,subspecf_gen_lin,,,,,subspecf_gen_lin,"This should provide further information about the genetic distinctness of the sequenced organism by recording additional information e.g., serovar, serotype, biotype, ecotype, or any relevant genetic typing schemes like Group I plasmid. It can also contain alternative taxonomic information. It should contain both the lineage name, and the lineage rank, i.e. biovar:abc123.",,,string,default,,,,,mixs,https://w3id.org/mixs/0000020,recommended
molecular-protocol,ploidy,,,,,ploidy,"The ploidy level of the genome (e.g., allopolyploid, haploid, diploid, triploid, tetraploid). It has implications for the downstream study of duplicated gene and regions of the genomes (and perhaps for difficulties in assembly). For terms, please select terms listed under class ploidy (PATO:001374) of Phenotypic Quality Ontology (PATO), and for a browser of PATO (v 2018-03-27) please refer to http://purl.bioontology.org/ontology/PATO.",,,string,default,,,,,mixs,https://w3id.org/mixs/0000021,recommended
molecular-protocol,num_replicons,,,,,num_replicons,"Reports the number of replicons in a nuclear genome of eukaryotes, in the genome of a bacterium or archaea or the number of segments in a segmented virus. Always applied to the haploid chromosome count of a eukaryote.",,,integer,default,,,,,mixs,https://w3id.org/mixs/0000022,recommended
molecular-protocol,extrachrom_elements,,,,,extrachrom_elements,"Do plasmids exist of significant phenotypic consequence (e.g., ones that determine virulence or antibiotic resistance). Megaplasmids? Other plasmids (borrelia has 15+ plasmids).",,,string,default,,,,,mixs,https://w3id.org/mixs/0000023,recommended
molecular-protocol,estimated_size,,,,,estimated_size,The estimated size of the genome prior to sequencing. Of particular importance in the sequencing of (eukaryotic) genome which could remain in draft form for a long or unspecified period.,,,string,default,,,,,mixs,https://w3id.org/mixs/0000024,recommended
molecular-protocol,ref_biomaterial,,,,,ref_biomaterial,"Primary publication if isolated before genome publication; otherwise, primary genome report.",,,string,default,,,,,mixs,https://w3id.org/mixs/0000025,recommended
molecular-protocol,source_mat_fk,fk,has source,material,materialEntity_pk,Source Material (Primary Key),"A unique identifier assigned to a material sample (as defined by http://rs.tdwg.org/dwc/terms/materialEntityID, and as opposed to a particular digital record of a material sample) used for extracting nucleic acids, and subsequent sequencing. The identifier can refer either to the original material collected or to any derived sub-samples. The INSDC qualifiers /specimen_voucher, /bio_material, or /culture_collection may or may not share the same value as the source_mat_id field. For instance, the /specimen_voucher qualifier and source_mat_id may both contain ´UAM:Herps:14´, referring to both the specimen voucher and sampled tissue with the same identifier. However, the /culture_collection qualifier may refer to a value from an initial culture (e.g., ATCC:11775) while source_mat_id would refer to an identifier from some derived culture from which the nucleic acids were extracted (e.g., xatc123 or ark:/2154/R2).",The value in this field MAY be changed in aggregation to preserve the relationship to the related primary key.,,string,default,FALSE,FALSE,,,dwc,http://rs.tdwg.org/dwc/terms/materialEntityID,recommended
molecular-protocol,source_mat_id,wfk,has source,material,materialEntityID,source_mat_id,"A unique identifier assigned to a material sample (as defined by http://rs.tdwg.org/dwc/terms/materialEntityID, and as opposed to a particular digital record of a material sample) used for extracting nucleic acids, and subsequent sequencing. The identifier can refer either to the original material collected or to any derived sub-samples. The INSDC qualifiers /specimen_voucher, /bio_material, or /culture_collection may or may not share the same value as the source_mat_id field. For instance, the /specimen_voucher qualifier and source_mat_id may both contain ´UAM:Herps:14´, referring to both the specimen voucher and sampled tissue with the same identifier. However, the /culture_collection qualifier may refer to a value from an initial culture (e.g., ATCC:11775) while source_mat_id would refer to an identifier from some derived culture from which the nucleic acids were extracted (e.g., xatc123 or ark:/2154/R2).",The value in this field MAY refer to a dwc:MaterialEntity within or external to the dataset in which this record originated.,,string,default,FALSE,FALSE,,,mixs,https://w3id.org/mixs/0000026,recommended
molecular-protocol,pathogenicity,,,,,pathogenicity,To what is the entity pathogenic.,,,string,default,,,,,mixs,https://w3id.org/mixs/0000027,recommended
molecular-protocol,biotic_relationship,,,,,biotic_relationship,"Description of relationship(s) between the subject organism and other organism(s) it is associated with. E.g., parasite on species X; mutualist with species Y. The target organism is the subject of the relationship, and the other organism(s) is the object.",,,string,default,,,,,mixs,https://w3id.org/mixs/0000028,recommended
molecular-protocol,specific_host,,,,,specific_host,"If there is a host involved, please provide its taxid (or environmental if not actually isolated from the dead or alive host - i.e. a pathogen could be isolated from a swipe of a bench etc) and report whether it is a laboratory or natural host).",,,string,default,,,,,mixs,https://w3id.org/mixs/0000029,recommended
molecular-protocol,host_spec_range,,,,,host_spec_range,The NCBI taxonomy identifier of the specific host if it is known.,,,string,default,,,,,mixs,https://w3id.org/mixs/0000030,recommended
molecular-protocol,host_disease_stat,,,,,host_disease_stat,"List of diseases with which the host has been diagnosed; can include multiple diagnoses. The value of the field depends on host; for humans the terms should be chosen from the DO (Human Disease Ontology) at https://www.disease-ontology.org, non-human host diseases are free text.",,,string,default,,,,,mixs,https://w3id.org/mixs/0000031,recommended
molecular-protocol,trophic_level,,,,,trophic_level,"Trophic levels are the feeding position in a food chain. Microbes can be a range of producers (e.g., chemolithotroph).",,,string,default,,,,,mixs,https://w3id.org/mixs/0000032,recommended
molecular-protocol,propagation,,,,,propagation,"This field is specific to different taxa. For phages: lytic/lysogenic, for plasmids: incompatibility group, for eukaryotes: sexual/asexual (Note: there is the strong opinion to name phage propagation obligately lytic or temperate, therefore we also give this choice.",,,string,default,,,,,mixs,https://w3id.org/mixs/0000033,recommended
molecular-protocol,encoded_traits,,,,,encoded_traits,"Should include key traits like antibiotic resistance or xenobiotic degradation phenotypes for plasmids, converting genes for phage.",,,string,default,,,,,mixs,https://w3id.org/mixs/0000034,recommended
molecular-protocol,rel_to_oxygen,,,,,rel_to_oxygen,"Is this organism an aerobe, anaerobe? Please note that aerobic and anaerobic are valid descriptors for microbial environments.",,,string,default,,,,,mixs,https://w3id.org/mixs/0000015,recommended
molecular-protocol,isol_growth_condt,,,,,isol_growth_condt,"Publication reference in the form of pubmed ID (pmid), digital object identifier (doi) or url for isolation and growth condition specifications of the organism/material.",,,string,default,,,,,mixs,https://w3id.org/mixs/0000003,recommended
molecular-protocol,samp_collect_device,,,,,sample collection device,The device used to collect an environmental sample.,Recommended best practice is to use a controlled vocabulary such as the entities listed under specimen collection device (http://purl.obolibrary.org/obo/OBI_0002814) in the Ontology for Biomedical Investigations.,"`air filter`, `malaise trap`, `surface swab`",string,default,,,,,mixs,https://w3id.org/mixs/0000002,recommended
molecular-protocol,samp_collect_method,,,,,samp_collect_method,The method employed for collecting the sample.,,,string,default,,,,,mixs,https://w3id.org/mixs/0001225,recommended
molecular-protocol,samp_mat_process,,,,,samp_mat_process,"Any processing applied to the sample during or after retrieving the sample from environment. This field accepts OBI, for a browser of OBI (v 2018-02-12) terms please see http://purl.bioontology.org/ontology/OBI.",,,string,default,,,,,mixs,https://w3id.org/mixs/0000016,recommended
molecular-protocol,size_frac,,,,,size_frac,Filtering pore size used in sample preparation.,,,string,default,,,,,mixs,https://w3id.org/mixs/0000017,recommended
molecular-protocol,samp_size,,,,,samp_size,"Amount or size of sample (volume, mass or area) that was collected.",,,string,default,,,,,mixs,https://w3id.org/mixs/0000001,recommended
molecular-protocol,samp_vol_we_dna_ext,,,,,samp_vol_we_dna_ext,Volume (ml) or mass (g) of total collected sample processed for DNA extraction. Note: total sample collected should be entered under the term Sample Size (MIXS:0000001).,,,string,default,,,,,mixs,https://w3id.org/mixs/0000111,recommended
molecular-protocol,source_uvig,,,,,source_uvig,Type of dataset from which the UViG was obtained.,,,string,default,,,,,mixs,https://w3id.org/mixs/0000035,recommended
molecular-protocol,virus_enrich_appr,,,,,virus_enrich_appr,"List of approaches used to enrich the sample for viruses, if any.",,,string,default,,,,,mixs,https://w3id.org/mixs/0000036,recommended
molecular-protocol,nucl_acid_ext,,,,,nucl_acid_ext,"A link to a literature reference, electronic resource or a standard operating procedure (SOP), that describes the material separation to recover the nucleic acid fraction from a sample.",,,string,default,,,,,mixs,https://w3id.org/mixs/0000037,recommended
molecular-protocol,nucl_acid_amp,,,,,nucl_acid_amp,"A link to a literature reference, electronic resource or a standard operating procedure (SOP), that describes the enzymatic amplification (PCR, TMA, NASBA) of specific nucleic acids.",,,string,default,,,,,mixs,https://w3id.org/mixs/0000038,recommended
molecular-protocol,lib_size,,,,,lib_size,Total number of clones in the library prepared for the project.,,,integer,default,,,,,mixs,https://w3id.org/mixs/0000039,recommended
molecular-protocol,lib_reads_seqd,,,,,lib_reads_seqd,Total number of clones sequenced from the library.,,,integer,default,,,,,mixs,https://w3id.org/mixs/0000040,recommended
molecular-protocol,lib_layout,,,,,lib_layout,"Specify whether to expect single, paired, or other configuration of reads.",,,string,default,,,,,mixs,https://w3id.org/mixs/0000041,recommended
molecular-protocol,lib_vector,,,,,lib_vector,Cloning vector type(s) used in construction of libraries.,,,string,default,,,,,mixs,https://w3id.org/mixs/0000042,recommended
molecular-protocol,lib_screen,,,,,lib_screen,Specific enrichment or screening methods applied before and/or after creating libraries.,,,string,default,,,,,mixs,https://w3id.org/mixs/0000043,recommended
molecular-protocol,target_gene,,,,,target_gene,Targeted gene or locus name for marker gene studies.,,,string,default,,,,,mixs,https://w3id.org/mixs/0000044,recommended
molecular-protocol,target_subfragment,,,,,target_subfragment,"Name of subfragment of a gene or locus. Important to e.g., identify special regions on marker genes like V6 on 16S rRNA.",,,string,default,,,,,mixs,https://w3id.org/mixs/0000045,recommended
molecular-protocol,pcr_primers,,,,,pcr_primers,"PCR primers that were used to amplify the sequence of the targeted gene, locus or subfragment. This field should contain all the primers used for a single PCR reaction if multiple forward or reverse primers are present in a single PCR reaction. The primer sequence should be reported in uppercase letters.",,,string,default,,,,,mixs,https://w3id.org/mixs/0000046,recommended
molecular-protocol,mid,,,,,mid,"Molecular barcodes, called Multiplex Identifiers (MIDs), that are used to specifically tag unique samples in a sequencing run. Sequence should be reported in uppercase letters.",,,string,default,,,,,mixs,https://w3id.org/mixs/0000047,recommended
molecular-protocol,adapters,,,,,adapters,Adapters provide priming sequences for both amplification and sequencing of the sample-library fragments. Both adapters should be reported; in uppercase letters.,,,string,default,,,,,mixs,https://w3id.org/mixs/0000048,recommended
molecular-protocol,pcr_cond,,,,,pcr_cond,Description of reaction conditions and components of PCR in the form of ´initial denaturation:94degC_1.5min; annealing=...´.,,,string,default,,,,,mixs,https://w3id.org/mixs/0000049,recommended
molecular-protocol,seq_meth,,,,,seq_meth,"Sequencing method used; e.g., Sanger, ABI-solid.",,,string,default,,,,,mixs,https://w3id.org/mixs/0000050,recommended
molecular-protocol,seq_quality_check,,,,,seq_quality_check,"Indicate if the sequence has been called by automatic systems (none) or undergone a manual editing procedure (e.g., by inspecting the raw data or chromatograms). Applied only for sequences that are not submitted to SRA,ENA or DRA.",,,string,default,,,,,mixs,https://w3id.org/mixs/0000051,recommended
molecular-protocol,chimera_check,,,,,chimera_check,"A chimeric sequence, or chimera for short, is a sequence comprised of two or more phylogenetically distinct parent sequences. Chimeras are usually PCR artifacts thought to occur when a prematurely terminated amplicon reanneals to a foreign DNA strand and is copied to completion in the following PCR cycles. The point at which the chimeric sequence changes from one parent to the next is called the breakpoint or conversion point.",,,string,default,,,,,mixs,https://w3id.org/mixs/0000052,recommended
molecular-protocol,tax_ident,,,,,tax_ident,The phylogenetic marker(s) used to assign an organism name to the SAG or MAG.,,,string,default,,,,,mixs,https://w3id.org/mixs/0000053,recommended
molecular-protocol,assembly_qual,,,,,assembly_qual,"The assembly quality category is based on sets of criteria outlined for each assembly quality category. For MISAG/MIMAG; Finished: Single, validated, contiguous sequence per replicon without gaps or ambiguities with a consensus error rate equivalent to Q50 or better. High Quality Draft:Multiple fragments where gaps span repetitive regions. Presence of the 23S, 16S and 5S rRNA genes and at least 18 tRNAs. Medium Quality Draft:Many fragments with little to no review of assembly other than reporting of standard assembly statistics. Low Quality Draft:Many fragments with little to no review of assembly other than reporting of standard assembly statistics. Assembly statistics include, but are not limited to total assembly size, number of contigs, contig N50/L50, and maximum contig length. For MIUVIG; Finished: Single, validated, contiguous sequence per replicon without gaps or ambiguities, with extensive manual review and editing to annotate putative gene functions and transcriptional units. High-quality draft genome: One or multiple fragments, totaling ≥ 90% of the expected genome or replicon sequence or predicted complete. Genome fragment(s): One or multiple fragments, totalling < 90% of the expected genome or replicon sequence, or for which no genome size could be estimated.",,,string,default,,,,,mixs,https://w3id.org/mixs/0000056,recommended
molecular-protocol,assembly_name,,,,,assembly_name,Name/version of the assembly provided by the submitter that is used in the genome browsers and in the community.,,,string,default,,,,,mixs,https://w3id.org/mixs/0000057,recommended
molecular-protocol,assembly_software,,,,,assembly_software,"Tool(s) used for assembly, including version number and parameters.",,,string,default,,,,,mixs,https://w3id.org/mixs/0000058,recommended
molecular-protocol,annot,,,,,annot,"Tool used for annotation, or for cases where annotation was provided by a community jamboree or model organism database rather than by a specific submitter.",,,string,default,,,,,mixs,https://w3id.org/mixs/0000059,recommended
molecular-protocol,number_contig,,,,,number_contig,"Total number of contigs in the cleaned/submitted assembly that makes up a given genome, SAG, MAG, or UViG.",,,integer,default,,,,,mixs,https://w3id.org/mixs/0000060,recommended
molecular-protocol,feat_pred,,,,,feat_pred,"Method used to predict UViGs features such as ORFs, integration site, etc.",,,string,default,,,,,mixs,https://w3id.org/mixs/0000061,recommended
molecular-protocol,ref_db,,,,,ref_db,"List of database(s) used for ORF annotation, along with version number and reference to website or publication.",,,string,default,,,,,mixs,https://w3id.org/mixs/0000062,recommended
molecular-protocol,sim_search_meth,,,,,sim_search_meth,"Tool used to compare ORFs with database, along with version and cutoffs used.",,,string,default,,,,,mixs,https://w3id.org/mixs/0000063,recommended
molecular-protocol,tax_class,,,,,tax_class,"Method used for taxonomic classification, along with reference database used, classification rank, and thresholds used to classify new genomes.",,,string,default,,,,,mixs,https://w3id.org/mixs/0000064,recommended
molecular-protocol,_16s_recover,,,,,_16s_recover,Can a 16S gene be recovered from the submitted SAG or MAG?.,,,string,default,,,,,mixs,https://w3id.org/mixs/0000065,recommended
molecular-protocol,_16s_recover_software,,,,,_16s_recover_software,Tools used for 16S rRNA gene extraction.,,,string,default,,,,,mixs,https://w3id.org/mixs/0000066,recommended
molecular-protocol,trnas,,,,,trnas,The total number of tRNAs identified from the SAG or MAG.,,,integer,default,,,,,mixs,https://w3id.org/mixs/0000067,recommended
molecular-protocol,trna_ext_software,,,,,trna_ext_software,Tools used for tRNA identification.,,,string,default,,,,,mixs,https://w3id.org/mixs/0000068,recommended
molecular-protocol,compl_score,,,,,compl_score,"Completeness score is typically based on either the fraction of markers found as compared to a database or the percent of a genome found as compared to a closely related reference genome. High Quality Draft: >90%, Medium Quality Draft: >50%, and Low Quality Draft: < 50% should have the indicated completeness scores.",,,string,default,,,,,mixs,https://w3id.org/mixs/0000069,recommended
molecular-protocol,compl_software,,,,,compl_software,"Tools used for completion estimate, i.e. checkm, anvi´o, busco.",,,string,default,,,,,mixs,https://w3id.org/mixs/0000070,recommended
molecular-protocol,compl_appr,,,,,compl_appr,"The approach used to determine the completeness of a given SAG or MAG, which would typically make use of a set of conserved marker genes or a closely related reference genome. For UViG completeness, include reference genome or group used, and contig feature suggesting a complete genome.",,,string,default,,,,,mixs,https://w3id.org/mixs/0000071,recommended
molecular-protocol,contam_score,,,,,contam_score,"The contamination score is based on the fraction of single-copy genes that are observed more than once in a query genome. The following scores are acceptable for; High Quality Draft: < 5%, Medium Quality Draft: < 10%, Low Quality Draft: < 10%. Contamination must be below 5% for a SAG or MAG to be deposited into any of the public databases.",,,string,default,,,,,mixs,https://w3id.org/mixs/0000072,recommended
molecular-protocol,contam_screen_input,,,,,contam_screen_input,The type of sequence data used as input.,,,string,default,,,,,mixs,https://w3id.org/mixs/0000005,recommended
molecular-protocol,contam_screen_param,,,,,contam_screen_param,"Specific parameters used in the decontamination software, such as reference database, coverage, and kmers. Combinations of these parameters may also be used, i.e. kmer and coverage, or reference database and kmer.",,,string,default,,,,,mixs,https://w3id.org/mixs/0000073,recommended
molecular-protocol,decontam_software,,,,,decontam_software,Tool(s) used in contamination screening.,,,string,default,,,,,mixs,https://w3id.org/mixs/0000074,recommended
molecular-protocol,sort_tech,,,,,sort_tech,Method used to sort/isolate cells or particles of interest.,,,string,default,,,,,mixs,https://w3id.org/mixs/0000075,recommended
molecular-protocol,single_cell_lysis_appr,,,,,single_cell_lysis_appr,Method used to free DNA from interior of the cell(s) or particle(s).,,,string,default,,,,,mixs,https://w3id.org/mixs/0000076,recommended
molecular-protocol,single_cell_lysis_prot,,,,,single_cell_lysis_prot,Name of the kit or standard protocol used for cell(s) or particle(s) lysis.,,,string,default,,,,,mixs,https://w3id.org/mixs/0000054,recommended
molecular-protocol,wga_amp_appr,,,,,wga_amp_appr,Method used to amplify genomic DNA in preparation for sequencing.,,,string,default,,,,,mixs,https://w3id.org/mixs/0000055,recommended
molecular-protocol,wga_amp_kit,,,,,wga_amp_kit,Kit used to amplify genomic DNA in preparation for sequencing.,,,string,default,,,,,mixs,https://w3id.org/mixs/0000006,recommended
molecular-protocol,bin_param,,,,,bin_param,The parameters that have been applied during the extraction of genomes from metagenomic datasets.,,,string,default,,,,,mixs,https://w3id.org/mixs/0000077,recommended
molecular-protocol,bin_software,,,,,bin_software,Tool(s) used for the extraction of genomes from metagenomic datasets.,,,string,default,,,,,mixs,https://w3id.org/mixs/0000078,recommended
molecular-protocol,reassembly_bin,,,,,reassembly_bin,Has an assembly been performed on a genome bin extracted from a metagenomic assembly?.,,,string,default,,,,,mixs,https://w3id.org/mixs/0000079,recommended
molecular-protocol,mag_cov_software,,,,,mag_cov_software,Tool(s) used to determine the genome coverage if coverage is used as a binning parameter in the extraction of genomes from metagenomic datasets.,,,string,default,,,,,mixs,https://w3id.org/mixs/0000080,recommended
molecular-protocol,vir_ident_software,,,,,vir_ident_software,"Tool(s) used for the identification of UViG as a viral genome, software or protocol name including version number, parameters, and cutoffs used.",,,string,default,,,,,mixs,https://w3id.org/mixs/0000081,recommended
molecular-protocol,pred_genome_type,,,,,pred_genome_type,Type of genome predicted for the UViG.,,,string,default,,,,,mixs,https://w3id.org/mixs/0000082,recommended
molecular-protocol,pred_genome_struc,,,,,pred_genome_struc,Expected structure of the viral genome.,,,string,default,,,,,mixs,https://w3id.org/mixs/0000083,recommended
molecular-protocol,detec_type,,,,,detec_type,Type of UViG detection.,,,string,default,,,,,mixs,https://w3id.org/mixs/0000084,recommended
molecular-protocol,otu_class_appr,,,,,otu_class_appr,"Cutoffs and approach used when clustering new UViGs in ""species-level"" OTUs. Note that results from standard 95% ANI / 85% AF clustering should be provided alongside OTUS defined from another set of thresholds, even if the latter are the ones primarily used during the analysis.",,,string,default,,,,,mixs,https://w3id.org/mixs/0000085,recommended
molecular-protocol,otu_seq_comp_appr,,,,,otu_seq_comp_appr,"Tool and thresholds used to compare sequences when computing ""species-level"" OTUs.",,,string,default,,,,,mixs,https://w3id.org/mixs/0000086,recommended
molecular-protocol,otu_db,,,,,otu_db,"Reference database (i.e. sequences not generated as part of the current study) used to cluster new genomes in ""species-level"" OTUs, if any.",,,string,default,,,,,mixs,https://w3id.org/mixs/0000087,recommended
molecular-protocol,host_pred_appr,,,,,host_pred_appr,Tool or approach used for host prediction.,,,string,default,,,,,mixs,https://w3id.org/mixs/0000088,recommended
molecular-protocol,host_pred_est_acc,,,,,host_pred_est_acc,"For each tool or approach used for host prediction, estimated false discovery rates should be included, either computed de novo or from the literature.",,,string,default,,,,,mixs,https://w3id.org/mixs/0000089,recommended
molecular-protocol,associated_resource,,,,,associated_resource,"A related resource that is referenced, cited, or otherwise associated to the sequence.",,,string,default,,,,,mixs,https://w3id.org/mixs/0000091,recommended
molecular-protocol,sop,,,,,sop,"Standard operating procedures used in assembly and/or annotation of genomes, metagenomes or environmental sequences.",,,string,default,,,,,mixs,https://w3id.org/mixs/0000090,recommended
molecular-protocol,pcr_primer_forward,,,,,pcr_primer_forward,"Forward PCR primer that were used to amplify the sequence of the targeted gene, locus or subfragment. If multiple multiple forward or reverse primers are present in a single PCR reaction, there should be a full row for each of these linked to the same dwc:Occurrence. The primer sequence should be reported in uppercase letters.",,,string,default,,,,,gbif,http://rs.gbif.org/terms/pcr_primer_forward,recommended
molecular-protocol,pcr_primer_reverse,,,,,pcr_primer_reverse,"Reverse PCR primer that were used to amplify the sequence of the targeted gene, locus or subfragment. If multiple multiple forward or reverse primers are present in a single PCR reaction, there should be a full row for each of these linked to the same dwc:Occurrence. The primer sequence should be reported in uppercase letters.",,,string,default,,,,,gbif,http://rs.gbif.org/terms/pcr_primer_reverse,recommended
molecular-protocol,pcr_primer_name_forward,,,,,pcr_primer_name_forward,"Name of the forward PCR primer that were used to amplify the sequence of the targeted gene, locus or subfragment. If multiple multiple forward or reverse primers are present in a single PCR reaction, there should be a full row for each of these linked to the same dwc:Occurrence.",,,string,default,,,,,gbif,http://rs.gbif.org/terms/pcr_primer_name_forward,recommended
molecular-protocol,pcr_primer_name_reverse,,,,,pcr_primer_name_reverse,"Name of the reverse PCR primer that were used to amplify the sequence of the targeted gene, locus or subfragment. If multiple multiple forward or reverse primers are present in a single PCR reaction, there should be a full row for each of these linked to the same dwc:Occurrence.",,,string,default,,,,,gbif,http://rs.gbif.org/terms/pcr_primer_name_reverse,recommended
molecular-protocol,pcr_primer_reference,,,,,pcr_primer_reference,"Reference for the PCR primers that were used to amplify the sequence of the targeted gene, locus or subfragment.",,,string,default,,,,,gbif,http://rs.gbif.org/terms/pcr_primer_reference,recommended
molecular-protocol,sequence,,,,,Sequence,A string representing nucleotide base pairs.,,,string,default,,,,,dwc,http://rs.tdwg.org/dwc/terms/sequence,recommended
molecular-protocol,concentration,,,,,Concentration (DNA),Concentration of DNA (weight ng/volume µl).,in ABCD this element has stringUnit as attribute (example ng/µl); in DarwinCore this element has to be used together with ggbn:concentrationUnit,67.5,number,default,,,,,ggbn,http://data.ggbn.org/schemas/ggbn/terms/concentration,recommended
molecular-protocol,concentrationUnit,,,,,Unit of Concentration (DNA),Unit used for concentration measurement (DNA),in DarwinCore this element has to be used together with ggbn:concentration; this element is not required in ABCD (see ggbn:concentration for details),ng/µl,string,default,,,,,ggbn,http://data.ggbn.org/schemas/ggbn/terms/concentrationUnit,recommended
molecular-protocol,methodDeterminationConcentrationAndRatios,,,,,Method used for Determination of Concentration and Ratios of Absorbance (DNA),Description of method used for concentration measurement (DNA),,"Nanodrop, Qubit",string,default,,,,,ggbn,http://data.ggbn.org/schemas/ggbn/terms/methodDeterminationConcentrationAndRatios,recommended
molecular-protocol,ratioOfAbsorbance260_230,,,,,Ratio of Absorbance 260/230 (DNA),"Ratio of absorbance at 260 nm and 230 nm assessing DNA purity (mostly secondary measure, indicates mainly EDTA, carbohydrates, phenol), (DNA samples only)",,1.89,number,default,,,,,ggbn,http://data.ggbn.org/schemas/ggbn/terms/ratioOfAbsorbance260_230,recommended
molecular-protocol,ratioOfAbsorbance260_280,,,,,Ratio of Absorbance 260/280 (DNA),"Ratio of absorbance at 260 nm and 280 nm assessing DNA purity (mostly secondary measure, indicates mainly EDTA, carbohydrates, phenol), (DNA samples only)",,1.8,number,default,,,,,ggbn,http://data.ggbn.org/schemas/ggbn/terms/ratioOfAbsorbance260_280,recommended
molecular-protocol,annealingTemp,,,,,annealingTemp,The reaction temperature during the annealing phase of PCR.,,,number,default,,,,,miqe,http://rs.gbif.org/terms/miqe/annealingTemp,recommended
molecular-protocol,annealingTempUnit,,,,,annealingTempUnit,Measurement unit of the reaction temperature during the annealing phase of PCR.,,,string,default,,,,,miqe,http://rs.gbif.org/terms/miqe/annealingTempUnit,recommended
molecular-protocol,probeReporter,,,,,probeReporter,"Type of fluorophore (reporter) used. Probe anneals within amplified target DNA. Polymerase activity degrades the probe that has annealed to the template, and the probe releases the fluorophore from it and breaks the proximity to the quencher, thus allowing fluorescence of the fluorophore.",,,string,default,,,,,miqe,http://rs.gbif.org/terms/miqe/probeReporter,recommended
molecular-protocol,probeQuencher,,,,,probeQuencher,"Type of quencher used. The quencher molecule quenches the fluorescence emitted by the fluorophore when excited by the cycler’s light source As long as fluorophore and the quencher are in proximity, quenching inhibits any fluorescence signals.",,,string,default,,,,,miqe,http://rs.gbif.org/terms/miqe/probeQuencher,recommended
molecular-protocol,ampliconSize,,,,,ampliconSize,The length of the amplicon in basepairs.,,,integer,default,,,,,miqe,http://rs.gbif.org/terms/miqe/ampliconSize,recommended
molecular-protocol,thresholdQuantificationCycle,,,,,thresholdQuantificationCycle,Threshold for change in fluorescence signal between cycles.,,,number,default,,,,,miqe,http://rs.gbif.org/terms/miqe/thresholdQuantificationCycle,recommended
molecular-protocol,baselineValue,,,,,baselineValue,The number of cycles when fluorescence signal from the target amplification is below background fluorescence not originated from the real target amplification.,,,integer,default,,,,,miqe,http://rs.gbif.org/terms/miqe/baselineValue,recommended
molecular-protocol,quantificationCycle,,,,,quantificationCycle,"The number of cycles required for the fluorescent signal to cross a given value threshold above the baseline. Quantification cycle (Cq), threshold cycle (Ct), crossing point (Cp), and take-off point (TOP) refer to the same value from the real-time instrument. Use of quantification cycle (Cq), is preferable according to the RDML (Real-Time PCR Data Markup Language) data standard (http://www.rdml.org).",,,number,default,,,,,miqe,http://rs.gbif.org/terms/miqe/quantificationCycle,recommended
molecular-protocol,automaticThresholdQuantificationCycle,,,,,automaticThresholdQuantificationCycle,Whether the threshold was set by the instrument or manually.,,,boolean,default,,,,,miqe,http://rs.gbif.org/terms/miqe/automaticThresholdQuantificationCycle,recommended
molecular-protocol,automaticBaselineValue,,,,,automaticBaselineValue,Whether the baseline value was set by the instrument or manually.,,,string,default,,,,,miqe,http://rs.gbif.org/terms/miqe/automaticBaselineValue,recommended
molecular-protocol,contaminationAssessment,,,,,contaminationAssessment,Whether DNA or RNA contamination assessment was done or not.,,,string,default,,,,,miqe,http://rs.gbif.org/terms/miqe/contaminationAssessment,recommended
molecular-protocol,partitionVolume,,,,,partitionVolume,An accurate estimation of partition volume. The sum of the partitions multiplied by the partition volume will enable the total volume of the reaction to be calculated.,,,number,default,,,,,miqe,http://rs.gbif.org/terms/miqe/partitionVolume,recommended
molecular-protocol,partitionVolumeUnit,,,,,partitionVolumeUnit,Unit used for partition volume.,,,string,default,,,,,miqe,http://rs.gbif.org/terms/miqe/partitionVolumeUnit,recommended
molecular-protocol,estimatedNumberOfCopies,,,,,estimatedNumberOfCopies,Number of target molecules per µl. Mean copies per partition (?) can be calculated using the number of partitions (n) and the estimated copy number in the total volume of all partitions (m) with a formula ?=m/n.,,,integer,default,,,,,miqe,http://rs.gbif.org/terms/miqe/estimatedNumberOfCopies,recommended
molecular-protocol,amplificationReactionVolume,,,,,amplificationReactionVolume,PCR reaction volume.,,,number,default,,,,,miqe,http://rs.gbif.org/terms/miqe/amplificationReactionVolume,recommended
molecular-protocol,amplificationReactionVolumeUnit,,,,,amplificationReactionVolumeUnit,Unit used for PCR reaction volume. Many of the instruments require preparation of a much larger initial sample volume than is actually analyzed.,,,string,default,,,,,miqe,http://rs.gbif.org/terms/miqe/amplificationReactionVolumeUnit,recommended
molecular-protocol,pcr_analysis_software,,,,,pcr_analysis_software,The program used to analyse the d(d)PCR runs.,,,string,default,,,,,miqe,http://rs.gbif.org/terms/miqe/pcr_analysis_software,recommended
molecular-protocol,experimentalVariance,,,,,experimentalVariance,"Multiple biological replicates are encouraged to assess total experimental variation. When single dPCR experiments are performed, a minimal estimate of variance due to counting error alone must be calculated from the binomial (or suitable equivalent) distribution.",,,string,default,,,,,miqe,http://rs.gbif.org/terms/miqe/experimentalVariance,recommended
molecular-protocol,pcr_primer_lod,,,,,pcr_primer_lod,The assay’s ability to detect the target at low levels.,,,string,default,,,,,miqe,http://rs.gbif.org/terms/miqe/pcr_primer_lod,recommended
molecular-protocol,pcr_primer_loq,,,,,pcr_primer_loq,The assay’s ability to quantify copy number at low levels.,,,string,default,,,,,miqe,http://rs.gbif.org/terms/miqe/pcr_primer_loq,recommended
molecular-protocol-agent-role,molecularProtocol_fk,fk,role for,molecular-protocol,molecularProtocol_pk,Molecular Protocol (Foreign Key),An identifier for a dwc:MolecularProtocol.,The value in this field MAY be changed in aggregation to preserve the relationship to the related primary key.,,string,default,FALSE,TRUE,,,dwc,http://rs.tdwg.org/dwc/terms/molecularProtocolID,recommended
molecular-protocol-agent-role,agent_fk,fk,role holder,agent,agent_pk,Agent (Foreign Key),An identifier for a dcterms:Agent.,The value in this field MAY be changed in aggregation to preserve the relationship to the related primary key.,,string,default,FALSE,TRUE,,,dwc,http://rs.tdwg.org/dwc/terms/agentID,recommended
molecular-protocol-agent-role,agentRole,,,,,Agent Role,A category that best matches the nature of a role of a dcterms:Agent.,Recommended best practice is to use a controlled vocabulary for the roles appropriate to the class of resource a dcterms:AgentRole is related to.,,string,default,,,,,dwc,http://rs.tdwg.org/dwc/terms/relationshipOfResource,recommended
molecular-protocol-agent-role,agentRoleIRI,,,,,Agent Role IRI,An IRI of the controlled vocabulary value for a role of a dcterms:Agent.,Recommended best practice is to use an IRI for a term in a controlled vocabulary.,,string,default,,,,,dwciri,http://rs.tdwg.org/dwc/terms/relationshipOfResourceID,recommended
molecular-protocol-agent-role,agentRoleSource,,,,,Agent Role Source,A reference to a controlled vocabulary in which the definition of a value in dwc:agentRole is given.,,,string,default,,,,,dc,http://purl.org/dc/elements/1.1/source,recommended
molecular-protocol-agent-role,agentRoleOrder,,,,,Agent Role Order,"A numerical position of an AgentRole in a set of AgentRoles that have the same combination of agentRole, agentRoleIRI, agentRoleSource and related target identifier.","One could use dwc:agentRoleOrder to create an ordered list of collectors (dwc:agentRole = 'collector') for a dwc:MaterialEntity, for example. The first would have dwc:agentRoleOrder=1, the second would have dwc:agentRoleOrder=2.",,integer,default,,TRUE,1,,dwc,http://rs.tdwg.org/dwc/terms/agentRoleOrder,recommended
molecular-protocol-agent-role,agentRoleDate,,,,,Agent Role Date,An interval during which a dcterms:AgentRole was in effect.,Recommended best practice is to use a date that conforms to ISO 8601-1:2019.,`1963-03-08T14:07-06:00` (8 Mar 1963 at or after 2:07pm and before 2:08pm in the time zone six hours earlier than UTC); `2009-02-20T08:40Z` (20 February 2009 at or after 8:40am and before 8:41 UTC); `2018-08-29T15:19` (29 August 2018 at or after 3:19pm and before 3:20pm local time); `1809-02-12` (within the day 12 February 1809); `1906-06` (in the month of June 1906); `1971` (in the year 1971); `2007-03-01T13:00:00Z/2008-05-11T15:30:00Z` (some time within the interval beginning 1 March 2007 at 1pm UTC and before 11 May 2008 at 3:30pm UTC); `1900/1909` (some time within the interval between the beginning of the year 1900 and before the year 1909); `2007-11-13/15` (some time in the interval between the beginning of 13 November 2007 and before 15 November 2007),string,default,,,,,dwc,http://rs.tdwg.org/dwc/terms/assertionEffectiveDate,recommended
molecular-protocol-assertion,assertionID,wpk,,,,Assertion ID,An identifier for a dwc:Assertion.,Recommended best practice is to use a globally unique identifier.,,string,default,TRUE,FALSE,,,dwc,http://rs.tdwg.org/dwc/terms/assertionID,recommended
molecular-protocol-assertion,molecularProtocol_fk,fk,about,molecular-protocol,molecularProtocol_pk,Molecular Protocol (Foreign Key),An identifier for a dwc:MolecularProtocol.,The value in this field MAY be changed in aggregation to preserve the relationship to the related primary key.,,string,default,FALSE,TRUE,,,dwc,http://rs.tdwg.org/dwc/terms/molecularProtocolID,recommended
molecular-protocol-assertion,verbatimAssertionType,,,,,Verbatim Assertion Type,A string representing the type of dwc:Assertion as it appeared in the original record.,"This term is meant to allow the capture of an unaltered original name for a dwc:assertionType. This term is meant to be used in addition to dwc:assertionType, not instead of it.",`water_temp`; `Fish biomass`; `sampling net mesh size`,string,default,,,,,dwc,http://rs.tdwg.org/dwc/terms/verbatimAssertionType,recommended
molecular-protocol-assertion,assertionType,,,,,Assertion Type,A category that best matches the nature of a dwc:Assertion.,"Recommended best practice is to use a controlled vocabulary. This term has an equivalent in the dwciri: namespace that allows only an IRI as a value, whereas this term allows for any string literal value.",`tail length`; `temperature`; `trap line length`; `survey area`; `trap type`,string,default,,,,,dwc,http://rs.tdwg.org/dwc/terms/assertionType,recommended
molecular-protocol-assertion,assertionTypeIRI,,,,,Assertion Type IRI,An IRI of a controlled vocabulary value for a type of dwc:Assertion.,Recommended best practice is to use an IRI for a term in a controlled vocabulary.,,string,default,,,,,dwciri,http://rs.tdwg.org/dwc/iri/measurementType,recommended
molecular-protocol-assertion,assertionTypeSource,,,,,Assertion Type Source,A reference to the controlled vocabulary in which the definition of a value in dwc:assertionType is given.,,,string,default,,,,,dc,http://purl.org/dc/elements/1.1/source,recommended
molecular-protocol-assertion,assertionMadeDate,,,,,Assertion Made Date,A date on which a dwc:Assertion was created.,Recommended best practice is to use a date that conforms to ISO 8601-1:2019.,`1963-03-08T14:07-06:00` (8 Mar 1963 at or after 2:07pm and before 2:08pm in the time zone six hours earlier than UTC); `2009-02-20T08:40Z` (20 February 2009 at or after 8:40am and before 8:41 UTC); `2018-08-29T15:19` (29 August 2018 at or after 3:19pm and before 3:20pm local time); `1809-02-12` (within the day 12 February 1809); `1906-06` (in the month of June 1906); `1971` (in the year 1971); `2007-03-01T13:00:00Z/2008-05-11T15:30:00Z` (some time within the interval beginning 1 March 2007 at 1pm UTC and before 11 May 2008 at 3:30pm UTC); `1900/1909` (some time within the interval between the beginning of the year 1900 and before the year 1909); `2007-11-13/15` (some time in the interval between the beginning of 13 November 2007 and before 15 November 2007),string,default,,,,,dwc,http://rs.tdwg.org/dwc/terms/assertionMadeDate,recommended
molecular-protocol-assertion,assertionEffectiveDate,,,,,Assertion Effective Date,A date-time or time interval during which an asserted state or measurement was deemed to be in effect.,Recommended best practice is to use a date that conforms to ISO 8601-1:2019.,`1963-03-08T14:07-06:00` (8 Mar 1963 at or after 2:07pm and before 2:08pm in the time zone six hours earlier than UTC); `2009-02-20T08:40Z` (20 February 2009 at or after 8:40am and before 8:41 UTC); `2018-08-29T15:19` (29 August 2018 at or after 3:19pm and before 3:20pm local time); `1809-02-12` (within the day 12 February 1809); `1906-06` (in the month of June 1906); `1971` (in the year 1971); `2007-03-01T13:00:00Z/2008-05-11T15:30:00Z` (some time within the interval beginning 1 March 2007 at 1pm UTC and before 11 May 2008 at 3:30pm UTC); `1900/1909` (some time within the interval between the beginning of the year 1900 and before the year 1909); `2007-11-13/15` (some time in the interval between the beginning of 13 November 2007 and before 15 November 2007),string,default,,,,,dwc,http://rs.tdwg.org/dwc/terms/assertionEffectiveDate,recommended
molecular-protocol-assertion,assertionValue,,,,,Assertion Value,An asserted value.,,,string,default,,,,,dwc,http://rs.tdwg.org/dwc/terms/assertionValue,recommended
molecular-protocol-assertion,assertionValueIRI,,,,,Assertion Value IRI,An IRI of the controlled vocabulary value for a value of a dwc:Assertion.,Recommended best practice is to use an IRI for a term in a controlled vocabulary.,,string,default,,,,,dwciri,http://rs.tdwg.org/dwc/iri/measurementValue,recommended
molecular-protocol-assertion,assertionValueSource,,,,,Assertion Value Source,A reference to a controlled vocabulary in which the definition of a value in dwc:assertionValue is given.,,,string,default,,,,,dc,http://purl.org/dc/elements/1.1/source,recommended
molecular-protocol-assertion,assertionUnit,,,,,Assertion Unit,Unit associated with the value in dwc:assertionValue.,"Recommended best practice is to use a controlled vocabulary such as the Ontology of Units of Measure http://www.wurvoc.org/vocabularies/om-1.8/ of SI units, derived units, or other non-SI units accepted for use within the SI. For units that are composed of multiple parts, use the patterns as given in ""A Primer for Communicating Mathematics via Plain Text"" (https://cse.sc.edu/~fenner/latex-ASCII.pdf) by Stephen Fenner (e.g., `g/cm^3` for grams per cubic centimeter). For other units, provide the value as a recognizable standard (e.g., '%') or written out in full and in the plural (e.g., `individuals`). It is fine to provide non-SI units in the original language of the dataset.",`m`; `s`; `g`; `ml`,string,default,,,,,dwc,http://rs.tdwg.org/dwc/terms/assertionUnit,recommended
molecular-protocol-assertion,assertionUnitIRI,,,,,Assertion Unit IRI,An IRI of a controlled vocabulary value for the unit of a dwc:assertionValue.,Recommended best practice is to use an IRI for a term in a controlled vocabulary.,,string,default,,,,,dwciri,http://rs.tdwg.org/dwc/iri/assertionUnit,recommended
molecular-protocol-assertion,assertionUnitSource,,,,,Assertion Unit Source,A reference to a controlled vocabulary in which the definition of the value in dwc:assertionUnit is given.,,,string,default,,,,,dc,http://purl.org/dc/elements/1.1/source,recommended
molecular-protocol-assertion,assertionError,,,,,Assertion Error,A description of the potential error associated with a dwc:assertionValue.,,`0.01`; `normal distribution with variation of 2 m`,string,default,,,,,dwc,http://rs.tdwg.org/dwc/terms/assertionError,recommended
molecular-protocol-assertion,assertionBy,,,,,Assertion By,A list (concatenated and separated) of names of dcterms:Agents responsible for making a dwc:Assertion.,Recommended best practice is to separate the values in a list with space vertical bar space (` | `).,,string,default,,,,,dwc,http://rs.tdwg.org/dwc/terms/assertionBy,recommended
molecular-protocol-assertion,assertionBy_fk,fk,asserted by,agent,agent_pk,Assertion By (Foreign Key),An identifier for a dcterms:Agent responsible for making a dwc:Assertion.,The value in this field MAY be changed in aggregation to preserve the relationship to the related primary key.,,string,default,FALSE,FALSE,,,dwc,http://rs.tdwg.org/dwc/terms/agentID,recommended
molecular-protocol-assertion,assertionByID,wfk,asserted by,agent,agentID,Assertion By ID,An identifier for a dcterms:Agent responsible for making a dwc:Assertion.,The value in this field MAY refer to a dcterms:Agent within or external to the dataset in which this record originated.,`https://orcid.org/0000-0002-1825-0097`,string,default,FALSE,FALSE,,,dwc,http://rs.tdwg.org/dwc/terms/agentID,recommended
molecular-protocol-assertion,assertionProtocols,,,,,Assertion Protocols,"Names of, references to, or descriptions of dwc:Protocols used in making a dwc:Assertion.",,,string,default,,,,,dwc,http://rs.tdwg.org/dwc/terms/assertionProtocols,recommended
molecular-protocol-assertion,assertionProtocol_fk,fk,followed,protocol,protocol_pk,Assertion Protocol (Foreign Key),An identifier for a dwc:Protocol used to make a dwc:Assertion.,The value in this field MAY be changed in aggregation to preserve the relationship to the related primary key.,,string,default,FALSE,FALSE,,,dwc,http://rs.tdwg.org/dwc/terms/protocolID,recommended
molecular-protocol-assertion,assertionReferences,,,,,Assertion References,A list (concatenated and separated) of dcterms:BibliographicResources associated with a dwc:Assertion.,Recommended best practice is to separate the values in a list with space vertical bar space (` | `).,,string,default,,,,,dwc,http://rs.tdwg.org/dwc/terms/assertionReferences,recommended
molecular-protocol-assertion,assertionRemarks,,,,,Assertion Remarks,Comments or notes about a dwc:Assertion.,,,string,default,,,,,dwc,http://rs.tdwg.org/dwc/terms/assertionRemarks,recommended
molecular-protocol-reference,reference_fk,fk,mentioned in,bibliographic-resource,reference_pk,Reference ID (Foreign Key),An identifier for a dcterms:BibliographicResource.,The value in this field MAY be changed in aggregation to preserve the relationship to the related primary key.,,string,default,FALSE,FALSE,,,dwc,http://rs.tdwg.org/dwc/terms/referenceID,recommended
molecular-protocol-reference,molecularProtocol_fk,fk,mentioned,molecular-protocol,molecularProtocol_pk,Molecular Protocol (Foreign Key),An identifier for a dwc:MolecularProtocol.,The value in this field MAY be changed in aggregation to preserve the relationship to the related primary key.,,string,default,FALSE,TRUE,,,dwc,http://rs.tdwg.org/dwc/terms/molecularProtocolID,recommended
molecular-protocol-reference,relationshipType,,,,,Relationship Type,A relationship of a subject resource to a dcterms:BibliographicResource.,Recommended best practice is to use a controlled vocabulary.,`cited in`; `referenced`,string,default,,,,,dwc,http://rs.tdwg.org/dwc/terms/relationshipOfResource,recommended
nucleotide-analysis,nucleotideAnalysis_pk,pk,,,,Nucleotide Analysis (Primary Key),A unique identifier for a dwc:NucleotideAnalysis.,The value in this field MAY be changed in aggregation to guarantee uniqueness.,,string,default,TRUE,TRUE,,,dcterms,http://purl.org/dc/terms/identifier,recommended
nucleotide-analysis,nucleotideAnalysisID,wpk,,,,Nucleotide Analysis ID,An identifier for a dwc:NucleotideAnalysis.,The value in this field MUST be preserved in aggregation. Recommended best practice is to use a globally unique identifier.,,string,default,,,,,dcterms,http://purl.org/dc/terms/identifier,recommended
nucleotide-analysis,event_fk,fk,material collected during,event,event_pk,Event (Foreign Key),An identifier for a dwc:Event.,The value in this field MAY be changed in aggregation to preserve the relationship to the related primary key.,,string,default,FALSE,FALSE,,,dwc,http://rs.tdwg.org/dwc/terms/eventID,recommended
nucleotide-analysis,molecularProtocol_fk,fk,followed,molecular-protocol,molecularProtocol_pk,Molecular Protocol (Foreign Key),An identifier for a dwc:MolecularProtocol.,The value in this field MAY be changed in aggregation to preserve the relationship to the related primary key.,,string,default,FALSE,TRUE,,,dwc,http://rs.tdwg.org/dwc/terms/molecularProtocolID,recommended
nucleotide-analysis,nucleotideSequence_fk,fk,produced,nucleotide-sequence,nucleotideSequence_pk,Nucleotide Sequence (Foreign Key),An identifier for a dwc:NucleotideSequence.,The value in this field MAY be changed in aggregation to preserve the relationship to the related primary key.,,string,default,FALSE,FALSE,,,dcterms,http://purl.org/dc/terms/identifier,recommended
nucleotide-analysis,materialEntity_fk,fk,based on,material,materialEntity_pk,Material Entity (Foreign Key),An identifier for a dwc:MaterialEntity.,The value in this field MAY be changed in aggregation to preserve the relationship to the related primary key.,,string,default,FALSE,FALSE,,,dwc,http://rs.tdwg.org/dwc/terms/materialEntityID,recommended
nucleotide-analysis,readCount,,,,,Read Count,The number of reads obtained for a processed dwc:NucleotideSequence during a dwc:NucleotideAnalysis.,,`325`; `73591`; `8302`,integer,default,,,,,dwc,http://rs.tdwg.org/dwc/terms/readCount,recommended
nucleotide-analysis,processedTotalReadCount,,,,,Processed Total Read Count,The total number of reads obtained for a processed dwc:NucleotideSequence during a dwc:NucleotideAnalysis.,,`50638`; `345987`; `764032`,integer,default,,,,,dwc,http://rs.tdwg.org/dwc/terms/processedTotalReadCount,recommended
nucleotide-analysis,rawTotalReadCount,,,,,Raw Total Read Count,"A total number of raw, unprocessed reads from a dwc:NucleotideAnalysis.",,`70463`; `150456`; `586031`,integer,default,,,,,dwc,http://rs.tdwg.org/dwc/terms/rawTotalReadCount,recommended
nucleotide-analysis-assertion,assertionID,wpk,,,,Assertion ID,An identifier for a dwc:Assertion.,Recommended best practice is to use a globally unique identifier.,,string,default,TRUE,FALSE,,,dwc,http://rs.tdwg.org/dwc/terms/assertionID,recommended
nucleotide-analysis-assertion,nucleotideAnalysis_fk,fk,about,nucleotide-analysis,nucleotideAnalysis_pk,Nucleotide Analysis (Foreign Key),An identifier for a dwc:NucleotideAnalysis.,The value in this field MAY be changed in aggregation to preserve the relationship to the related primary key.,,string,default,FALSE,TRUE,,,dcterms,http://purl.org/dc/terms/identifier,recommended
nucleotide-analysis-assertion,verbatimAssertionType,,,,,Verbatim Assertion Type,A string representing the type of dwc:Assertion as it appeared in the original record.,"This term is meant to allow the capture of an unaltered original name for a dwc:assertionType. This term is meant to be used in addition to dwc:assertionType, not instead of it.",,string,default,,,,,dwc,http://rs.tdwg.org/dwc/terms/verbatimAssertionType,recommended
nucleotide-analysis-assertion,assertionType,,,,,Assertion Type,A category that best matches the nature of a dwc:Assertion.,,,string,default,,,,,dwc,http://rs.tdwg.org/dwc/terms/assertionType,recommended
nucleotide-analysis-assertion,assertionTypeIRI,,,,,Assertion Type IRI,An IRI of a controlled vocabulary value for a type of dwc:Assertion.,Recommended best practice is to use an IRI for a term in a controlled vocabulary.,,string,default,,,,,dwciri,http://rs.tdwg.org/dwc/iri/measurementType,recommended
nucleotide-analysis-assertion,assertionTypeSource,,,,,Assertion Type Source,A reference to the controlled vocabulary in which the definition of a value in dwc:assertionType is given.,,,string,default,,,,,dc,http://purl.org/dc/elements/1.1/source,recommended
nucleotide-analysis-assertion,assertionMadeDate,,,,,Assertion Made Date,A date on which a dwc:Assertion was created.,Recommended best practice is to use a date that conforms to ISO 8601-1:2019.,,string,default,,,,,dwc,http://rs.tdwg.org/dwc/terms/assertionMadeDate,recommended
nucleotide-analysis-assertion,assertionEffectiveDate,,,,,Assertion Effective Date,A date-time or time interval during which an asserted state or measurement was deemed to be in effect.,Recommended best practice is to use a date that conforms to ISO 8601-1:2019.,,string,default,,,,,dwc,http://rs.tdwg.org/dwc/terms/assertionEffectiveDate,recommended
nucleotide-analysis-assertion,assertionValue,,,,,Assertion Value,An asserted value.,,,string,default,,,,,dwc,http://rs.tdwg.org/dwc/terms/assertionValue,recommended
nucleotide-analysis-assertion,assertionValueIRI,,,,,Assertion Value IRI,An IRI of the controlled vocabulary value for a value of a dwc:Assertion.,Recommended best practice is to use an IRI for a term in a controlled vocabulary.,,string,default,,,,,dwciri,http://rs.tdwg.org/dwc/iri/measurementValue,recommended
nucleotide-analysis-assertion,assertionValueSource,,,,,Assertion Value Source,A reference to a controlled vocabulary in which the definition of a value in dwc:assertionValue is given.,,,string,default,,,,,dc,http://purl.org/dc/elements/1.1/source,recommended
nucleotide-analysis-assertion,assertionUnit,,,,,Assertion Unit,Unit associated with the value in dwc:assertionValue.,"Recommended best practice is to use a controlled vocabulary such as the Ontology of Units of Measure http://www.wurvoc.org/vocabularies/om-1.8/ of SI units, derived units, or other non-SI units accepted for use within the SI. For units that are composed of multiple parts, use the patterns as given in ""A Primer for Communicating Mathematics via Plain Text"" (https://cse.sc.edu/~fenner/latex-ASCII.pdf) by Stephen Fenner (e.g., `g/cm^3` for grams per cubic centimeter). For other units, provide the value as a recognizable standard (e.g., '%') or written out in full and in the plural (e.g., `individuals`). It is fine to provide non-SI units in the original language of the dataset.",,string,default,,,,,dwc,http://rs.tdwg.org/dwc/terms/assertionUnit,recommended
nucleotide-analysis-assertion,assertionUnitIRI,,,,,Assertion Unit IRI,An IRI of a controlled vocabulary value for the unit of a dwc:assertionValue.,Recommended best practice is to use an IRI for a term in a controlled vocabulary.,,string,default,,,,,dwciri,http://rs.tdwg.org/dwc/iri/assertionUnit,recommended
nucleotide-analysis-assertion,assertionUnitSource,,,,,Assertion Unit Source,A reference to a controlled vocabulary in which the definition of the value in dwc:assertionUnit is given.,,,string,default,,,,,dc,http://purl.org/dc/elements/1.1/source,recommended
nucleotide-analysis-assertion,assertionError,,,,,Assertion Error,A description of the potential error associated with a dwc:assertionValue.,,`0.01`; `normal distribution with variation of 2 m`,string,default,,,,,dwc,http://rs.tdwg.org/dwc/terms/assertionError,recommended
nucleotide-analysis-assertion,assertionBy,,,,,Assertion By,A list (concatenated and separated) of names of dcterms:Agents responsible for making a dwc:Assertion.,Recommended best practice is to separate the values in a list with space vertical bar space (` | `).,,string,default,,,,,dwc,http://rs.tdwg.org/dwc/terms/assertionBy,recommended
nucleotide-analysis-assertion,assertionBy_fk,fk,asserted by,agent,agent_pk,Assertion By (Foreign Key),An identifier for a dcterms:Agent responsible for making a dwc:Assertion.,The value in this field MAY be changed in aggregation to preserve the relationship to the related primary key.,,string,default,FALSE,FALSE,,,dwc,http://rs.tdwg.org/dwc/terms/agentID,recommended
nucleotide-analysis-assertion,assertionByID,wfk,asserted by,agent,agentID,Assertion By ID,An identifier for a dcterms:Agent responsible for making a dwc:Assertion.,The value in this field MAY refer to a dcterms:Agent within or external to the dataset in which this record originated.,`https://orcid.org/0000-0002-1825-0097`,string,default,FALSE,FALSE,,,dwc,http://rs.tdwg.org/dwc/terms/agentID,recommended
nucleotide-analysis-assertion,assertionProtocols,,,,,Assertion Protocols,"Names of, references to, or descriptions of dwc:Protocols used in making a dwc:Assertion.",,,string,default,,,,,dwc,http://rs.tdwg.org/dwc/terms/assertionProtocols,recommended
nucleotide-analysis-assertion,assertionProtocol_fk,fk,followed,protocol,protocol_pk,Assertion Protocol (Foreign Key),An identifier for a dwc:Protocol used to make a dwc:Assertion.,The value in this field MAY be changed in aggregation to preserve the relationship to the related primary key.,,string,default,FALSE,FALSE,,,dwc,http://rs.tdwg.org/dwc/terms/protocolID,recommended
nucleotide-analysis-assertion,assertionReferences,,,,,Assertion References,A list (concatenated and separated) of dcterms:BibliographicResources associated with a dwc:Assertion.,Recommended best practice is to separate the values in a list with space vertical bar space (` | `).,,string,default,,,,,dwc,http://rs.tdwg.org/dwc/terms/assertionReferences,recommended
nucleotide-analysis-assertion,assertionRemarks,,,,,Assertion Remarks,Comments or notes about a dwc:Assertion.,,,string,default,,,,,dwc,http://rs.tdwg.org/dwc/terms/assertionRemarks,recommended
nucleotide-sequence,nucleotideSequence_pk,pk,,,,Nucleotide Sequence (Primary Key),A unique identifier for a dwc:NucleotideSequence.,The value in this field MAY be changed in aggregation to guarantee uniqueness.,,string,default,TRUE,TRUE,,,dcterms,http://purl.org/dc/terms/identifier,recommended
nucleotide-sequence,nucleotideSequenceID,wpk,,,,Nucleotide Sequence ID,An identifier for a dwc:NucleotideSequence.,The value in this field MUST be preserved in aggregation. Recommended best practice is to use a globally unique identifier.,,string,default,,,,,dcterms,http://purl.org/dc/terms/identifier,recommended
nucleotide-sequence,sequence,,,,,Sequence,A string representing nucleotide base pairs.,,,string,default,,,,,dwc,http://rs.tdwg.org/dwc/terms/sequence,recommended
nucleotide-sequence,nucleotideSequenceRemarks,,,,,Nucleotide Sequence Remarks,Comments or notes about a dwc:NucleotideSequence.,,,string,default,,,,,dwc,http://rs.tdwg.org/dwc/terms/nucleotideSequenceRemarks,recommended
occurrence,occurrence_pk,pk,,,,Occurrence (Primary Key),A unique identifier for a dwc:Occurrence.,The value in this field MAY be changed in aggregation to guarantee uniqueness.,`http://arctos.database.museum/guid/MSB:Mamm:233627`; `000866d2-c177-4648-a200-ead4007051b9`; `urn:catalog:UWBM:Bird:89776`,string,default,TRUE,TRUE,,,dwc,http://rs.tdwg.org/dwc/terms/occurrenceID,recommended
occurrence,occurrenceID,wpk,,,,Occurrence ID,An identifier for a dwc:Occurrence.,The value in this field MUST be preserved in aggregation. Recommended best practice is to use a globally unique identifier.,`http://arctos.database.museum/guid/MSB:Mamm:233627`; `000866d2-c177-4648-a200-ead4007051b9`; `urn:catalog:UWBM:Bird:89776`,string,default,,,,,dwc,http://rs.tdwg.org/dwc/terms/occurrenceID,recommended
occurrence,event_fk,fk,has context,event,event_pk,Event (Foreign Key),An identifier for a dwc:Event.,The value in this field MAY be changed in aggregation to preserve the relationship to the related primary key.,,string,default,FALSE,TRUE,,,dwc,http://rs.tdwg.org/dwc/terms/eventID,recommended
occurrence,isPartOfOccurrence_fk,fk,part of,occurrence,occurrence_pk,Is Part Of Occurrence (Foreign Key),An identifier for a dwc:Occurrence of which this dwc:Occurrence is a part.,The value in this field MAY be changed in aggregation to preserve the relationship to the related primary key.,,string,default,FALSE,FALSE,,,dwc,http://rs.tdwg.org/dwc/terms/occurrenceID,recommended
occurrence,occurrenceProtocol_fk,fk,followed,protocol,protocol_pk,Occurrence Protocol (Foreign Key),An identifier for a dwc:Protocol used for a dwc:Occurrence.,The value in this field MAY be changed in aggregation to preserve the relationship to the related primary key.,,string,default,FALSE,FALSE,,,dwc,http://rs.tdwg.org/dwc/terms/protocolID,recommended
occurrence,surveyTarget_fk,fk,satisfied,survey-target,surveyTarget_pk,Survey Target (Foreign Key),An identifier for an eco:SurveyTarget.,The value in this field MAY be changed in aggregation to preserve the relationship to the related primary key.,,string,default,FALSE,FALSE,,,eco,http://rs.tdwg.org/eco/terms/surveyTargetID,recommended
occurrence,recordNumber,,,,,Record Number,"An identifier given to the dwc:Occurrence at the time it was recorded. Often serves as a link between field notes and a dwc:MaterialEntity record, such as a specimen collector's number.","Often serves as a link between field notes and a dwc:MaterialEntity, such as a specimen collector's number.",`OPP 7101`,string,default,,,,,dwc,http://rs.tdwg.org/dwc/terms/recordNumber,recommended
occurrence,organismQuantity,,,,,Organism Quantity,A number or enumeration value for the quantity of dwc:Organisms.,A dwc:organismQuantity must have a corresponding dwc:organismQuantityType.,`27` (organismQuantity) with `individuals` (organismQuantityType); `12.5` (organismQuantity) with `% biomass` (organismQuantityType); `r` (organismQuantity) with `Braun-Blanquet Scale` (organismQuantityType); `many` (organismQuantity) with `individuals` (organismQuantityType),string,default,,,,,dwc,http://rs.tdwg.org/dwc/terms/organismQuantity,recommended
occurrence,organismQuantityType,,,,,Organism Quantity Type,The type of quantification system used for the quantity of dwc:Organisms.,"A dwc:organismQuantityType must have a corresponding dwc:organismQuantity. This term has an equivalent in the dwciri: namespace that allows only an IRI as a value, whereas this term allows for any string literal value.",`27` (organismQuantity) with `individuals` (organismQuantityType); `12.5` (organismQuantity) with `% biomass` (organismQuantityType); `r` (organismQuantity) with `Braun-Blanquet Scale` (organismQuantityType); `many` (organismQuantity) with `individuals` (organismQuantityType),string,default,,,,,dwc,http://rs.tdwg.org/dwc/terms/organismQuantityType,recommended
occurrence,sex,,,,,Sex,A sex of a dwc:Organism.,"Recommended best practice is to use a controlled vocabulary. This term has an equivalent in the dwciri: namespace that allows only an IRI as a value, whereas this term allows for any string literal value.",`female`; `male`; `hermaphrodite`,string,default,,,,,dwc,http://rs.tdwg.org/dwc/terms/sex,recommended
occurrence,lifeStage,,,,,Life Stage,An age class or life stage of a dwc:Organism.,"Recommended best practice is to use a controlled vocabulary. This term has an equivalent in the dwciri: namespace that allows only an IRI as a value, whereas this term allows for any string literal value.",`zygote`; `larva`; `juvenile`; `adult`; `seedling`; `flowering`; `fruiting`,string,default,,,,,dwc,http://rs.tdwg.org/dwc/terms/lifeStage,recommended
occurrence,reproductiveCondition,,,,,Reproductive Condition,A reproductive condition of a dwc:Organism.,"Recommended best practice is to use a controlled vocabulary. This term has an equivalent in the dwciri: namespace that allows only an IRI as a value, whereas this term allows for any string literal value.",`non-reproductive`; `pregnant`; `in bloom`; `fruit-bearing`,string,default,,,,,dwc,http://rs.tdwg.org/dwc/terms/reproductiveCondition,recommended
occurrence,caste,,,,,Caste,A social caste of a dwc:Organism.,"Recommended best practice is to use a controlled vocabulary that aligns best with a dwc:Taxon. This term has an equivalent in the dwciri: namespace that allows only an IRI as a value, whereas this term allows for any string literal value.",`queen`; `male alate`; `intercaste`; `minor worker`; `soldier`; `ergatoid`,string,default,,,,,dwc,http://rs.tdwg.org/dwc/terms/caste,recommended
occurrence,behavior,,,,,Behavior,A behavior shown by a dwc:Organism.,"This term has an equivalent in the dwciri: namespace that allows only an IRI as a value, whereas this term allows for any string literal value.",`roosting`; `foraging`; `running`,string,default,,,,,dwc,http://rs.tdwg.org/dwc/terms/behavior,recommended
occurrence,vitality,,,,,Vitality,An indication of whether a dwc:Organism was alive or dead at the time of collection or observation.,"Recommended best practice is to use a controlled vocabulary. This term has an equivalent in the dwciri: namespace that allows only an IRI as a value, whereas this term allows for any string literal value.",`alive`; `dead`; `mixedLot`; `uncertain`; `notAssessed`,string,default,,,,,dwc,http://rs.tdwg.org/dwc/terms/vitality,recommended
occurrence,establishmentMeans,,,,,Establishment Means,Statement about whether a dwc:Organism has been introduced to a given place and time through the direct or indirect activity of modern humans.,"Recommended best practice is to use controlled value strings from the controlled vocabulary designated for use with this term, listed at http://rs.tdwg.org/dwc/doc/em/. For details, refer to https://doi.org/10.3897/biss.3.38084. This term has an equivalent in the dwciri: namespace that allows only an IRI as a value, whereas this term allows for any string literal value.",`native`; `nativeReintroduced`; `introduced`; `introducedAssistedColonisation`; `vagrant`; `uncertain`,string,default,,,,,dwc,http://rs.tdwg.org/dwc/terms/establishmentMeans,recommended
occurrence,degreeOfEstablishment,,,,,Degree Of Establishment,"The degree to which a dwc:Organism survives, reproduces, and expands its range at the given place and time.","Recommended best practice is to use controlled value strings from the controlled vocabulary designated for use with this term, listed at http://rs.tdwg.org/dwc/doc/doe/. For details, refer to https://doi.org/10.3897/biss.3.38084. This term has an equivalent in the dwciri: namespace that allows only an IRI as a value, whereas this term allows for any string literal value.",`native`; `captive`; `cultivated`; `released`; `failing`; `casual`; `reproducing`; `established`; `colonising`; `invasive`; `widespreadInvasive`,string,default,,,,,dwc,http://rs.tdwg.org/dwc/terms/degreeOfEstablishment,recommended
occurrence,pathway,,,,,Pathway,The process by which a dwc:Organism came to be in a given place at a given time.,"Recommended best practice is to use controlled value strings from the controlled vocabulary designated for use with this term, listed at http://rs.tdwg.org/dwc/doc/pw/. For details, refer to https://doi.org/10.3897/biss.3.38084. This term has an equivalent in the dwciri: namespace that allows only an IRI as a value, whereas this term allows for any string literal value.",`releasedForUse`; `otherEscape`; `transportContaminant`; `transportStowaway`; `corridor`; `unaided`,string,default,,,,,dwc,http://rs.tdwg.org/dwc/terms/pathway,recommended
occurrence,substrate,,,,,Substrate,A type of biotic or abiotic material to which a dwc:Organism was attached during a dwc:Occurrence.,"No inference can be made from this term that a dwc:Organism interacted in any other way than being connected to some (not a particular) material resource of the substrate type (such as during parasitization or decomposition). A host-parasite relationship is better expressed as a dwc:OrganismInteraction. This term has an equivalent in the dwciri: namespace that allows only an IRI as a value, whereas this term allows for any string literal value.",`stone`; `wall`; `decaying wood`; `wooden board fence`; `animal bones`,string,default,,,,,dwc,http://rs.tdwg.org/dwc/terms/substrate,recommended
occurrence,occurrenceStatus,,,,,Occurrence Status,A statement about the detection or non-detection of a dwc:Organism during a dwc:Event.,"For dwc:Occurrences, the default vocabulary is recommended to consist of 'detected' and 'notDetected', but can be extended by implementers with good justification. This term has an equivalent in the dwciri: namespace that allows only an IRI as a value, whereas this term allows for any string literal value.",`detected`; `notDetected`,string,default,,TRUE,,,dwc,http://rs.tdwg.org/dwc/terms/occurrenceStatus,recommended
occurrence,occurrenceReferences,,,,,Occurrence References,"A list (concatenated and separated) of identifiers (publication, bibliographic reference, global unique identifier, URI) of literature associated with the dwc:Occurrence.","Recommended best practice is to separate the values in a list with space vertical bar space ( | ). Note that the intended usage of the term dcterms:references in Darwin Core is to point to the definitive source representation of the resource, if one is available. Note also that the intended usage of dcterms:bibliographicCitation in Darwin Core is to provide the preferred way to cite the resource itself.","`http://www.sciencemag.org/cgi/content/abstract/322/5899/261`; `Christopher J. Conroy, Jennifer L. Neuwald. 2008. Phylogeographic study of the California vole, Microtus californicus Journal of Mammalogy, 89(3):755-767.`; `Steven R. Hoofer and Ronald A. Van Den Bussche. 2001. Phylogenetic Relationships of Plecotine Bats and Allies Based on Mitochondrial Ribosomal Sequences. Journal of Mammalogy 82(1):131-137. | Walker, Faith M., Jeffrey T. Foster, Kevin P. Drees, Carol L. Chambers. 2014. Spotted bat (Euderma maculatum) microsatellite discovery using illumina sequencing. Conservation Genetics Resources.`; `https://doi.org/10.3897/BDJ.14.e177525`",string,default,,,,,dwc,http://rs.tdwg.org/dwc/terms/associatedReferences,recommended
occurrence,occurrenceRemarks,,,,,Occurrence Remarks,Comments or notes about the dwc:Occurrence.,,`found dead on road`,string,default,,,,,dwc,http://rs.tdwg.org/dwc/terms/occurrenceRemarks,recommended
occurrence,organism_fk,fk,of an,organism,organism_pk,Organism (Foreign Key),An identifier for a dwc:Organism.,The value in this field MAY be changed in aggregation to preserve the relationship to the related primary key.,,string,default,FALSE,FALSE,,,dwc,http://rs.tdwg.org/dwc/terms/organismID,recommended
occurrence,organismID,wfk,of an,organism,organismID,Organism ID,An identifier for a dwc:Organism.,The value in this field MAY refer to a dwc:Organism within or external to the dataset in which this record originated.,,string,default,FALSE,FALSE,,,dwc,http://rs.tdwg.org/dwc/terms/organismID,recommended
occurrence,organismScope,,,,,Organism Scope,A description of the kind of dwc:Organism instance. Can be used to indicate whether the dwc:Organism instance represents a discrete organism or if it represents a particular type of aggregation.,"Recommended best practice is to use a controlled vocabulary. This term has an equivalent in the dwciri: namespace that allows only an IRI as a value, whereas this term allows for any string literal value.",`multicellular organism`; `virus`; `clone`; `pack`; `colony`,string,default,,,,,dwc,http://rs.tdwg.org/dwc/terms/organismScope,recommended
occurrence,organismName,,,,,Organism Name,A textual name or label assigned to a dwc:Organism instance.,,`Huberta`; `Boab Prison Tree`; `J pod`,string,default,,,,,dwc,http://rs.tdwg.org/dwc/terms/organismName,recommended
occurrence,causeOfDeath,,,,,Cause Of Death,An indication of the known or suspected cause of death of a dwc:Organism.,"The cause may be due to natural causes (e.g., disease, predation), human-related activities (e.g., roadkill, pollution), or other environmental factors (e.g., extreme weather events).",`trapped`; `poisoned`; `starved`; `drowned`; `shot`; `old age`; `roadkill`; `disease`; `herbicide`; `burned`; `infanticide`,string,default,,,,,dwc,http://rs.tdwg.org/dwc/terms/causeOfDeath,recommended
occurrence,organismRemarks,,,,,Organism Remarks,Comments or notes about the dwc:Organism instance.,`One of a litter of six`,,string,default,,,,,dwc,http://rs.tdwg.org/dwc/terms/organismRemarks,recommended
occurrence,verbatimIdentification,,,,,Verbatim Identification,A string representing the classification as it appeared in the original record.,"This term is meant to allow the capture of an unaltered original identification/determination, including identification qualifiers, hybrid formulas, uncertainties, etc. This term is meant to be used in addition to dwc:geologicalMaterialName or dwc:scientificName (and dwc:identificationQualifier etc.), not instead of it.","`Peromyscus sp.`; `Ministrymon sp. nov. 1`; `Anser anser × Branta canadensis`; `Pachyporidae?`, `Potentilla × pantotricha Soják`; `Aconitum pilipes × A. variegatum; `Lepomis auritus x cyanellus`",string,default,,,,,dwc,http://rs.tdwg.org/dwc/terms/verbatimIdentification,recommended
occurrence,identifiedBy,,,,,Identified By,A name for a dcterms:Agent responsible for making a dwc:Identification.,"When used in the context of a Survey, the subject consists of all of the dwc:Identifications related to the Event. Recommended best practice is to separate the values in a list with space vertical bar space (` | `).",`James L. Patton`; `Theodore Pappenfuss | Robert Macey`,string,default,,,,,dwc,http://rs.tdwg.org/dwc/terms/identifiedBy,recommended
occurrence,identifiedBy_fk,fk,identified by,agent,agent_pk,Identified By (Foreign Key),An identifier for a dcterms:Agent responsible for making a dwc:Identification.,The value in this field MAY be changed in aggregation to preserve the relationship to the related primary key.,,string,default,FALSE,FALSE,,,dwc,http://rs.tdwg.org/dwc/terms/identifiedByID,recommended
occurrence,identifiedByID,wfk,identified by,agent,agentID,Identified By ID,An identifier for a dcterms:Agent responsible for making a dwc:Identification.,The value in this field MAY refer to a dcterms:Agent within or external to the dataset in which this record originated.,`https://orcid.org/0000-0002-1825-0097` (for an individual); `https://orcid.org/0000-0002-1825-0097 | https://orcid.org/0000-0002-1825-0098` (for a list of people),string,default,FALSE,FALSE,,,dwc,http://rs.tdwg.org/dwc/terms/identifiedByID,recommended
occurrence,dateIdentified,,,,,Date Identified,The date on which the subject was determined as representing the dwc:Taxon.,Recommended best practice is to use a date that conforms to ISO 8601-1:2019.,`1963-03-08T14:07-06:00` (8 Mar 1963 at or after 2:07pm and before 2:08pm in the time zone six hours earlier than UTC); `2009-02-20T08:40Z` (20 February 2009 at or after 8:40am and before 8:41 UTC); `2018-08-29T15:19` (29 August 2018 at or after 3:19pm and before 3:20pm local time); `1809-02-12` (within the day 12 February 1809); `1906-06` (in the month of June 1906); `1971` (in the year 1971); `2007-03-01T13:00:00Z/2008-05-11T15:30:00Z` (some time within the interval beginning 1 March 2007 at 1pm UTC and before 11 May 2008 at 3:30pm UTC); `1900/1909` (some time within the interval between the beginning of the year 1900 and before the year 1909); `2007-11-13/15` (some time in the interval between the beginning of 13 November 2007 and before 15 November 2007),string,default,,,,,dwc,http://rs.tdwg.org/dwc/terms/dateIdentified,recommended
occurrence,identificationReferences,,,,,Identification References,A list (concatenated and separated) of dcterms:BibliographicResources used in a dwc:Identification.,"When used in the context of a Survey, the subject consists of all of the dwc:Identifications related to the Survey. Recommended best practice is to separate the values in a list with space vertical bar space (` | `).","`Aves del Noroeste Patagonico. Christie et al. 2004.`; `Stebbins, R. Field Guide to Western Reptiles and Amphibians. 3rd Edition. 2003. | Irschick, D.J. and Shaffer, H.B. (1997). The polytypic species revisited: Morphological differentiation among tiger salamanders (Ambystoma tigrinum) (Amphibia: Caudata). Herpetologica, 53(1), 30-49.`",string,default,,,,,dwc,http://rs.tdwg.org/dwc/terms/identificationReferences,recommended
occurrence,identificationVerificationStatus,,,,,Identification Verification Status,A categorical indicator of the extent to which a taxonomic determination has been verified to be correct.,Recommended best practice is to use a controlled vocabulary such as that used in HISPID and ABCD.,`0` (unverified in HISPID/ABCD).,string,default,,,,,dwc,http://rs.tdwg.org/dwc/terms/identificationVerificationStatus,recommended
occurrence,identificationRemarks,,,,,Identification Remarks,Comments or notes about the dwc:Identification.,,`Distinguished between Anthus correndera and Anthus hellmayri based on the comparative lengths of the uñas.`,string,default,,,,,dwc,http://rs.tdwg.org/dwc/terms/identificationRemarks,recommended
occurrence,taxonID,,,,,Taxon ID,An identifier for a dwc:Taxon.,"In DwC-DP, the taxonID is always an external link to a taxon record. As such, if present, it should be a resolvable globally unique identifier. See the Identifiers section of https://github.com/CatalogueOfLife/coldp/blob/master/README.md.",`8fa58e08-08de-4ac1-b69c-1235340b7001`; `32567`; `https://www.gbif.org/species/212`,string,default,,,,,dwc,http://rs.tdwg.org/dwc/terms/taxonID,recommended
occurrence,scientificNameID,,,,,Scientific Name ID,An identifier for the nomenclatural (not taxonomic) details of a scientific name.,"In DwC-DP, the taxonID is always an external link to a taxon record. As such, if present, it should be a resolvable globally unique identifier. See the Identifiers section of https://github.com/CatalogueOfLife/coldp/blob/master/README.md.",`urn:lsid:ipni.org:names:37829-1:1.3`,string,default,,,,,dwc,http://rs.tdwg.org/dwc/terms/scientificNameID,recommended
occurrence,scientificName,,,,,Scientific Name,"A scientific name string, not including authorship, date or identification qualifiers.",,`Coleoptera` (order); `Vespertilionidae` (family); `Manis` (genus); `Ctenomys sociabilis` (genus + specificEpithet); `Ambystoma tigrinum diaboli` (genus + specificEpithet + infraspecificEpithet); `Quercus agrifolia var. oxyadenia` (genus + specificEpithet + taxonRank + infraspecificEpithet); `×Agropogon littoralis`; `Mentha ×smithiana`; `Agrostis stolonifera L. × Polypogon monspeliensis`,string,default,,,,,dwc,http://rs.tdwg.org/dwc/terms/scientificName,recommended
occurrence,scientificNameAuthorship,,,,,Scientific Name Authorship,The authorship information for a dwc:scientificName formatted according to the conventions of the applicable dwc:nomenclaturalCode.,,"`(Torr.) J.T. Howell`; `(Martinovský) Tzvelev`; `(Györfi, 1952)`",string,default,,,,,dwc,http://rs.tdwg.org/dwc/terms/scientificNameAuthorship,recommended
occurrence,vernacularName,,,,,Vernacular Name,A common or vernacular name.,,`Andean Condor`; `death cap`; `rainbow trout`; `Smoky Quartz`; `Amethyst`; `Agate`; `Tiger's Eye`,string,default,,,,,dwc,http://rs.tdwg.org/dwc/terms/vernacularName,recommended
occurrence,taxonRank,,,,,Taxon Rank,A taxonomic rank of the most specific name in a dwc:scientificName.,"Recommended best practice is to use a controlled vocabulary. The taxon ranks of algae, fungi and plants are defined in the International Code of Nomenclature for algae, fungi, and plants (Shenzhen Code Articles H3.2, H4.4 and H.3.1).",`subspecies`; `varietas`; `forma`; `species`; `genus`; `nothogenus`; `nothospecies`; `nothosubspecies`,string,default,,,,,dwc,http://rs.tdwg.org/dwc/terms/taxonRank,recommended
occurrence,classificationSystem,,,,,Classification System,A reference to the classification system in which an authoritative name or formal classification belongs.,"Recommended best practice is to provide a formal citation or IRI. This term should not be confused with dwc:namePublishedIn as a classification system is not equivalent to a publication in which a taxon is first described. This term should not be confused with dwc:nameAccordingTo as a classification system is not equivalent to a publication or other source in which a specific taxon concept circumscription is defined or implied. This term should not be confused with dwc:nomenclaturalCode as a classification system is not equivalent to code of nomenclature, which states the rules for naming rather than an organized source of names. This term has an equivalent in the dwciri: namespace that allows only an IRI as a value, whereas this term allows for any string literal value.","`Strunz, H., Nickel, E.H. (2001): Strunz Mineralogical Tables. Chemical-Structural Mineral Classification System. 9th edition. E. Schweizerbart’sche Verlagsbuchhandlung, Stuttgart, ix + 870 p. (ISBN 3-510-65188-X)`; `Gaines, R.V., Skinner, H.C.W., Foord, E.E., Mason, B., Rosenzweig, A. (1997): Dana's New Mineralogy: The System of Mineralogy of James Dwight Dana and Edward Salisbury Dana. 8th edition. John Wiley & Sons, New York, xlv + 1819 p. (ISBN 0-471-19310-0).`; `https://kos.geospecimens.org/vocab/meteorite-classification`; `Mammal Diversity Database. (2026). Mammal Diversity Database (Version 2.5) [Data set]. [Zenodo](https://zenodo.org/records/10595931). https://doi.org/10.5281/zenodo.17033774`; `Index Fungorum. (2026). Index Fungorum electronic database. Royal Botanic Gardens, Kew. Retrieved August 17, 2026, from indexfungorum.org.`",string,default,,,,,dc,http://rs.tdwg.org/dwc/terms/classificationSystem,recommended
occurrence,informationWithheld,,,,,Information Withheld,"Additional information that exists about a resource, but that is not shared publicly. Suggests that alternative data of higher quality may be available on request.",,`location information not given for endangered species`; `collector identities withheld | ask about tissue samples`,string,default,,,,,dwc,http://rs.tdwg.org/dwc/terms/informationWithheld,recommended
occurrence,dataGeneralizations,,,,,Data Generalizations,Actions taken to make the shared data less specific or complete than in its original form. Suggests that alternative data of higher quality may be available on request.,,`Coordinates generalized from original GPS coordinates to the nearest half degree grid cell.`,string,default,,,,,dwc,http://rs.tdwg.org/dwc/terms/dataGeneralizations,recommended
occurrence,feedbackURL,,,,,Feedback URL,A uniform resource locator (URL) that points to a webpage on which a form may be submitted to gather feedback about the record.,Recommended best practice is to optionally include query strings that act to pre-populate web page form elements and communicate the context.,`https://example.com/new?title=New+issue&body=This+comment+is+about+CAN12345`,string,default,,,,,dwc,http://rs.tdwg.org/dwc/terms/feedbackURL,recommended
occurrence-agent-role,occurrence_fk,fk,role for,occurrence,occurrence_pk,Occurrence (Foreign Key),An identifier for a dwc:Occurrence.,The value in this field MAY be changed in aggregation to preserve the relationship to the related primary key.,,string,default,FALSE,TRUE,,,dwc,http://rs.tdwg.org/dwc/terms/occurrenceID,recommended
occurrence-agent-role,agent_fk,fk,role holder,agent,agent_pk,Agent (Foreign Key),An identifier for a dcterms:Agent.,The value in this field MAY be changed in aggregation to preserve the relationship to the related primary key.,,string,default,FALSE,TRUE,,,dwc,http://rs.tdwg.org/dwc/terms/agentID,recommended
occurrence-agent-role,agentRole,,,,,Agent Role,A category that best matches the nature of a role of a dcterms:Agent.,Recommended best practice is to use a controlled vocabulary for the roles appropriate to the class of resource a dcterms:AgentRole is related to.,,string,default,,,,,dwc,http://rs.tdwg.org/dwc/terms/relationshipOfResource,recommended
occurrence-agent-role,agentRoleIRI,,,,,Agent Role IRI,An IRI of the controlled vocabulary value for a role of a dcterms:Agent.,Recommended best practice is to use an IRI for a term in a controlled vocabulary.,,string,default,,,,,dwciri,http://rs.tdwg.org/dwc/terms/relationshipOfResourceID,recommended
occurrence-agent-role,agentRoleSource,,,,,Agent Role Source,A reference to a controlled vocabulary in which the definition of a value in dwc:agentRole is given.,,,string,default,,,,,dc,http://purl.org/dc/elements/1.1/source,recommended
occurrence-agent-role,agentRoleOrder,,,,,Agent Role Order,"A numerical position of an AgentRole in a set of AgentRoles that have the same combination of agentRole, agentRoleIRI, agentRoleSource and related target identifier.","One could use dwc:agentRoleOrder to create an ordered list of collectors (dwc:agentRole = 'collector') for a dwc:MaterialEntity, for example. The first would have dwc:agentRoleOrder=1, the second would have dwc:agentRoleOrder=2.",,integer,default,,TRUE,1,,dwc,http://rs.tdwg.org/dwc/terms/agentRoleOrder,recommended
occurrence-agent-role,agentRoleDate,,,,,Agent Role Date,An interval during which a dcterms:AgentRole was in effect.,Recommended best practice is to use a date that conforms to ISO 8601-1:2019.,`1963-03-08T14:07-06:00` (8 Mar 1963 at or after 2:07pm and before 2:08pm in the time zone six hours earlier than UTC); `2009-02-20T08:40Z` (20 February 2009 at or after 8:40am and before 8:41 UTC); `2018-08-29T15:19` (29 August 2018 at or after 3:19pm and before 3:20pm local time); `1809-02-12` (within the day 12 February 1809); `1906-06` (in the month of June 1906); `1971` (in the year 1971); `2007-03-01T13:00:00Z/2008-05-11T15:30:00Z` (some time within the interval beginning 1 March 2007 at 1pm UTC and before 11 May 2008 at 3:30pm UTC); `1900/1909` (some time within the interval between the beginning of the year 1900 and before the year 1909); `2007-11-13/15` (some time in the interval between the beginning of 13 November 2007 and before 15 November 2007),string,default,,,,,dwc,http://rs.tdwg.org/dwc/terms/assertionEffectiveDate,recommended
occurrence-assertion,assertionID,wpk,,,,Assertion ID,An identifier for a dwc:Assertion.,Recommended best practice is to use a globally unique identifier.,,string,default,TRUE,FALSE,,,dwc,http://rs.tdwg.org/dwc/terms/assertionID,recommended
occurrence-assertion,occurrence_fk,fk,about,occurrence,occurrence_pk,Occurrence (Foreign Key),An identifier for a dwc:Occurrence.,The value in this field MAY be changed in aggregation to preserve the relationship to the related primary key.,,string,default,FALSE,TRUE,,,dwc,http://rs.tdwg.org/dwc/terms/occurrenceID,recommended
occurrence-assertion,verbatimAssertionType,,,,,Verbatim Assertion Type,A string representing the type of dwc:Assertion as it appeared in the original record.,"This term is meant to allow the capture of an unaltered original name for a dwc:assertionType. This term is meant to be used in addition to dwc:assertionType, not instead of it.",`water_temp`; `Fish biomass`; `sampling net mesh size`,string,default,,,,,dwc,http://rs.tdwg.org/dwc/terms/verbatimAssertionType,recommended
occurrence-assertion,assertionType,,,,,Assertion Type,A category that best matches the nature of a dwc:Assertion.,"Recommended best practice is to use a controlled vocabulary. This term has an equivalent in the dwciri: namespace that allows only an IRI as a value, whereas this term allows for any string literal value.",`tail length`; `temperature`; `trap line length`; `survey area`; `trap type`,string,default,,,,,dwc,http://rs.tdwg.org/dwc/terms/assertionType,recommended
occurrence-assertion,assertionTypeIRI,,,,,Assertion Type IRI,An IRI of a controlled vocabulary value for a type of dwc:Assertion.,Recommended best practice is to use an IRI for a term in a controlled vocabulary.,,string,default,,,,,dwciri,http://rs.tdwg.org/dwc/iri/measurementType,recommended
occurrence-assertion,assertionTypeSource,,,,,Assertion Type Source,A reference to the controlled vocabulary in which the definition of a value in dwc:assertionType is given.,,,string,default,,,,,dc,http://purl.org/dc/elements/1.1/source,recommended
occurrence-assertion,assertionMadeDate,,,,,Assertion Made Date,A date on which a dwc:Assertion was created.,Recommended best practice is to use a date that conforms to ISO 8601-1:2019.,`1963-03-08T14:07-06:00` (8 Mar 1963 at or after 2:07pm and before 2:08pm in the time zone six hours earlier than UTC); `2009-02-20T08:40Z` (20 February 2009 at or after 8:40am and before 8:41 UTC); `2018-08-29T15:19` (29 August 2018 at or after 3:19pm and before 3:20pm local time); `1809-02-12` (within the day 12 February 1809); `1906-06` (in the month of June 1906); `1971` (in the year 1971); `2007-03-01T13:00:00Z/2008-05-11T15:30:00Z` (some time within the interval beginning 1 March 2007 at 1pm UTC and before 11 May 2008 at 3:30pm UTC); `1900/1909` (some time within the interval between the beginning of the year 1900 and before the year 1909); `2007-11-13/15` (some time in the interval between the beginning of 13 November 2007 and before 15 November 2007),string,default,,,,,dwc,http://rs.tdwg.org/dwc/terms/assertionMadeDate,recommended
occurrence-assertion,assertionEffectiveDate,,,,,Assertion Effective Date,A date-time or time interval during which an asserted state or measurement was deemed to be in effect.,Recommended best practice is to use a date that conforms to ISO 8601-1:2019.,`1963-03-08T14:07-06:00` (8 Mar 1963 at or after 2:07pm and before 2:08pm in the time zone six hours earlier than UTC); `2009-02-20T08:40Z` (20 February 2009 at or after 8:40am and before 8:41 UTC); `2018-08-29T15:19` (29 August 2018 at or after 3:19pm and before 3:20pm local time); `1809-02-12` (within the day 12 February 1809); `1906-06` (in the month of June 1906); `1971` (in the year 1971); `2007-03-01T13:00:00Z/2008-05-11T15:30:00Z` (some time within the interval beginning 1 March 2007 at 1pm UTC and before 11 May 2008 at 3:30pm UTC); `1900/1909` (some time within the interval between the beginning of the year 1900 and before the year 1909); `2007-11-13/15` (some time in the interval between the beginning of 13 November 2007 and before 15 November 2007),string,default,,,,,dwc,http://rs.tdwg.org/dwc/terms/assertionEffectiveDate,recommended
occurrence-assertion,assertionValue,,,,,Assertion Value,An asserted value.,,,string,default,,,,,dwc,http://rs.tdwg.org/dwc/terms/assertionValue,recommended
occurrence-assertion,assertionValueIRI,,,,,Assertion Value IRI,An IRI of the controlled vocabulary value for a value of a dwc:Assertion.,Recommended best practice is to use an IRI for a term in a controlled vocabulary.,,string,default,,,,,dwciri,http://rs.tdwg.org/dwc/iri/measurementValue,recommended
occurrence-assertion,assertionValueSource,,,,,Assertion Value Source,A reference to a controlled vocabulary in which the definition of a value in dwc:assertionValue is given.,,,string,default,,,,,dc,http://purl.org/dc/elements/1.1/source,recommended
occurrence-assertion,assertionUnit,,,,,Assertion Unit,Unit associated with the value in dwc:assertionValue.,"Recommended best practice is to use a controlled vocabulary such as the Ontology of Units of Measure http://www.wurvoc.org/vocabularies/om-1.8/ of SI units, derived units, or other non-SI units accepted for use within the SI. For units that are composed of multiple parts, use the patterns as given in ""A Primer for Communicating Mathematics via Plain Text"" (https://cse.sc.edu/~fenner/latex-ASCII.pdf) by Stephen Fenner (e.g., `g/cm^3` for grams per cubic centimeter). For other units, provide the value as a recognizable standard (e.g., '%') or written out in full and in the plural (e.g., `individuals`). It is fine to provide non-SI units in the original language of the dataset.",`m`; `s`; `g`; `ml`,string,default,,,,,dwc,http://rs.tdwg.org/dwc/terms/assertionUnit,recommended
occurrence-assertion,assertionUnitIRI,,,,,Assertion Unit IRI,An IRI of a controlled vocabulary value for the unit of a dwc:assertionValue.,Recommended best practice is to use an IRI for a term in a controlled vocabulary.,,string,default,,,,,dwciri,http://rs.tdwg.org/dwc/iri/assertionUnit,recommended
occurrence-assertion,assertionUnitSource,,,,,Assertion Unit Source,A reference to a controlled vocabulary in which the definition of the value in dwc:assertionUnit is given.,,,string,default,,,,,dc,http://purl.org/dc/elements/1.1/source,recommended
occurrence-assertion,assertionError,,,,,Assertion Error,A description of the potential error associated with a dwc:assertionValue.,,`0.01`; `normal distribution with variation of 2 m`,string,default,,,,,dwc,http://rs.tdwg.org/dwc/terms/assertionError,recommended
occurrence-assertion,assertionBy,,,,,Assertion By,A list (concatenated and separated) of names of dcterms:Agents responsible for making a dwc:Assertion.,Recommended best practice is to separate the values in a list with space vertical bar space (` | `).,,string,default,,,,,dwc,http://rs.tdwg.org/dwc/terms/assertionBy,recommended
occurrence-assertion,assertionBy_fk,fk,asserted by,agent,agent_pk,Assertion By (Foreign Key),An identifier for a dcterms:Agent responsible for making a dwc:Assertion.,The value in this field MAY be changed in aggregation to preserve the relationship to the related primary key.,,string,default,FALSE,FALSE,,,dwc,http://rs.tdwg.org/dwc/terms/agentID,recommended
occurrence-assertion,assertionByID,wfk,asserted by,agent,agentID,Assertion By ID,An identifier for a dcterms:Agent responsible for making a dwc:Assertion.,The value in this field MAY refer to a dcterms:Agent within or external to the dataset in which this record originated.,`https://orcid.org/0000-0002-1825-0097`,string,default,FALSE,FALSE,,,dwc,http://rs.tdwg.org/dwc/terms/agentID,recommended
occurrence-assertion,assertionProtocols,,,,,Assertion Protocols,"Names of, references to, or descriptions of dwc:Protocols used in making a dwc:Assertion.",,,string,default,,,,,dwc,http://rs.tdwg.org/dwc/terms/assertionProtocols,recommended
occurrence-assertion,assertionProtocol_fk,fk,followed,protocol,protocol_pk,Assertion Protocol (Foreign Key),An identifier for a dwc:Protocol used to make a dwc:Assertion.,The value in this field MAY be changed in aggregation to preserve the relationship to the related primary key.,,string,default,FALSE,FALSE,,,dwc,http://rs.tdwg.org/dwc/terms/protocolID,recommended
occurrence-assertion,assertionReferences,,,,,Assertion References,A list (concatenated and separated) of dcterms:BibliographicResources associated with a dwc:Assertion.,Recommended best practice is to separate the values in a list with space vertical bar space (` | `).,,string,default,,,,,dwc,http://rs.tdwg.org/dwc/terms/assertionReferences,recommended
occurrence-assertion,assertionRemarks,,,,,Assertion Remarks,Comments or notes about a dwc:Assertion.,,,string,default,,,,,dwc,http://rs.tdwg.org/dwc/terms/assertionRemarks,recommended
occurrence-identifier,occurrence_fk,fk,for,occurrence,occurrence_pk,Occurrence (Foreign Key),An identifier for a dwc:Occurrence.,The value in this field MAY be changed in aggregation to preserve the relationship to the related primary key.,,string,default,FALSE,TRUE,,,dwc,http://rs.tdwg.org/dwc/terms/occurrenceID,recommended
occurrence-identifier,identifier,,,,,Identifier,An unambiguous reference to a resource within a given context.,Recommended best practice is to identify a resource by means of a string conforming to a formal identification system.,,string,default,FALSE,TRUE,,,skos,http://www.w3.org/2004/02/skos/core#notation,recommended
occurrence-identifier,identifierType,,,,,Identifier Type,A category or system that best matches the nature of an identifier (skos:notation).,Recommended best practice is to use a controlled vocabulary.,,string,default,,,,,dc,http://purl.org/dc/elements/1.1/type,recommended
occurrence-identifier,identifierTypeIRI,,,,,Identifier Type IRI,An IRI of a controlled vocabulary value for a type of identifier.,Recommended best practice is to use an IRI for a term in a controlled vocabulary.,,string,default,,,,,dcterms,http://purl.org/dc/terms/type,recommended
occurrence-identifier,identifierTypeSource,,,,,Identifier Type Source,A reference to a controlled vocabulary in which the definition of a value in dwc:identifierType is given.,,,string,default,,,,,dc,http://purl.org/dc/elements/1.1/source,recommended
occurrence-identifier,identifierLanguage,,,,,Identifier Language,A language in which an identifier is presented.,Recommended best practice is to use an ISO639-2 three-letter language code.,,string,default,,,,,dc,http://purl.org/dc/elements/1.1/language,recommended
occurrence-media,media_fk,fk,this media instance,media,media_pk,Media (Foreign Key),An identifier for an ac:Media resource.,The value in this field MAY be changed in aggregation to preserve the relationship to the related primary key.,,string,default,FALSE,TRUE,,,dcterms,http://purl.org/dc/terms/identifier,recommended
occurrence-media,occurrence_fk,fk,about,occurrence,occurrence_pk,Occurrence (Foreign Key),An identifier for a dwc:Occurrence.,The value in this field MAY be changed in aggregation to preserve the relationship to the related primary key.,,string,default,FALSE,TRUE,,,dwc,http://rs.tdwg.org/dwc/terms/occurrenceID,recommended
occurrence-media,subjectCategory,,,,,Subject Category,A term to describe the content of a image or a region of interest within an image using a controlled value string.,Recommended best practice is to use a controlled vocabulary.,,string,default,,,,,ac,http://rs.tdwg.org/ac/terms/CVtermLiteral,recommended
occurrence-media,subjectCategoryIRI,,,,,Subject Category IRI,An IRI of a controlled vocabulary value for the subject category of an ac:Media resource.,Recommended best practice is to use a controlled vocabulary.,,string,default,,,,,Iptc4xmpExt,http://iptc.org/std/Iptc4xmpExt/2008-02-29/CVterm,recommended
occurrence-media,subjectCategoryVocabulary,,,,,Subject Category Source,A reference to a controlled vocabulary in which the definition of a value in dwc:subjectCategory is given.,"The Audiovisual Core recommended vocabularies do not need to be cited here. There is no required linkage between individual Subject Category terms and the vocabulary; the mechanism is intended to support discovery of the normative URI for a term, but not guarantee it.",,string,default,,,,,ac,http://rs.tdwg.org/ac/terms/subjectCategoryVocabulary,recommended
occurrence-media,subjectPartLiteral,,,,,Subject Part Literal,"The portion or product of organism morphology, behaviour, environment, etc. that is either predominantly shown or particularly well exemplified by the ac:Media resource, denoted by a controlled value string.",Values SHOULD be selected from the Controlled Vocabulary for ac:subjectPart. It is best practice to use ac:subjectPart instead of ac:subjectPartLiteral whenever practical.,,string,default,,,,,ac,http://rs.tdwg.org/ac/terms/subjectPartLiteral,recommended
occurrence-media,subjectPart,,,,,Subject Part,"The portion or product of organism morphology, behaviour, environment, etc. that is either predominantly shown or particularly well exemplified by the ac:Media resource, denoted by an IRI.",,,string,default,,,,,ac,http://rs.tdwg.org/ac/terms/subjectPart,recommended
occurrence-media,subjectOrientationLiteral,,,,,Subject Orientation Literal,"Specific orientation (= direction, view angle) of the subject represented in the ac:Media resource with respect to the acquisition device, denoted by a controlled value string.",Values SHOULD be selected from the Controlled Vocabulary for ac:subjectOrientation. It is best practice to use ac:subjectOrientation instead of ac:subjectOrientationLiteral whenever practical.,,string,default,,,,,ac,http://rs.tdwg.org/ac/terms/subjectOrientationLiteral,recommended
occurrence-media,subjectOrientation,,,,,Subject Orientation,"Specific orientation (= direction, view angle) of the subject represented in the ac:Media resource with respect to the acquisition device.",,,string,default,,,,,ac,http://rs.tdwg.org/ac/terms/subjectOrientation,recommended
occurrence-media,physicalSetting,,,,,Physical Setting,"The setting of the content represented in an ac:Media resource, such as images, sounds, and movies if the provider deems them relevant.",,,string,default,,,,,ac,http://rs.tdwg.org/ac/terms/physicalSetting,recommended
occurrence-protocol,protocol_fk,fk,followed,protocol,protocol_pk,Occurrence Protocol (Foreign Key),An identifier for a dwc:Protocol.,The value in this field MAY be changed in aggregation to preserve the relationship to the related primary key.,,string,default,FALSE,TRUE,,,dwc,http://rs.tdwg.org/dwc/terms/protocolID,recommended
occurrence-protocol,occurrence_fk,fk,used during,occurrence,occurrence_pk,Occurrence (Foreign Key),An identifier for a dwc:Occurrence.,The value in this field MAY be changed in aggregation to preserve the relationship to the related primary key.,,string,default,FALSE,TRUE,,,dwc,http://rs.tdwg.org/dwc/terms/occurrenceID,recommended
occurrence-reference,reference_fk,fk,mentioned in,bibliographic-resource,reference_pk,Reference (Foreign Key),An identifier for a dcterms:BibliographicResource.,The value in this field MAY be changed in aggregation to preserve the relationship to the related primary key.,,string,default,FALSE,FALSE,,,dwc,http://rs.tdwg.org/dwc/terms/referenceID,recommended
occurrence-reference,occurrence_fk,fk,mentioned,occurrence,occurrence_pk,Occurrence (Foreign Key),An identifier for a dwc:Occurrence.,The value in this field MAY be changed in aggregation to preserve the relationship to the related primary key.,,string,default,FALSE,TRUE,,,dwc,http://rs.tdwg.org/dwc/terms/occurrenceID,recommended
occurrence-reference,relationshipType,,,,,Relationship Type,A relationship of a subject resource to a dcterms:BibliographicResource.,Recommended best practice is to use a controlled vocabulary.,`cited in`; `referenced`,string,default,,,,,dwc,http://rs.tdwg.org/dwc/terms/relationshipOfResource,recommended
organism,organism_pk,pk,,,,Organism (Primary Key),A unique identifier for a dwc:Organism.,The value in this field MAY be changed in aggregation to guarantee uniqueness.,,string,default,TRUE,TRUE,,,dwc,http://rs.tdwg.org/dwc/terms/organismID,recommended
organism,organismID,wpk,,,,Organism ID,An identifier for a dwc:Organism.,The value in this field MUST be preserved in aggregation. Recommended best practice is to use a globally unique identifier.,,string,default,,,,,dwc,http://rs.tdwg.org/dwc/terms/organismID,recommended
organism,organismScope,,,,,Organism Scope,A description of the kind of dwc:Organism instance. Can be used to indicate whether the dwc:Organism instance represents a discrete organism or if it represents a particular type of aggregation.,"Recommended best practice is to use a controlled vocabulary. This term has an equivalent in the dwciri: namespace that allows only an IRI as a value, whereas this term allows for any string literal value.",`multicellular organism`; `virus`; `clone`; `pack`; `colony`,string,default,,,,,dwc,http://rs.tdwg.org/dwc/terms/organismScope,recommended
organism,organismName,,,,,Organism Name,A textual name or label assigned to a dwc:Organism instance.,,`Huberta`; `Boab Prison Tree`; `J pod`,string,default,,,,,dwc,http://rs.tdwg.org/dwc/terms/organismName,recommended
organism,causeOfDeath,,,,,Cause Of Death,An indication of the known or suspected cause of death of a dwc:Organism.,"The cause may be due to natural causes (e.g., disease, predation), human-related activities (e.g., roadkill, pollution), or other environmental factors (e.g., extreme weather events).",`trapped`; `poisoned`; `starved`; `drowned`; `shot`; `old age`; `roadkill`; `disease`; `herbicide`; `burned`; `infanticide`,string,default,,,,,dwc,http://rs.tdwg.org/dwc/terms/causeOfDeath,recommended
organism,associatedOrganisms,,,,,Associated Organisms,A list (concatenated and separated) of identifiers of other dwc:Organisms and the associations of this dwc:Organism to each of them.,"This term can be used to provide a list of associations to other dwc:Organisms. Note that the dwc:ResourceRelationship class is an alternative means of representing associations, and with more detail. Recommended best practice is to separate the values in a list with space vertical bar space (` | `).","`""sibling of"":""http://arctos.database.museum/guid/DMNS:Mamm:14171""`; `""parent of"":""http://arctos.database.museum/guid/MSB:Mamm:196208"" | ""parent of"":""http://arctos.database.museum/guid/MSB:Mamm:196523"" | ""sibling of"":""http://arctos.database.museum/guid/MSB:Mamm:142638""`",string,default,,,,,dwc,http://rs.tdwg.org/dwc/terms/associatedOrganisms,recommended
organism,organismRemarks,,,,,Organism Remarks,Comments or notes about the dwc:Organism instance.,,`One of a litter of six`,string,default,,,,,dwc,http://rs.tdwg.org/dwc/terms/organismRemarks,recommended
organism-assertion,assertionID,wpk,,,,Assertion ID,An identifier for a dwc:Assertion.,Recommended best practice is to use a globally unique identifier.,,string,default,TRUE,FALSE,,,dwc,http://rs.tdwg.org/dwc/terms/assertionID,recommended
organism-assertion,organism_fk,fk,about,organism,organism_pk,Organism (Foreign Key),An identifier for a dwc:Organism.,The value in this field MAY be changed in aggregation to preserve the relationship to the related primary key.,,string,default,FALSE,TRUE,,,dwc,http://rs.tdwg.org/dwc/terms/organismID,recommended
organism-assertion,verbatimAssertionType,,,,,Verbatim Assertion Type,A string representing the type of dwc:Assertion as it appeared in the original record.,"This term is meant to allow the capture of an unaltered original name for a dwc:assertionType. This term is meant to be used in addition to dwc:assertionType, not instead of it.",`water_temp`; `Fish biomass`; `sampling net mesh size`,string,default,,,,,dwc,http://rs.tdwg.org/dwc/terms/verbatimAssertionType,recommended
organism-assertion,assertionType,,,,,Assertion Type,A category that best matches the nature of a dwc:Assertion.,"Recommended best practice is to use a controlled vocabulary. This term has an equivalent in the dwciri: namespace that allows only an IRI as a value, whereas this term allows for any string literal value.",`tail length`; `temperature`; `trap line length`; `survey area`; `trap type`,string,default,,,,,dwc,http://rs.tdwg.org/dwc/terms/assertionType,recommended
organism-assertion,assertionTypeIRI,,,,,Assertion Type IRI,An IRI of a controlled vocabulary value for a type of dwc:Assertion.,Recommended best practice is to use an IRI for a term in a controlled vocabulary.,,string,default,,,,,dwciri,http://rs.tdwg.org/dwc/iri/measurementType,recommended
organism-assertion,assertionTypeSource,,,,,Assertion Type Source,A reference to the controlled vocabulary in which the definition of a value in dwc:assertionType is given.,,,string,default,,,,,dc,http://purl.org/dc/elements/1.1/source,recommended
organism-assertion,assertionMadeDate,,,,,Assertion Made Date,A date on which a dwc:Assertion was created.,Recommended best practice is to use a date that conforms to ISO 8601-1:2019.,`1963-03-08T14:07-06:00` (8 Mar 1963 at or after 2:07pm and before 2:08pm in the time zone six hours earlier than UTC); `2009-02-20T08:40Z` (20 February 2009 at or after 8:40am and before 8:41 UTC); `2018-08-29T15:19` (29 August 2018 at or after 3:19pm and before 3:20pm local time); `1809-02-12` (within the day 12 February 1809); `1906-06` (in the month of June 1906); `1971` (in the year 1971); `2007-03-01T13:00:00Z/2008-05-11T15:30:00Z` (some time within the interval beginning 1 March 2007 at 1pm UTC and before 11 May 2008 at 3:30pm UTC); `1900/1909` (some time within the interval between the beginning of the year 1900 and before the year 1909); `2007-11-13/15` (some time in the interval between the beginning of 13 November 2007 and before 15 November 2007),string,default,,,,,dwc,http://rs.tdwg.org/dwc/terms/assertionMadeDate,recommended
organism-assertion,assertionEffectiveDate,,,,,Assertion Effective Date,A date-time or time interval during which an asserted state or measurement was deemed to be in effect.,Recommended best practice is to use a date that conforms to ISO 8601-1:2019.,`1963-03-08T14:07-06:00` (8 Mar 1963 at or after 2:07pm and before 2:08pm in the time zone six hours earlier than UTC); `2009-02-20T08:40Z` (20 February 2009 at or after 8:40am and before 8:41 UTC); `2018-08-29T15:19` (29 August 2018 at or after 3:19pm and before 3:20pm local time); `1809-02-12` (within the day 12 February 1809); `1906-06` (in the month of June 1906); `1971` (in the year 1971); `2007-03-01T13:00:00Z/2008-05-11T15:30:00Z` (some time within the interval beginning 1 March 2007 at 1pm UTC and before 11 May 2008 at 3:30pm UTC); `1900/1909` (some time within the interval between the beginning of the year 1900 and before the year 1909); `2007-11-13/15` (some time in the interval between the beginning of 13 November 2007 and before 15 November 2007),string,default,,,,,dwc,http://rs.tdwg.org/dwc/terms/assertionEffectiveDate,recommended
organism-assertion,assertionValue,,,,,Assertion Value,An asserted value.,,,string,default,,,,,dwc,http://rs.tdwg.org/dwc/terms/assertionValue,recommended
organism-assertion,assertionValueIRI,,,,,Assertion Value IRI,An IRI of the controlled vocabulary value for a value of a dwc:Assertion.,Recommended best practice is to use an IRI for a term in a controlled vocabulary.,,string,default,,,,,dwciri,http://rs.tdwg.org/dwc/iri/measurementValue,recommended
organism-assertion,assertionValueSource,,,,,Assertion Value Source,A reference to a controlled vocabulary in which the definition of a value in dwc:assertionValue is given.,,,string,default,,,,,dc,http://purl.org/dc/elements/1.1/source,recommended
organism-assertion,assertionUnit,,,,,Assertion Unit,Unit associated with the value in dwc:assertionValue.,"Recommended best practice is to use a controlled vocabulary such as the Ontology of Units of Measure http://www.wurvoc.org/vocabularies/om-1.8/ of SI units, derived units, or other non-SI units accepted for use within the SI. For units that are composed of multiple parts, use the patterns as given in ""A Primer for Communicating Mathematics via Plain Text"" (https://cse.sc.edu/~fenner/latex-ASCII.pdf) by Stephen Fenner (e.g., `g/cm^3` for grams per cubic centimeter). For other units, provide the value as a recognizable standard (e.g., '%') or written out in full and in the plural (e.g., `individuals`). It is fine to provide non-SI units in the original language of the dataset.",`m`; `s`; `g`; `ml`,string,default,,,,,dwc,http://rs.tdwg.org/dwc/terms/assertionUnit,recommended
organism-assertion,assertionUnitIRI,,,,,Assertion Unit IRI,An IRI of a controlled vocabulary value for the unit of a dwc:assertionValue.,Recommended best practice is to use an IRI for a term in a controlled vocabulary.,,string,default,,,,,dwciri,http://rs.tdwg.org/dwc/iri/assertionUnit,recommended
organism-assertion,assertionUnitSource,,,,,Assertion Unit Source,A reference to a controlled vocabulary in which the definition of the value in dwc:assertionUnit is given.,,,string,default,,,,,dc,http://purl.org/dc/elements/1.1/source,recommended
organism-assertion,assertionError,,,,,Assertion Error,A description of the potential error associated with a dwc:assertionValue.,,`0.01`; `normal distribution with variation of 2 m`,string,default,,,,,dwc,http://rs.tdwg.org/dwc/terms/assertionError,recommended
organism-assertion,assertionBy,,,,,Assertion By,A list (concatenated and separated) of names of dcterms:Agents responsible for making a dwc:Assertion.,Recommended best practice is to separate the values in a list with space vertical bar space (` | `).,,string,default,,,,,dwc,http://rs.tdwg.org/dwc/terms/assertionBy,recommended
organism-assertion,assertionBy_fk,fk,asserted by,agent,agent_pk,Assertion By (Foreign Key),An identifier for a dcterms:Agent responsible for making a dwc:Assertion.,The value in this field MAY be changed in aggregation to preserve the relationship to the related primary key.,,string,default,FALSE,FALSE,,,dwc,http://rs.tdwg.org/dwc/terms/agentID,recommended
organism-assertion,assertionByID,wfk,asserted by,agent,agentID,Assertion By ID,An identifier for a dcterms:Agent responsible for making a dwc:Assertion.,The value in this field MAY refer to a dcterms:Agent within or external to the dataset in which this record originated.,`https://orcid.org/0000-0002-1825-0097`,string,default,FALSE,FALSE,,,dwc,http://rs.tdwg.org/dwc/terms/agentID,recommended
organism-assertion,assertionProtocols,,,,,Assertion Protocols,"Names of, references to, or descriptions of dwc:Protocols used in making a dwc:Assertion.",,,string,default,,,,,dwc,http://rs.tdwg.org/dwc/terms/assertionProtocols,recommended
organism-assertion,assertionProtocol_fk,fk,followed,protocol,protocol_pk,Assertion Protocol (Foreign Key),An identifier for a dwc:Protocol used to make a dwc:Assertion.,The value in this field MAY be changed in aggregation to preserve the relationship to the related primary key.,,string,default,FALSE,FALSE,,,dwc,http://rs.tdwg.org/dwc/terms/protocolID,recommended
organism-assertion,assertionReferences,,,,,Assertion References,A list (concatenated and separated) of dcterms:BibliographicResources associated with a dwc:Assertion.,Recommended best practice is to separate the values in a list with space vertical bar space (` | `).,,string,default,,,,,dwc,http://rs.tdwg.org/dwc/terms/assertionReferences,recommended
organism-assertion,assertionRemarks,,,,,Assertion Remarks,Comments or notes about a dwc:Assertion.,,,string,default,,,,,dwc,http://rs.tdwg.org/dwc/terms/assertionRemarks,recommended
organism-identifier,organism_fk,fk,for,organism,organism_pk,Organism (Foreign Key),An identifier for a dwc:Organism.,The value in this field MAY be changed in aggregation to preserve the relationship to the related primary key.,,string,default,FALSE,TRUE,,,dwc,http://rs.tdwg.org/dwc/terms/organismID,recommended
organism-identifier,identifier,,,,,Identifier,An unambiguous reference to a resource within a given context.,Recommended best practice is to identify a resource by means of a string conforming to a formal identification system.,,string,default,FALSE,TRUE,,,skos,http://www.w3.org/2004/02/skos/core#notation,recommended
organism-identifier,identifierType,,,,,Identifier Type,A category or system that best matches the nature of an identifier (skos:notation).,Recommended best practice is to use a controlled vocabulary.,,string,default,,,,,dc,http://purl.org/dc/elements/1.1/type,recommended
organism-identifier,identifierTypeIRI,,,,,Identifier Type IRI,An IRI of a controlled vocabulary value for a type of identifier.,Recommended best practice is to use an IRI for a term in a controlled vocabulary.,,string,default,,,,,dcterms,http://purl.org/dc/terms/type,recommended
organism-identifier,identifierTypeSource,,,,,Identifier Type Source,A reference to a controlled vocabulary in which the definition of a value in dwc:identifierType is given.,,,string,default,,,,,dc,http://purl.org/dc/elements/1.1/source,recommended
organism-identifier,identifierLanguage,,,,,Identifier Language,A language in which an identifier is presented.,Recommended best practice is to use an ISO639-2 three-letter language code.,,string,default,,,,,dc,http://purl.org/dc/elements/1.1/language,recommended
organism-interaction,organismInteraction_pk,pk,,,,Organism Interaction (Primary Key),A unique identifier for a dwc:OrganismInteraction.,The value in this field MAY be changed in aggregation to guarantee uniqueness.,,string,default,TRUE,TRUE,,,dwc,http://rs.tdwg.org/dwc/terms/organismInteractionID,recommended
organism-interaction,organismInteractionID,wpk,,,,Organism Interaction ID,An identifier for a dwc:OrganismInteraction.,The value in this field MUST be preserved in aggregation. Recommended best practice is to use a globally unique identifier.,,string,default,,,,,dwc,http://rs.tdwg.org/dwc/terms/organismInteractionID,recommended
organism-interaction,event_fk,fk,has context,event,event_pk,Event (Foreign Key),An identifier for a dwc:Event.,The value in this field MAY be changed in aggregation to preserve the relationship to the related primary key.,,string,default,FALSE,TRUE,,,dwc,http://rs.tdwg.org/dwc/terms/eventID,recommended
organism-interaction,organismInteractionDescription,,,,,Organism Interaction Description,A verbatim description of a dwc:OrganismInteraction.,,`Mallophora ruficauda capturing an Apis mellifera worker in flight.`,string,default,,,,,dwc,http://rs.tdwg.org/dwc/terms/organismInteractionDescription,recommended
organism-interaction,subjectOccurrence_fk,fk,by,occurrence,occurrence_pk,Subject Occurrence (Foreign Key),An identifier for a subject dwc:Occurrence in a dwc:OrganismInteraction.,The value in this field MAY be changed in aggregation to preserve the relationship to the related primary key.,,string,default,FALSE,TRUE,,,dwc,http://rs.tdwg.org/dwc/terms/occurrenceID,recommended
organism-interaction,subjectOrganismPart,,,,,Subject Organism Part,An anatomical part of a subject dwc:Organism involved in a dwc:OrganismInteraction.,Recommended best practice is to use a controlled vocabulary.,`leaf`; `stomach`; `stamen`; `leg`,string,default,,,,,dwc,http://rs.tdwg.org/dwc/terms/organismPart,recommended
organism-interaction,organismInteractionType,,,,,Organism Interaction Type,A category that best matches the nature of a dwc:OrganismInteraction.,Recommended best practice is to use a controlled vocabulary.,`visited flower of`; `pollinated by`; `parasitoid of`; `mated with`; `was attached to`,string,default,,,,,dwc,http://rs.tdwg.org/dwc/terms/organismInteractionType,recommended
organism-interaction,relatedOccurrence_fk,fk,with,occurrence,occurrence_pk,Related Occurrence (Foreign Key),An identifier for a related dwc:Occurrence in a dwc:OrganismInteraction.,The value in this field MAY be changed in aggregation to preserve the relationship to the related primary key.,,string,default,FALSE,FALSE,,,dwc,http://rs.tdwg.org/dwc/terms/occurrenceID,recommended
organism-interaction,relatedOccurrenceID,wfk,with,occurrence,occurrenceID,Related Occurrence ID,An identifier for a related dwc:Occurrence in a dwc:OrganismInteraction.,The value in this field MAY refer to a dwc:Occurrence within or external to the dataset in which this record originated.,,string,default,FALSE,FALSE,,,dwc,http://rs.tdwg.org/dwc/terms/occurrenceID,recommended
organism-interaction,externalRelatedOccurrenceID,,,,,External Related Occurrence ID,An identifier for a related dwc:Occurrence (the object) of a dwc:ResourceRelationship that is not within the same dataset.,Recommended best practice is to use a globally unique identifier.,,string,default,,,,,dwc,http://rs.tdwg.org/dwc/terms/occurrenceID,recommended
organism-interaction,externalRelatedOccurrenceSource,,,,,External Related Occurrence Source,A reference to a source outside the dataset where the related dwc:Occurrence record can be found.,,,string,default,,,,,dc,http://purl.org/dc/elements/1.1/source,recommended
organism-interaction,relatedOrganismPart,,,,,Related Organism Part,An anatomical part of a object dwc:Organism involved in a dwc:OrganismInteraction.,Recommended best practice is to use a controlled vocabulary.,`leaf`; `stomach`; `stamen`; `leg`,string,default,,,,,dwc,http://rs.tdwg.org/dwc/terms/organismPart,recommended
organism-interaction,feedbackURL,,,,,Feedback URL,A uniform resource locator (URL) that points to a webpage on which a form may be submitted to gather feedback about the record.,Recommended best practice is to optionally include query strings that act to pre-populate web page form elements and communicate the context.,`https://example.com/new?title=New+issue&body=This+comment+is+about+CAN12345`,string,default,,,,,dwc,http://rs.tdwg.org/dwc/terms/feedbackURL,recommended
organism-interaction-agent-role,organismInteraction_fk,fk,role for,organism-interaction,organismInteraction_pk,Organism Interaction (Foreign Key),An identifier for a dwc:OrganismInteraction.,The value in this field MAY be changed in aggregation to preserve the relationship to the related primary key.,,string,default,FALSE,TRUE,,,dwc,http://rs.tdwg.org/dwc/terms/organismInteractionID,recommended
organism-interaction-agent-role,agent_fk,fk,role holder,agent,agent_pk,Agent (Foreign Key),An identifier for a dcterms:Agent.,The value in this field MAY be changed in aggregation to preserve the relationship to the related primary key.,,string,default,FALSE,TRUE,,,dwc,http://rs.tdwg.org/dwc/terms/agentID,recommended
organism-interaction-agent-role,agentRole,,,,,Agent Role,A category that best matches the nature of a role of a dcterms:Agent.,Recommended best practice is to use a controlled vocabulary for the roles appropriate to the class of resource a dcterms:AgentRole is related to.,,string,default,,,,,dwc,http://rs.tdwg.org/dwc/terms/relationshipOfResource,recommended
organism-interaction-agent-role,agentRoleIRI,,,,,Agent Role IRI,An IRI of the controlled vocabulary value for a role of a dcterms:Agent.,Recommended best practice is to use an IRI for a term in a controlled vocabulary.,,string,default,,,,,dwciri,http://rs.tdwg.org/dwc/terms/relationshipOfResourceID,recommended
organism-interaction-agent-role,agentRoleSource,,,,,Agent Role Source,A reference to a controlled vocabulary in which the definition of a value in dwc:agentRole is given.,,,string,default,,,,,dc,http://purl.org/dc/elements/1.1/source,recommended
organism-interaction-agent-role,agentRoleOrder,,,,,Agent Role Order,"A numerical position of an AgentRole in a set of AgentRoles that have the same combination of agentRole, agentRoleIRI, agentRoleSource and related target identifier.","One could use dwc:agentRoleOrder to create an ordered list of collectors (dwc:agentRole = 'collector') for a dwc:MaterialEntity, for example. The first would have dwc:agentRoleOrder=1, the second would have dwc:agentRoleOrder=2.",,integer,default,,TRUE,1,,dwc,http://rs.tdwg.org/dwc/terms/agentRoleOrder,recommended
organism-interaction-agent-role,agentRoleDate,,,,,Agent Role Date,An interval during which a dcterms:AgentRole was in effect.,Recommended best practice is to use a date that conforms to ISO 8601-1:2019.,`1963-03-08T14:07-06:00` (8 Mar 1963 at or after 2:07pm and before 2:08pm in the time zone six hours earlier than UTC); `2009-02-20T08:40Z` (20 February 2009 at or after 8:40am and before 8:41 UTC); `2018-08-29T15:19` (29 August 2018 at or after 3:19pm and before 3:20pm local time); `1809-02-12` (within the day 12 February 1809); `1906-06` (in the month of June 1906); `1971` (in the year 1971); `2007-03-01T13:00:00Z/2008-05-11T15:30:00Z` (some time within the interval beginning 1 March 2007 at 1pm UTC and before 11 May 2008 at 3:30pm UTC); `1900/1909` (some time within the interval between the beginning of the year 1900 and before the year 1909); `2007-11-13/15` (some time in the interval between the beginning of 13 November 2007 and before 15 November 2007),string,default,,,,,dwc,http://rs.tdwg.org/dwc/terms/assertionEffectiveDate,recommended
organism-interaction-assertion,assertionID,wpk,,,,Assertion ID,An identifier for a dwc:Assertion.,Recommended best practice is to use a globally unique identifier.,,string,default,TRUE,FALSE,,,dwc,http://rs.tdwg.org/dwc/terms/assertionID,recommended
organism-interaction-assertion,organismInteraction_fk,fk,about,organism-interaction,organismInteraction_pk,Organism Interaction (Foreign Key),An identifier for a dwc:OrganismInteraction.,The value in this field MAY be changed in aggregation to preserve the relationship to the related primary key.,,string,default,FALSE,TRUE,,,dwc,http://rs.tdwg.org/dwc/terms/organismInteractionID,recommended
organism-interaction-assertion,verbatimAssertionType,,,,,Verbatim Assertion Type,A string representing the type of dwc:Assertion as it appeared in the original record.,"This term is meant to allow the capture of an unaltered original name for a dwc:assertionType. This term is meant to be used in addition to dwc:assertionType, not instead of it.",`water_temp`; `Fish biomass`; `sampling net mesh size`,string,default,,,,,dwc,http://rs.tdwg.org/dwc/terms/verbatimAssertionType,recommended
organism-interaction-assertion,assertionType,,,,,Assertion Type,A category that best matches the nature of a dwc:Assertion.,"Recommended best practice is to use a controlled vocabulary. This term has an equivalent in the dwciri: namespace that allows only an IRI as a value, whereas this term allows for any string literal value.",`tail length`; `temperature`; `trap line length`; `survey area`; `trap type`,string,default,,,,,dwc,http://rs.tdwg.org/dwc/terms/assertionType,recommended
organism-interaction-assertion,assertionTypeIRI,,,,,Assertion Type IRI,An IRI of a controlled vocabulary value for a type of dwc:Assertion.,Recommended best practice is to use an IRI for a term in a controlled vocabulary.,,string,default,,,,,dwciri,http://rs.tdwg.org/dwc/iri/measurementType,recommended
organism-interaction-assertion,assertionTypeSource,,,,,Assertion Type Source,A reference to the controlled vocabulary in which the definition of a value in dwc:assertionType is given.,,,string,default,,,,,dc,http://purl.org/dc/elements/1.1/source,recommended
organism-interaction-assertion,assertionMadeDate,,,,,Assertion Made Date,A date on which a dwc:Assertion was created.,Recommended best practice is to use a date that conforms to ISO 8601-1:2019.,`1963-03-08T14:07-06:00` (8 Mar 1963 at or after 2:07pm and before 2:08pm in the time zone six hours earlier than UTC); `2009-02-20T08:40Z` (20 February 2009 at or after 8:40am and before 8:41 UTC); `2018-08-29T15:19` (29 August 2018 at or after 3:19pm and before 3:20pm local time); `1809-02-12` (within the day 12 February 1809); `1906-06` (in the month of June 1906); `1971` (in the year 1971); `2007-03-01T13:00:00Z/2008-05-11T15:30:00Z` (some time within the interval beginning 1 March 2007 at 1pm UTC and before 11 May 2008 at 3:30pm UTC); `1900/1909` (some time within the interval between the beginning of the year 1900 and before the year 1909); `2007-11-13/15` (some time in the interval between the beginning of 13 November 2007 and before 15 November 2007),string,default,,,,,dwc,http://rs.tdwg.org/dwc/terms/assertionMadeDate,recommended
organism-interaction-assertion,assertionEffectiveDate,,,,,Assertion Effective Date,A date-time or time interval during which an asserted state or measurement was deemed to be in effect.,Recommended best practice is to use a date that conforms to ISO 8601-1:2019.,`1963-03-08T14:07-06:00` (8 Mar 1963 at or after 2:07pm and before 2:08pm in the time zone six hours earlier than UTC); `2009-02-20T08:40Z` (20 February 2009 at or after 8:40am and before 8:41 UTC); `2018-08-29T15:19` (29 August 2018 at or after 3:19pm and before 3:20pm local time); `1809-02-12` (within the day 12 February 1809); `1906-06` (in the month of June 1906); `1971` (in the year 1971); `2007-03-01T13:00:00Z/2008-05-11T15:30:00Z` (some time within the interval beginning 1 March 2007 at 1pm UTC and before 11 May 2008 at 3:30pm UTC); `1900/1909` (some time within the interval between the beginning of the year 1900 and before the year 1909); `2007-11-13/15` (some time in the interval between the beginning of 13 November 2007 and before 15 November 2007),string,default,,,,,dwc,http://rs.tdwg.org/dwc/terms/assertionEffectiveDate,recommended
organism-interaction-assertion,assertionValue,,,,,Assertion Value,An asserted value.,,,string,default,,,,,dwc,http://rs.tdwg.org/dwc/terms/assertionValue,recommended
organism-interaction-assertion,assertionValueIRI,,,,,Assertion Value IRI,An IRI of the controlled vocabulary value for a value of a dwc:Assertion.,Recommended best practice is to use an IRI for a term in a controlled vocabulary.,,string,default,,,,,dwciri,http://rs.tdwg.org/dwc/iri/measurementValue,recommended
organism-interaction-assertion,assertionValueSource,,,,,Assertion Value Source,A reference to a controlled vocabulary in which the definition of a value in dwc:assertionValue is given.,,,string,default,,,,,dc,http://purl.org/dc/elements/1.1/source,recommended
organism-interaction-assertion,assertionUnit,,,,,Assertion Unit,Unit associated with the value in dwc:assertionValue.,"Recommended best practice is to use a controlled vocabulary such as the Ontology of Units of Measure http://www.wurvoc.org/vocabularies/om-1.8/ of SI units, derived units, or other non-SI units accepted for use within the SI. For units that are composed of multiple parts, use the patterns as given in ""A Primer for Communicating Mathematics via Plain Text"" (https://cse.sc.edu/~fenner/latex-ASCII.pdf) by Stephen Fenner (e.g., `g/cm^3` for grams per cubic centimeter). For other units, provide the value as a recognizable standard (e.g., '%') or written out in full and in the plural (e.g., `individuals`). It is fine to provide non-SI units in the original language of the dataset.",`m`; `s`; `g`; `ml`,string,default,,,,,dwc,http://rs.tdwg.org/dwc/terms/assertionUnit,recommended
organism-interaction-assertion,assertionUnitIRI,,,,,Assertion Unit IRI,An IRI of a controlled vocabulary value for the unit of a dwc:assertionValue.,Recommended best practice is to use an IRI for a term in a controlled vocabulary.,,string,default,,,,,dwciri,http://rs.tdwg.org/dwc/iri/assertionUnit,recommended
organism-interaction-assertion,assertionUnitSource,,,,,Assertion Unit Source,A reference to a controlled vocabulary in which the definition of the value in dwc:assertionUnit is given.,,,string,default,,,,,dc,http://purl.org/dc/elements/1.1/source,recommended
organism-interaction-assertion,assertionError,,,,,Assertion Error,A description of the potential error associated with a dwc:assertionValue.,,`0.01`; `normal distribution with variation of 2 m`,string,default,,,,,dwc,http://rs.tdwg.org/dwc/terms/assertionError,recommended
organism-interaction-assertion,assertionBy,,,,,Assertion By,A list (concatenated and separated) of names of dcterms:Agents responsible for making a dwc:Assertion.,Recommended best practice is to separate the values in a list with space vertical bar space (` | `).,,string,default,,,,,dwc,http://rs.tdwg.org/dwc/terms/assertionBy,recommended
organism-interaction-assertion,assertionBy_fk,fk,asserted by,agent,agent_pk,Assertion By (Foreign Key),An identifier for a dcterms:Agent responsible for making a dwc:Assertion.,The value in this field MAY be changed in aggregation to preserve the relationship to the related primary key.,,string,default,FALSE,FALSE,,,dwc,http://rs.tdwg.org/dwc/terms/agentID,recommended
organism-interaction-assertion,assertionByID,wfk,asserted by,agent,agentID,Assertion By ID,An identifier for a dcterms:Agent responsible for making a dwc:Assertion.,The value in this field MAY refer to a dcterms:Agent within or external to the dataset in which this record originated.,`https://orcid.org/0000-0002-1825-0097`,string,default,FALSE,FALSE,,,dwc,http://rs.tdwg.org/dwc/terms/agentID,recommended
organism-interaction-assertion,assertionProtocols,,,,,Assertion Protocols,"Names of, references to, or descriptions of dwc:Protocols used in making a dwc:Assertion.",,,string,default,,,,,dwc,http://rs.tdwg.org/dwc/terms/assertionProtocols,recommended
organism-interaction-assertion,assertionProtocol_fk,fk,followed,protocol,protocol_pk,Assertion Protocol (Foreign Key),An identifier for a dwc:Protocol used to make a dwc:Assertion.,The value in this field MAY be changed in aggregation to preserve the relationship to the related primary key.,,string,default,FALSE,FALSE,,,dwc,http://rs.tdwg.org/dwc/terms/protocolID,recommended
organism-interaction-assertion,assertionReferences,,,,,Assertion References,A list (concatenated and separated) of dcterms:BibliographicResources associated with a dwc:Assertion.,Recommended best practice is to separate the values in a list with space vertical bar space (` | `).,,string,default,,,,,dwc,http://rs.tdwg.org/dwc/terms/assertionReferences,recommended
organism-interaction-assertion,assertionRemarks,,,,,Assertion Remarks,Comments or notes about a dwc:Assertion.,,,string,default,,,,,dwc,http://rs.tdwg.org/dwc/terms/assertionRemarks,recommended
organism-interaction-media,media_fk,fk,this media instance,media,media_pk,Media (Foreign Key),An identifier for an ac:Media resource.,The value in this field MAY be changed in aggregation to preserve the relationship to the related primary key.,,string,default,FALSE,TRUE,,,dcterms,http://purl.org/dc/terms/identifier,recommended
organism-interaction-media,organismInteraction_fk,fk,about,organism-interaction,organismInteraction_pk,Organism Interaction (Foreign Key),An identifier for a dwc:OrganismInteraction.,The value in this field MAY be changed in aggregation to preserve the relationship to the related primary key.,,string,default,FALSE,TRUE,,,dwc,http://rs.tdwg.org/dwc/terms/organismInteractionID,recommended
organism-interaction-media,subjectCategory,,,,,Subject Category,A term to describe the content of a image or a region of interest within an image using a controlled value string.,Recommended best practice is to use a controlled vocabulary.,,string,default,,,,,ac,http://rs.tdwg.org/ac/terms/CVtermLiteral,recommended
organism-interaction-media,subjectCategoryIRI,,,,,Subject Category IRI,An IRI of a controlled vocabulary value for the subject category of an ac:Media resource.,Recommended best practice is to use a controlled vocabulary.,,string,default,,,,,Iptc4xmpExt,http://iptc.org/std/Iptc4xmpExt/2008-02-29/CVterm,recommended
organism-interaction-media,subjectCategoryVocabulary,,,,,Subject Category Source,A reference to a controlled vocabulary in which the definition of a value in dwc:subjectCategory is given.,"The Audiovisual Core recommended vocabularies do not need to be cited here. There is no required linkage between individual Subject Category terms and the vocabulary; the mechanism is intended to support discovery of the normative URI for a term, but not guarantee it.",,string,default,,,,,ac,http://rs.tdwg.org/ac/terms/subjectCategoryVocabulary,recommended
organism-interaction-media,subjectPartLiteral,,,,,Subject Part Literal,"The portion or product of organism morphology, behaviour, environment, etc. that is either predominantly shown or particularly well exemplified by the ac:Media resource, denoted by a controlled value string.",Values SHOULD be selected from the Controlled Vocabulary for ac:subjectPart. It is best practice to use ac:subjectPart instead of ac:subjectPartLiteral whenever practical.,,string,default,,,,,ac,http://rs.tdwg.org/ac/terms/subjectPartLiteral,recommended
organism-interaction-media,subjectPart,,,,,Subject Part,"The portion or product of organism morphology, behaviour, environment, etc. that is either predominantly shown or particularly well exemplified by the ac:Media resource.",,,string,default,,,,,ac,http://rs.tdwg.org/ac/terms/subjectPart,recommended
organism-interaction-media,subjectOrientationLiteral,,,,,Subject Orientation Literal,"Specific orientation (= direction, view angle) of the subject represented in the ac:Media resource with respect to the acquisition device, denoted by a controlled value string.",Values SHOULD be selected from the Controlled Vocabulary for ac:subjectOrientation. It is best practice to use ac:subjectOrientation instead of ac:subjectOrientationLiteral whenever practical.,,string,default,,,,,ac,http://rs.tdwg.org/ac/terms/subjectOrientationLiteral,recommended
organism-interaction-media,subjectOrientation,,,,,Subject Orientation,"Specific orientation (= direction, view angle) of the subject represented in the ac:Media resource with respect to the acquisition device.",,,string,default,,,,,ac,http://rs.tdwg.org/ac/terms/subjectOrientation,recommended
organism-interaction-media,physicalSetting,,,,,Physical Setting,"The setting of the content represented in an ac:Media resource, such as images, sounds, and movies if the provider deems them relevant.",,,string,default,,,,,ac,http://rs.tdwg.org/ac/terms/physicalSetting,recommended
organism-interaction-reference,reference_fk,fk,mentioned in,bibliographic-resource,reference_pk,Reference (Foreign Key),An identifier for a dcterms:BibliographicResource.,The value in this field MAY be changed in aggregation to preserve the relationship to the related primary key.,,string,default,FALSE,FALSE,,,dwc,http://rs.tdwg.org/dwc/terms/referenceID,recommended
organism-interaction-reference,organismInteraction_fk,fk,mentioned,organism-interaction,organismInteraction_pk,Organism Interaction (Foreign Key),An identifier for a dwc:OrganismInteraction.,The value in this field MAY be changed in aggregation to preserve the relationship to the related primary key.,,string,default,FALSE,TRUE,,,dwc,http://rs.tdwg.org/dwc/terms/organismInteractionID,recommended
organism-interaction-reference,relationshipType,,,,,Relationship Type,A relationship of a subject resource to a dcterms:BibliographicResource.,Recommended best practice is to use a controlled vocabulary.,`cited in`; `referenced`,string,default,,,,,dwc,http://rs.tdwg.org/dwc/terms/relationshipOfResource,recommended
organism-reference,organism_fk,fk,mentioned,organism,organism_pk,Organism (Foreign Key),An identifier for a dwc:Organism.,The value in this field MAY be changed in aggregation to preserve the relationship to the related primary key.,,string,default,FALSE,TRUE,,,dwc,http://rs.tdwg.org/dwc/terms/organismID,recommended
organism-reference,reference_fk,fk,mentioned in,bibliographic-resource,reference_pk,Reference (Foreign Key),An identifier for a dcterms:BibliographicResource.,The value in this field MAY be changed in aggregation to preserve the relationship to the related primary key.,,string,default,FALSE,FALSE,,,dwc,http://rs.tdwg.org/dwc/terms/referenceID,recommended
organism-reference,relationshipType,,,,,Relationship Type,A relationship of a subject resource to a dcterms:BibliographicResource.,Recommended best practice is to use a controlled vocabulary.,`cited in`; `referenced`,string,default,,,,,dwc,http://rs.tdwg.org/dwc/terms/relationshipOfResource,recommended
organism-relationship,organismRelationshipID,wpk,,,,Organism Relationship ID,An identifier for a dwc:ResourceRelationship.,The value in this field MUST be preserved in aggregation. Recommended best practice is to use a globally unique identifier.,,string,default,,,,,dwc,http://rs.tdwg.org/dwc/terms/resourceRelationshipID,recommended
organism-relationship,subjectOrganism_fk,fk,of,organism,organism_pk,Subject Organism (Foreign Key),An identifier for the dwc:Organism that is the subject of a dwc:ResourceRelationship.,The value in this field MAY be changed in aggregation to preserve the relationship to the related primary key.,,string,default,FALSE,TRUE,,,dwc,http://rs.tdwg.org/dwc/terms/organismID,recommended
organism-relationship,relationshipType,,,,,Relationship Type,A relationship of a subject resource (identified by dwc:subjectOrganismID) to a related resource (identified by dwc:relatedOrganismID).,Recommended best practice is to use a controlled vocabulary.,`same as`; `duplicate of`; `mother of`; `offspring of`; `sibling of`; `parasite of`; `host of`; `valid synonym of`; `located within`; `pollinator of members of taxon`; `pollinated specific plant`; `pollinated by members of taxon`; `on slab with`,string,default,,,,,dwc,http://rs.tdwg.org/dwc/terms/relationshipOfResource,recommended
organism-relationship,relationshipTypeIRI,,,,,Relationship Type IRI,An IRI of a controlled vocabulary value for the type of a dwc:ResourceRelationship.,Recommended best practice is to use an IRI for a term in a controlled vocabulary.,`http://purl.obolibrary.org/obo/RO_0002456` (for the relation pollinated by); `http://purl.obolibrary.org/obo/RO_0002455` (for the relation pollinates); `https://www.inaturalist.org/observation_fields/879` (for the relation eaten by),string,default,,,,,dwc,http://rs.tdwg.org/dwc/terms/relationshipOfResource,recommended
organism-relationship,relationshipTypeSource,,,,,Relationship Type Source,A reference to a controlled vocabulary in which the definition of a value in dwc:relationshipType is given.,,,string,default,,,,,dc,http://purl.org/dc/elements/1.1/source,recommended
organism-relationship,relatedOrganism_fk,fk,to,organism,organism_pk,Related Organism (Foreign Key),An identifier for the related dwc:Organism (the object) of a dwc:ResourceRelationship.,The value in this field MAY be changed in aggregation to preserve the relationship to the related primary key.,,string,default,FALSE,FALSE,,,dwc,http://rs.tdwg.org/dwc/terms/organismID,recommended
organism-relationship,relatedOrganismID,wfk,to,organism,organismID,Related Organism ID,An identifier for the related dwc:Organism (the object) of a dwc:ResourceRelationship.,The value in this field MAY refer to a dwc:Organism within or external to the dataset in which this record originated.,,string,default,FALSE,FALSE,,,dwc,http://rs.tdwg.org/dwc/terms/organismID,recommended
organism-relationship,externalRelatedOrganismID,,,,,External Related Organism ID,An identifier for the related dwc:Organism (the object) of a dwc:ResourceRelationship that is not within the same dataset.,Recommended best practice is to use a globally unique identifier.,,string,default,,,,,dwc,http://rs.tdwg.org/dwc/terms/organismID,recommended
organism-relationship,externalRelatedOrganismSource,,,,,External Related Organism Source,A reference to a source outside the dataset where the related dwc:Organism record can be found.,,,string,default,,,,,dc,http://purl.org/dc/elements/1.1/source,recommended
organism-relationship,relationshipAccordingTo,,,,,Relationship According To,A name of a dcterms:Agent responsible for asserting a dwc:ResourceRelationship.,,,string,default,,,,,dwc,http://rs.tdwg.org/dwc/terms/relationshipAccordingTo,recommended
organism-relationship,relationshipAccordingTo_fk,fk,according to,agent,agent_pk,Relationship According To (Foreign Key),An identifier for a dcterms:Agent responsible for asserting a dwc:ResourceRelationship.,The value in this field MAY be changed in aggregation to preserve the relationship to the related primary key.,,string,default,FALSE,FALSE,,,dwc,http://rs.tdwg.org/dwc/terms/agentID,recommended
organism-relationship,relationshipAccordingToID,wfk,according to,agent,agentID,Relationship According To ID,An identifier for a dcterms:Agent responsible for asserting a dwc:ResourceRelationship.,The value in this field MAY refer to a dcterms:Agent within or external to the dataset in which this record originated.,`https://orcid.org/0000-0002-1825-0097`,string,default,FALSE,FALSE,,,dwc,http://rs.tdwg.org/dwc/terms/agentID,recommended
organism-relationship,relationshipEstablishedDate,,,,,Relationship Established Date,A date on which a dwc:ResourceRelationship was established.,Recommended best practice is to use a date that conforms to ISO 8601-1:2019.,,string,default,,,,,dwc,http://rs.tdwg.org/dwc/terms/relationshipEstablishedDate,recommended
organism-relationship,relationshipRemarks,,,,,Relationship Remarks,Comments or notes about a dwc:ResourceRelationship.,,,string,default,,,,,dwc,http://rs.tdwg.org/dwc/terms/relationshipRemarks,recommended
phylogenetic-tree,phylogeneticTree_pk,pk,,,,Phylogenetic Tree (Primary Key),A unique identifier for a dwc:PhylogeneticTree.,The value in this field MAY be changed in aggregation to guarantee uniqueness.,,string,default,TRUE,TRUE,,,,,defer
phylogenetic-tree,phylogeneticTreeID,,,,,Phylogenetic Tree ID,An identifier for a dwc:PhylogeneticTree.,The value in this field MUST be preserved in aggregation. Recommended best practice is to use a globally unique identifier.,,string,default,,,,,,,defer
phylogenetic-tree,phylogeneticTreeProtocol,,,,,Phylogenetic Tree Protocol,A description of or reference to a dwc:Protocol used to make a dwc:PhylogeneticTree.,,,string,default,,,,,,,defer
phylogenetic-tree,phylogeneticTreeProtocol_fk,fk,,protocol,protocol_pk,Phylogenetic Tree Protocol (Foreign Key),An identifier for a dwc:Protocol used to make a dwc:PhylogeneticTree.,The value in this field MAY be changed in aggregation to preserve the relationship to the related primary key.,,string,default,FALSE,FALSE,,,,,defer
phylogenetic-tree,phylogeneticTreeReference,,,,,Phylogenetic Tree Reference,A dcterms:BibliographicResource in which a dwc:PhylogeneticTree is mentioned.,,,string,default,,,,,,,defer
phylogenetic-tree,phylogeneticTreeReferenceID - change to referenceID,wfk,,bibliographic-resource,referenceID,Phylogenetic Tree Reference ID,An identifier for a dcterms:BibliographicResource in which a Phylogenetic Tree is presented.,The value in this field MAY refer to a dcterms:BibliographicResource within or external to the dataset in which this record originated.,,string,default,FALSE,FALSE,,,,,defer
phylogenetic-tree,phylogeneticTreeRemarks,,,,,Phylogenetic Tree Remarks,Comments or notes about a dwc:PhylogeneticTree.,,,string,default,,,,,,,defer
phylogenetic-tree-assertion,phylogeneticTree_fk,fk,,phylogenetic-tree,phylogeneticTree_pk,Phylogenetic Tree (Foreign Key),An identifier for a dwc:PhylogeneticTree.,The value in this field MAY be changed in aggregation to preserve the relationship to the related primary key.,,string,default,FALSE,TRUE,,,,,defer
phylogenetic-tree-assertion,assertionID,,,,,Assertion ID,An identifier for a dwc:Assertion.,Recommended best practice is to use a globally unique identifier.,,string,default,TRUE,FALSE,,,dwc,http://rs.tdwg.org/dwc/terms/assertionID,defer
phylogenetic-tree-assertion,verbatimAssertionType,,,,,Verbatim Assertion Type,A string representing the type of dwc:Assertion as it appeared in the original record.,"This term is meant to allow the capture of an unaltered original name for a dwc:assertionType. This term is meant to be used in addition to dwc:assertionType, not instead of it.",`water_temp`; `Fish biomass`; `sampling net mesh size`,string,default,,,,,dwc,http://rs.tdwg.org/dwc/terms/verbatimAssertionType,defer
phylogenetic-tree-assertion,assertionType,,,,,Assertion Type,A category that best matches the nature of a dwc:Assertion.,"Recommended best practice is to use a controlled vocabulary. This term has an equivalent in the dwciri: namespace that allows only an IRI as a value, whereas this term allows for any string literal value.",`tail length`; `temperature`; `trap line length`; `survey area`; `trap type`,string,default,,,,,dwc,http://rs.tdwg.org/dwc/terms/assertionType,defer
phylogenetic-tree-assertion,assertionTypeIRI,,,,,Assertion Type IRI,An IRI of a controlled vocabulary value for a type of dwc:Assertion.,Recommended best practice is to use an IRI for a term in a controlled vocabulary.,,string,default,,,,,dwciri,http://rs.tdwg.org/dwc/iri/measurementType,defer
phylogenetic-tree-assertion,assertionTypeSource,,,,,Assertion Type Source,A reference to the controlled vocabulary in which the definition of a value in dwc:assertionType is given.,,,string,default,,,,,dc,http://purl.org/dc/elements/1.1/source,defer
phylogenetic-tree-assertion,assertionMadeDate,,,,,Assertion Made Date,A date on which a dwc:Assertion was created.,Recommended best practice is to use a date that conforms to ISO 8601-1:2019.,`1963-03-08T14:07-06:00` (8 Mar 1963 at or after 2:07pm and before 2:08pm in the time zone six hours earlier than UTC); `2009-02-20T08:40Z` (20 February 2009 at or after 8:40am and before 8:41 UTC); `2018-08-29T15:19` (29 August 2018 at or after 3:19pm and before 3:20pm local time); `1809-02-12` (within the day 12 February 1809); `1906-06` (in the month of June 1906); `1971` (in the year 1971); `2007-03-01T13:00:00Z/2008-05-11T15:30:00Z` (some time within the interval beginning 1 March 2007 at 1pm UTC and before 11 May 2008 at 3:30pm UTC); `1900/1909` (some time within the interval between the beginning of the year 1900 and before the year 1909); `2007-11-13/15` (some time in the interval between the beginning of 13 November 2007 and before 15 November 2007),string,default,,,,,dwc,http://rs.tdwg.org/dwc/terms/assertionMadeDate,defer
phylogenetic-tree-assertion,assertionEffectiveDate,,,,,Assertion Effective Date,A date on which a state or measurement of a dwc:Assertion was deemed to first be in effect.,Recommended best practice is to use a date that conforms to ISO 8601-1:2019.,`1963-03-08T14:07-06:00` (8 Mar 1963 at or after 2:07pm and before 2:08pm in the time zone six hours earlier than UTC); `2009-02-20T08:40Z` (20 February 2009 at or after 8:40am and before 8:41 UTC); `2018-08-29T15:19` (29 August 2018 at or after 3:19pm and before 3:20pm local time); `1809-02-12` (within the day 12 February 1809); `1906-06` (in the month of June 1906); `1971` (in the year 1971); `2007-03-01T13:00:00Z/2008-05-11T15:30:00Z` (some time within the interval beginning 1 March 2007 at 1pm UTC and before 11 May 2008 at 3:30pm UTC); `1900/1909` (some time within the interval between the beginning of the year 1900 and before the year 1909); `2007-11-13/15` (some time in the interval between the beginning of 13 November 2007 and before 15 November 2007),string,default,,,,,dwc,http://rs.tdwg.org/dwc/terms/assertionEffectiveDate,defer
phylogenetic-tree-assertion,assertionValue,,,,,Assertion Value,An asserted value.,,,string,default,,,,,dwc,http://rs.tdwg.org/dwc/terms/assertionValue,defer
phylogenetic-tree-assertion,assertionValueIRI,,,,,Assertion Value IRI,An IRI of the controlled vocabulary value for a value of a dwc:Assertion.,Recommended best practice is to use an IRI for a term in a controlled vocabulary.,,string,default,,,,,dwciri,http://rs.tdwg.org/dwc/iri/measurementValue,defer
phylogenetic-tree-assertion,assertionValueSource,,,,,Assertion Value Source,A reference to a controlled vocabulary in which the definition of a value in dwc:assertionValue is given.,,,string,default,,,,,dc,http://purl.org/dc/elements/1.1/source,defer
phylogenetic-tree-assertion,assertionUnit,,,,,Assertion Unit,Unit associated with the value in dwc:assertionValue.,"Recommended best practice is to use a controlled vocabulary such as the Ontology of Units of Measure http://www.wurvoc.org/vocabularies/om-1.8/ of SI units, derived units, or other non-SI units accepted for use within the SI. For units that are composed of multiple parts, use the patterns as given in ""A Primer for Communicating Mathematics via Plain Text"" (https://cse.sc.edu/~fenner/latex-ASCII.pdf) by Stephen Fenner (e.g., `g/cm^3` for grams per cubic centimeter). For other units, provide the value as a recognizable standard (e.g., '%') or written out in full and in the plural (e.g., `individuals`). It is fine to provide non-SI units in the original language of the dataset.",`m`; `s`; `g`; `ml`,string,default,,,,,dwc,http://rs.tdwg.org/dwc/terms/assertionUnit,defer
phylogenetic-tree-assertion,assertionUnitIRI,,,,,Assertion Unit IRI,An IRI of a controlled vocabulary value for the unit of a dwc:assertionValue.,Recommended best practice is to use an IRI for a term in a controlled vocabulary.,,string,default,,,,,dwciri,http://rs.tdwg.org/dwc/iri/assertionUnit,defer
phylogenetic-tree-assertion,assertionUnitSource,,,,,Assertion Unit Source,A reference to a controlled vocabulary in which the definition of the value in dwc:assertionUnit is given.,,,string,default,,,,,dc,http://purl.org/dc/elements/1.1/source,defer
phylogenetic-tree-assertion,assertionError,,,,,Assertion Error,A description of the potential error associated with a dwc:assertionValue.,,`0.01`; `normal distribution with variation of 2 m`,string,default,,,,,dwc,http://rs.tdwg.org/dwc/terms/assertionError,defer
phylogenetic-tree-assertion,assertionBy,,,,,Assertion By,A list (concatenated and separated) of names of dcterms:Agents responsible for making a dwc:Assertion.,Recommended best practice is to separate the values in a list with space vertical bar space (` | `).,,string,default,,,,,dwc,http://rs.tdwg.org/dwc/terms/assertionBy,defer
phylogenetic-tree-assertion,assertionByID,wfk,,agent,agentID,Assertion By ID,An identifier for a dcterms:Agent responsible for making a dwc:Assertion.,The value in this field MAY refer to a dcterms:Agent within or external to the dataset in which this record originated.,,string,default,FALSE,FALSE,,,dwc,http://rs.tdwg.org/dwc/terms/agentID,defer
phylogenetic-tree-assertion,assertionProtocols,,,,,Assertion Protocols,"Names of, references to, or descriptions of dwc:Protocols used in making a dwc:Assertion.",,,string,default,,,,,dwc,http://rs.tdwg.org/dwc/terms/assertionProtocols,defer
phylogenetic-tree-assertion,assertionProtocol_fk,fk,,protocol,protocol_pk,Assertion Protocol (Foreign Key),An identifier for a dwc:Protocol used to make a dwc:Assertion.,The value in this field MAY be changed in aggregation to preserve the relationship to the related primary key.,,string,default,FALSE,FALSE,,,dwc,http://rs.tdwg.org/dwc/terms/protocolID,defer
phylogenetic-tree-assertion,assertionReferences,,,,,Assertion References,A list (concatenated and separated) of dcterms:BibliographicResources associated with a dwc:Assertion.,Recommended best practice is to separate the values in a list with space vertical bar space (` | `).,,string,default,,,,,dwc,http://rs.tdwg.org/dwc/terms/assertionReferences,defer
phylogenetic-tree-assertion,assertionRemarks,,,,,Assertion Remarks,Comments or notes about a dwc:Assertion.,,,string,default,,,,,dwc,http://rs.tdwg.org/dwc/terms/assertionRemarks,defer
phylogenetic-tree-identifier,phylogeneticTree_fk,fk,,phylogenetic-tree,phylogeneticTree_pk,Phylogenetic Tree (Foreign Key),An identifier for a dwc:PhylogeneticTree.,The value in this field MAY be changed in aggregation to preserve the relationship to the related primary key.,,string,default,FALSE,TRUE,,,,,defer
phylogenetic-tree-identifier,identifier,,,,,Identifier,An unambiguous reference to a resource within a given context.,Recommended best practice is to identify a resource by means of a string conforming to a formal identification system.,,string,default,FALSE,TRUE,,,,http://www.w3.org/2004/02/skos/core#notation,defer
phylogenetic-tree-identifier,identifierType,,,,,Identifier Type,A category or system that best matches the nature of an identifier (skos:notation).,Recommended best practice is to use a controlled vocabulary.,,string,default,,,,,,http://purl.org/dc/elements/1.1/type,defer
phylogenetic-tree-identifier,identifierTypeIRI,,,,,Identifier Type IRI,An IRI of a controlled vocabulary value for a type of identifier.,Recommended best practice is to use an IRI for a term in a controlled vocabulary.,,string,default,,,,,,http://purl.org/dc/terms/type,defer
phylogenetic-tree-identifier,identifierTypeSource,,,,,Identifier Type Source,A reference to a controlled vocabulary in which the definition of a value in dwc:identifierType is given.,,,string,default,,,,,,http://purl.org/dc/elements/1.1/source,defer
phylogenetic-tree-identifier,identifierLanguage,,,,,Identifier Language,A language in which an identifier is presented.,Recommended best practice is to use an ISO639-2 three-letter language code.,,string,default,,,,,,http://purl.org/dc/elements/1.1/language,defer
phylogenetic-tree-media,media_fk,fk,,media,media__pk,Media (Foreign Key),An identifier for an ac:Media resource.,The value in this field MAY be changed in aggregation to preserve the relationship to the related primary key.,,string,default,FALSE,TRUE,,,dcterms,http://purl.org/dc/terms/identifier,defer
phylogenetic-tree-media,phylogeneticTree_fk,fk,,phylogenetic-tree,phylogeneticTree_pk,Phylogenetic Tree (Foreign Key),An identifier for a dwc:PhylogeneticTree.,The value in this field MAY be changed in aggregation to preserve the relationship to the related primary key.,,string,default,FALSE,TRUE,,,dcterms,http://purl.org/dc/terms/identifier,defer
phylogenetic-tree-media,subjectCategory,,,,,Subject Category,A category for the content of an ac:Media resource.,Recommended best practice is to use a controlled vocabulary.,,string,default,,,,,,,defer
phylogenetic-tree-media,subjectCategoryIRI,,,,,Subject Category IRI,An IRI of a controlled vocabulary value for the subject category of an ac:Media resource.,Recommended best practice is to use a controlled vocabulary.,,string,default,,,,,,,defer
phylogenetic-tree-media,subjectCategorySource,,,,,Subject Category Source,A reference to a controlled vocabulary in which the definition of a value in dwc:subjectCategory is given.,"The Audiovisual Core recommended vocabularies do not need to be cited here. There is no required linkage between individual Subject Category terms and the vocabulary; the mechanism is intended to support discovery of the normative URI for a term, but not guarantee it.",,string,default,,,,,,http://rs.tdwg.org/ac/terms/subjectCategorySource,defer
phylogenetic-tree-media,subjectPartLiteral,,,,,Subject Part Literal,"The portion or product of organism morphology, behaviour, environment, etc. that is either predominantly shown or particularly well exemplified by the ac:Media resource, denoted by a controlled value string.",Values SHOULD be selected from the Controlled Vocabulary for ac:subjectPart. It is best practice to use ac:subjectPart instead of ac:subjectPartLiteral whenever practical.,,string,default,,,,,,http://rs.tdwg.org/ac/terms/subjectPartLiteral,defer
phylogenetic-tree-media,subjectPart,,,,,Subject Part,"The portion or product of organism morphology, behaviour, environment, etc. that is either predominantly shown or particularly well exemplified by the ac:Media resource.",,,string,default,,,,,,http://rs.tdwg.org/ac/terms/subjectPart,defer
phylogenetic-tree-media,subjectOrientationLiteral,,,,,Subject Orientation Literal,"Specific orientation (= direction, view angle) of the subject represented in the ac:Media resource with respect to the acquisition device, denoted by a controlled value string.",Values SHOULD be selected from the Controlled Vocabulary for ac:subjectOrientation. It is best practice to use ac:subjectOrientation instead of ac:subjectOrientationLiteral whenever practical.,,string,default,,,,,,http://rs.tdwg.org/ac/terms/subjectOrientationLiteral,defer
phylogenetic-tree-media,subjectOrientation,,,,,Subject Orientation,"Specific orientation (= direction, view angle) of the subject represented in the ac:Media resource with respect to the acquisition device.",,,string,default,,,,,,http://rs.tdwg.org/ac/terms/subjectOrientation,defer
phylogenetic-tree-media,physicalSetting,,,,,Physical Setting,"The setting of the content represented in an ac:Media resource, such as images, sounds, and movies if the provider deems them relevant.",,,string,default,,,,,,http://rs.tdwg.org/ac/terms/physicalSetting,defer
phylogenetic-tree-protocol,phylogeneticTree_fk,fk,,phylogenetic-tree,phylogeneticTree_pk,Phylogenetic Tree (Foreign Key),An identifier for a dwc:PhylogeneticTree.,The value in this field MAY be changed in aggregation to preserve the relationship to the related primary key.,,string,default,FALSE,TRUE,,,,,defer
phylogenetic-tree-protocol,protocol_fk,fk,,protocol,protocol_pk,Protocol (Foreign Key),An identifier for a dwc:Protocol.,The value in this field MAY be changed in aggregation to preserve the relationship to the related primary key.,,string,default,FALSE,TRUE,,,dwc,http://rs.tdwg.org/dwc/terms/protocolID,defer
phylogenetic-tree-tip,phylogeneticTreeTip_pk,pk,,,,Phylogenetic Tree Tip (Primary Key),A unique identifier for a dwc:PhylogeneticTreeTip.,The value in this field MAY be changed in aggregation to guarantee uniqueness.,,string,default,TRUE,TRUE,,,,,defer
phylogenetic-tree-tip,phylogeneticTreeTipID,,,,,Phylogenetic Tree Tip ID,An identifier for a dwc:PhylogeneticTreeTip.,The value in this field MUST be preserved in aggregation. Recommended best practice is to use a globally unique identifier.,,string,default,,,,,,,defer
phylogenetic-tree-tip,phylogeneticTree_fk,fk,,phylogenetic-tree,phylogeneticTree_pk,Phylogenetic Tree (Foreign Key),An identifier for a dwc:PhylogeneticTree.,The value in this field MAY be changed in aggregation to preserve the relationship to the related primary key.,,string,default,FALSE,TRUE,,,,,defer
phylogenetic-tree-tip,phylogeneticTreeTipLabel,,,,,Phylogenetic Tree Tip Label,A label applied to a dwc:PhylogeneticTreeTip.,,`Ministrymon sp. nov. 1`,string,default,,,,,,,defer
phylogenetic-tree-tip,taxonID,,,,,Taxon ID,An identifier for a dwc:Taxon.,"In DwC-DP, the taxonID is always an external link to a taxon record. As such, if present, it should be a resolvable globally unique identifier. See the Identifiers section of https://github.com/CatalogueOfLife/coldp/blob/master/README.md.",,string,default,,,,,,http://rs.tdwg.org/dwc/terms/taxonID,defer
phylogenetic-tree-tip,scientificName,,,,,Scientific Name,"A scientific name string, not including authorship, date or identification qualifiers.",,`Coleoptera` (order); `Vespertilionidae` (family); `Manis` (genus); `Ctenomys sociabilis` (genus + specificEpithet); `Ambystoma tigrinum diaboli` (genus + specificEpithet + infraspecificEpithet); `Quercus agrifolia var. oxyadenia` (genus + specificEpithet + taxonRank + infraspecificEpithet); `×Agropogon littoralis`; `Mentha ×smithiana`; `Agrostis stolonifera L. × Polypogon monspeliensis`,string,default,,,,,,http://rs.tdwg.org/dwc/terms/scientificName,defer
phylogenetic-tree-tip,materialEntityID,wfk,,material,materialEntityID,Material Entity ID,An identifier for a dwc:MaterialEntity.,"Values of dwc:materialEntityID are intended to uniquely and persistently identify a particular dwc:MaterialEntity within some context. Examples of context include a particular sample collection, an organization, or the worldwide scale. Recommended best practice is to use a persistent, globally unique identifier. The identifier is bound to a physical object (a dwc:MaterialEntity) as opposed to a particular digital record (representation) of that physical object. The value in this field MAY refer to a dwc:MaterialEntity within or external to the dataset in which this record originated.",,string,default,FALSE,FALSE,,,,http://rs.tdwg.org/dwc/terms/materialEntityID,defer
phylogenetic-tree-tip,nucleotideSequence_fk,fk,,nucleotide-sequence,nucleotideSequence_pk,Nucleotide Sequence (Foreign Key),An identifier for a dwc:NucleotideSequence.,The value in this field MAY be changed in aggregation to preserve the relationship to the related primary key.,,string,default,FALSE,TRUE,,,dwc,http://rs.tdwg.org/dwc/terms/nucleotideSequenceID,defer
phylogenetic-tree-tip-assertion,phylogeneticTreeTip_fk,fk,,phylogenetic-tree-tip,phylogeneticTreeTip_pk,Phylogenetic Tree Tip (Foreign Key),An identifier for a dwc:PhylogeneticTreeTip.,The value in this field MAY be changed in aggregation to preserve the relationship to the related primary key.,,string,default,FALSE,TRUE,,,,,defer
phylogenetic-tree-tip-assertion,assertionID,,,,,Assertion ID,An identifier for a dwc:Assertion.,Recommended best practice is to use a globally unique identifier.,,string,default,TRUE,FALSE,,,dwc,http://rs.tdwg.org/dwc/terms/assertionID,defer
phylogenetic-tree-tip-assertion,verbatimAssertionType,,,,,Verbatim Assertion Type,A string representing the type of dwc:Assertion as it appeared in the original record.,"This term is meant to allow the capture of an unaltered original name for a dwc:assertionType. This term is meant to be used in addition to dwc:assertionType, not instead of it.",`water_temp`; `Fish biomass`; `sampling net mesh size`,string,default,,,,,dwc,http://rs.tdwg.org/dwc/terms/verbatimAssertionType,defer
phylogenetic-tree-tip-assertion,assertionType,,,,,Assertion Type,A category that best matches the nature of a dwc:Assertion.,"Recommended best practice is to use a controlled vocabulary. This term has an equivalent in the dwciri: namespace that allows only an IRI as a value, whereas this term allows for any string literal value.",`tail length`; `temperature`; `trap line length`; `survey area`; `trap type`,string,default,,,,,dwc,http://rs.tdwg.org/dwc/terms/assertionType,defer
phylogenetic-tree-tip-assertion,assertionTypeIRI,,,,,Assertion Type IRI,An IRI of a controlled vocabulary value for a type of dwc:Assertion.,Recommended best practice is to use an IRI for a term in a controlled vocabulary.,,string,default,,,,,dwciri,http://rs.tdwg.org/dwc/iri/measurementType,defer
phylogenetic-tree-tip-assertion,assertionTypeSource,,,,,Assertion Type Source,A reference to the controlled vocabulary in which the definition of a value in dwc:assertionType is given.,,,string,default,,,,,dc,http://purl.org/dc/elements/1.1/source,defer
phylogenetic-tree-tip-assertion,assertionMadeDate,,,,,Assertion Made Date,A date on which a dwc:Assertion was created.,Recommended best practice is to use a date that conforms to ISO 8601-1:2019.,`1963-03-08T14:07-06:00` (8 Mar 1963 at or after 2:07pm and before 2:08pm in the time zone six hours earlier than UTC); `2009-02-20T08:40Z` (20 February 2009 at or after 8:40am and before 8:41 UTC); `2018-08-29T15:19` (29 August 2018 at or after 3:19pm and before 3:20pm local time); `1809-02-12` (within the day 12 February 1809); `1906-06` (in the month of June 1906); `1971` (in the year 1971); `2007-03-01T13:00:00Z/2008-05-11T15:30:00Z` (some time within the interval beginning 1 March 2007 at 1pm UTC and before 11 May 2008 at 3:30pm UTC); `1900/1909` (some time within the interval between the beginning of the year 1900 and before the year 1909); `2007-11-13/15` (some time in the interval between the beginning of 13 November 2007 and before 15 November 2007),string,default,,,,,dwc,http://rs.tdwg.org/dwc/terms/assertionMadeDate,defer
phylogenetic-tree-tip-assertion,assertionEffectiveDate,,,,,Assertion Effective Date,A date on which a state or measurement of a dwc:Assertion was deemed to first be in effect.,Recommended best practice is to use a date that conforms to ISO 8601-1:2019.,`1963-03-08T14:07-06:00` (8 Mar 1963 at or after 2:07pm and before 2:08pm in the time zone six hours earlier than UTC); `2009-02-20T08:40Z` (20 February 2009 at or after 8:40am and before 8:41 UTC); `2018-08-29T15:19` (29 August 2018 at or after 3:19pm and before 3:20pm local time); `1809-02-12` (within the day 12 February 1809); `1906-06` (in the month of June 1906); `1971` (in the year 1971); `2007-03-01T13:00:00Z/2008-05-11T15:30:00Z` (some time within the interval beginning 1 March 2007 at 1pm UTC and before 11 May 2008 at 3:30pm UTC); `1900/1909` (some time within the interval between the beginning of the year 1900 and before the year 1909); `2007-11-13/15` (some time in the interval between the beginning of 13 November 2007 and before 15 November 2007),string,default,,,,,dwc,http://rs.tdwg.org/dwc/terms/assertionEffectiveDate,defer
phylogenetic-tree-tip-assertion,assertionValue,,,,,Assertion Value,An asserted value.,,,string,default,,,,,dwc,http://rs.tdwg.org/dwc/terms/assertionValue,defer
phylogenetic-tree-tip-assertion,assertionValueIRI,,,,,Assertion Value IRI,An IRI of the controlled vocabulary value for a value of a dwc:Assertion.,Recommended best practice is to use an IRI for a term in a controlled vocabulary.,,string,default,,,,,dwciri,http://rs.tdwg.org/dwc/iri/measurementValue,defer
phylogenetic-tree-tip-assertion,assertionValueSource,,,,,Assertion Value Source,A reference to a controlled vocabulary in which the definition of a value in dwc:assertionValue is given.,,,string,default,,,,,dc,http://purl.org/dc/elements/1.1/source,defer
phylogenetic-tree-tip-assertion,assertionUnit,,,,,Assertion Unit,Unit associated with the value in dwc:assertionValue.,"Recommended best practice is to use a controlled vocabulary such as the Ontology of Units of Measure http://www.wurvoc.org/vocabularies/om-1.8/ of SI units, derived units, or other non-SI units accepted for use within the SI. For units that are composed of multiple parts, use the patterns as given in ""A Primer for Communicating Mathematics via Plain Text"" (https://cse.sc.edu/~fenner/latex-ASCII.pdf) by Stephen Fenner (e.g., `g/cm^3` for grams per cubic centimeter). For other units, provide the value as a recognizable standard (e.g., '%') or written out in full and in the plural (e.g., `individuals`). It is fine to provide non-SI units in the original language of the dataset.",`m`; `s`; `g`; `ml`,string,default,,,,,dwc,http://rs.tdwg.org/dwc/terms/assertionUnit,defer
phylogenetic-tree-tip-assertion,assertionUnitIRI,,,,,Assertion Unit IRI,An IRI of a controlled vocabulary value for the unit of a dwc:assertionValue.,Recommended best practice is to use an IRI for a term in a controlled vocabulary.,,string,default,,,,,dwciri,http://rs.tdwg.org/dwc/iri/assertionUnit,defer
phylogenetic-tree-tip-assertion,assertionUnitSource,,,,,Assertion Unit Source,A reference to a controlled vocabulary in which the definition of the value in dwc:assertionUnit is given.,,,string,default,,,,,dc,http://purl.org/dc/elements/1.1/source,defer
phylogenetic-tree-tip-assertion,assertionError,,,,,Assertion Error,A description of the potential error associated with a dwc:assertionValue.,,`0.01`; `normal distribution with variation of 2 m`,string,default,,,,,dwc,http://rs.tdwg.org/dwc/terms/assertionError,defer
phylogenetic-tree-tip-assertion,assertionBy,,,,,Assertion By,A list (concatenated and separated) of names of dcterms:Agents responsible for making a dwc:Assertion.,Recommended best practice is to separate the values in a list with space vertical bar space (` | `).,,string,default,,,,,dwc,http://rs.tdwg.org/dwc/terms/assertionBy,defer
phylogenetic-tree-tip-assertion,assertionByID,wfk,,agent,agentID,Assertion By ID,An identifier for a dcterms:Agent responsible for making a dwc:Assertion.,The value in this field MAY refer to a dcterms:Agent within or external to the dataset in which this record originated.,,string,default,FALSE,FALSE,,,dwc,http://rs.tdwg.org/dwc/terms/agentID,defer
phylogenetic-tree-tip-assertion,assertionProtocols,,,,,Assertion Protocols,"Names of, references to, or descriptions of dwc:Protocols used in making a dwc:Assertion.",,,string,default,,,,,dwc,http://rs.tdwg.org/dwc/terms/assertionProtocols,defer
phylogenetic-tree-tip-assertion,assertionProtocol_fk,fk,,protocol,protocol_pk,Assertion Protocol (Foreign Key),An identifier for a dwc:Protocol used to make a dwc:Assertion.,The value in this field MAY be changed in aggregation to preserve the relationship to the related primary key.,,string,default,FALSE,FALSE,,,dwc,http://rs.tdwg.org/dwc/terms/protocolID,defer
phylogenetic-tree-tip-assertion,assertionReferences,,,,,Assertion References,A list (concatenated and separated) of dcterms:BibliographicResources associated with a dwc:Assertion.,Recommended best practice is to separate the values in a list with space vertical bar space (` | `).,,string,default,,,,,dwc,http://rs.tdwg.org/dwc/terms/assertionReferences,defer
phylogenetic-tree-tip-assertion,assertionRemarks,,,,,Assertion Remarks,Comments or notes about a dwc:Assertion.,,,string,default,,,,,dwc,http://rs.tdwg.org/dwc/terms/assertionRemarks,defer
protocol,protocol_pk,pk,,,,Protocol (Primary Key),A unique identifier for a dwc:Protocol.,The value in this field MAY be changed in aggregation to guarantee uniqueness.,,string,default,TRUE,TRUE,,,dwc,http://rs.tdwg.org/dwc/terms/protocolID,recommended
protocol,protocolID,wpk,,,,Protocol ID,An identifier for a dwc:Protocol.,The value in this field MUST be preserved in aggregation. Recommended best practice is to use a globally unique identifier.,,string,default,,,,,dwc,http://rs.tdwg.org/dwc/terms/protocolID,recommended
protocol,protocolType,,,,,Protocol Type,A category that best matches the nature of a dwc:Protocol.,Recommended best practice is to use a controlled vocabulary.,`measurement`; `georeference`; `chronometric age`; `chronometric age conversion`; `sampling effort`,string,default,,,,,dwc,http://rs.tdwg.org/dwc/terms/protocolType,recommended
protocol,protocolName,,,,,Protocol Name,A name of a dwc:Protocol.,`ad hoc observation`; `bottom trawl`; `point count`; `UV light trap`,,string,default,,,,,dcterms,http://purl.org/dc/terms/title,recommended
protocol,protocolDescription,,,,,Protocol Description,A detailed description of a dwc:Protocol.,,,string,default,,,,,dwc,http://rs.tdwg.org/dwc/terms/protocolDescription,recommended
protocol,protocolReferences,,,,,Protocol References,A list (concatenated and separated) of dcterms:BibliographicResources used in a dwc:Protocol.,Recommended best practice is to separate multiple values in a list with space vertical bar space (` | `).,"`Penguins from space: faecal stains reveal the location of emperor penguin colonies, https://doi.org/10.1111/j.1466-8238.2009.00467.x`",string,default,,,,,eco,http://rs.tdwg.org/eco/terms/protocolReferences,recommended
protocol,protocolRemarks,,,,,Protocol Remarks,Comments or notes about a dwc:Protocol.,,,string,default,,,,,dwc,http://rs.tdwg.org/dwc/terms/protocolRemarks,recommended
protocol-reference,reference_fk,fk,mentioned in,bibliographic-resource,reference_pk,Reference (Foreign Key),An identifier for a dcterms:BibliographicResource.,The value in this field MAY be changed in aggregation to preserve the relationship to the related primary key.,,string,default,FALSE,FALSE,,,dwc,http://rs.tdwg.org/dwc/terms/referenceID,recommended
protocol-reference,protocol_fk,fk,mentioned,protocol,protocol_pk,Protocol (Foreign Key),An identifier for a dwc:Protocol.,The value in this field MAY be changed in aggregation to preserve the relationship to the related primary key.,,string,default,FALSE,TRUE,,,dwc,http://rs.tdwg.org/dwc/terms/protocolID,recommended
protocol-reference,relationshipType,,,,,Relationship Type,A relationship of a subject resource to a dcterms:BibliographicResource.,Recommended best practice is to use a controlled vocabulary.,`cited in`; `referenced`,string,default,,,,,dwc,http://rs.tdwg.org/dwc/terms/relationshipOfResource,recommended
provenance,provenance_pk,pk,,,,Provenance (Primary Key),A unique identifier for a dwc:Provenance.,The value in this field MAY be changed in aggregation to guarantee uniqueness.,,string,default,TRUE,TRUE,,,dcterms,http://purl.org/dc/terms/identifier,recommended
provenance,provenanceID,wpk,,,,Provenance ID,An identifier for a dwc:Provenance.,The value in this field MUST be preserved in aggregation. Recommended best practice is to use a globally unique identifier.,,string,default,,,,,dcterms,http://purl.org/dc/terms/identifier,recommended
provenance,datasetName,,,,,Dataset Name,A name of a source dataset.,,`Grinnell Resurvey Mammals`; `Lacey Ctenomys Recaptures`,string,default,,,,,dwc,http://rs.tdwg.org/dwc/terms/datasetName,recommended
provenance,datasetID,,,,,Dataset ID,An identifier for a dataset from which data originated.,Recommended best practice is to use a globally unique identifier.,`b15d4952-7d20-46f1-8a3e-556a512b04c5`,string,default,,,,,dwc,http://rs.tdwg.org/dwc/terms/datasetID,recommended
provenance,fundingAttribution,,,,,Funding Attribution,A list (concatenated and separated) of names of the funding organizations or agencies that provided funding for a project.,"Specify the full official name of the funding body. This should include the complete name without abbreviations, unless the abbreviation is an official and commonly recognized form (e.g., NSF for the National Science Foundation). Recommended best practice is to separate the values in a list with space vertical bar space (` | `).",`Artsdatabanken`; `National Science Foundation`; `Norges forskningsråd`; `Ocean Census | Nippon Foundation`,string,default,,,,,ac,http://rs.tdwg.org/ac/terms/fundingAttribution,recommended
provenance,fundingAttribution_fk,fk,funded by,agent,agent_pk,Funding Attribution (Foreign Key),An identifier for a dcterms:Agent that financially supported a project.,The value in this field MAY be changed in aggregation to preserve the relationship to the related primary key.,,string,default,FALSE,FALSE,,,dwc,http://rs.tdwg.org/dwc/terms/fundingAttributionID,recommended
provenance,fundingAttributionID,wfk,funded by,agent,agentID,Funding Attribution ID,An identifier for a dcterms:Agent that financially supported a project.,"Provide a unique identifier for the funding body, such as an identifier used in governmental or international databases. If no official identifier exists, use a persistent and unique identifier within your organization or dataset. Recommended best practice is to separate the values in a list with space vertical bar space (` | `). The value in this field MAY refer to a dcterms:Agent within or external to the dataset in which this record originated.",`https://ror.org/00epmv149`; `https://ror.org/00epmv149 | https://ror.org/04jnzhb65`; `https://www.wikidata.org/wiki/Q13102615`,string,default,FALSE,FALSE,,,dwc,http://rs.tdwg.org/dwc/terms/fundingAttributionID,recommended
provenance,source,,,,,Source,A related resource from which this resource is derived.,The described resource may be derived from the related resource in whole or in part. Recommended best practice is to identify the related resource by means of a string conforming to a formal identification system.,,string,default,,,,,dc,http://purl.org/dc/elements/1.1/source,recommended
provenance,sourceIRI,,,,,Source IRI,An identifier for a resource from which this resource is derived.,This property is intended to be used with non-literal values. The described resource may be derived from the related resource in whole or in part. Best practice is to identify the related resource by means of a URI or a string conforming to a formal identification system.,,string,default,,,,,dcterms,http://purl.org/dc/terms/source,recommended
provenance,creator,,,,,Creator,A name of a dcterms:Agent primarily responsible for making the resource.,"Human readable, or doi number, or URL. Simple name of parent for human readable.",,string,default,,,,,dc,http://purl.org/dc/elements/1.1/creator,recommended
provenance,creator_fk,fk,created by,agent,agent_pk,Creator (Foreign Key),An identifier for a dcterms:Agent primarily responsible for making the resource.,The value in this field MAY be changed in aggregation to preserve the relationship to the related primary key.,,string,default,FALSE,FALSE,,,dwc,http://rs.tdwg.org/dwc/terms/agentID,recommended
provenance,creatorID,wfk,created by,agent,agentID,Creator ID,An identifier for a dcterms:Agent primarily responsible for making the resource.,The value in this field MAY refer to a dcterms:Agent within or external to the dataset in which this record originated.,`https://orcid.org/0000-0002-1825-0097`,string,default,FALSE,FALSE,,,dwc,http://rs.tdwg.org/dwc/terms/agentID,recommended
provenance,providerLiteral,,,,,Provider,A name of a dcterms:Agent responsible for presenting the ac:Media resource.,"If no separate Metadata Provider is given, this also attributes the metadata.",,string,default,,,,,ac,http://rs.tdwg.org/ac/terms/providerLiteral,recommended
provenance,provider_fk,fk,provided by,agent,agent_pk,Provider (Foreign Key),An identifier for a dcterms:Agent responsible for presenting the ac:Media resource.,The value in this field MAY be changed in aggregation to preserve the relationship to the related primary key.,,string,default,FALSE,FALSE,,,dwc,http://rs.tdwg.org/dwc/terms/agentID,recommended
provenance,providerID,wfk,provided by,agent,agentID,Provider ID,An identifier for a dcterms:Agent responsible for presenting the ac:Media resource.,The value in this field MAY refer to a dcterms:Agent within or external to the dataset in which this record originated.,`https://orcid.org/0000-0002-1825-0097`,string,default,FALSE,FALSE,,,dwc,http://rs.tdwg.org/dwc/terms/agentID,recommended
provenance,metadataCreatorLiteral,,,,,Metadata Creator,A name of a dcterms:Agent that created the resource metadata.,"See also the entry for ac:metadataCreator and the section Namespaces, Prefixes and Term Names in the Audiovisual Core Term List document for discussion of the rationale for separate terms taking URI values from those taking Literal values where both are possible. Normal practice is to use the same Label if both are provided. Labels have no effect on information discovery and are only suggestions.",,string,default,,,,,ac,http://rs.tdwg.org/ac/terms/metadataCreatorLiteral,recommended
provenance,metadataCreator_fk,fk,metadata created by,agent,agent_pk,Metadata Creator (Foreign Key),An identifier for a dcterms:Agent that created the resource metadata.,The value in this field MAY be changed in aggregation to preserve the relationship to the related primary key.,,string,default,FALSE,FALSE,,,dwc,http://rs.tdwg.org/dwc/terms/agentID,recommended
provenance,metadataCreatorID,wfk,metadata created by,agent,agentID,Metadata Creator ID,An identifier for a dcterms:Agent that created the resource metadata.,"See also the entry for ac:metadataCreatorLiteral and the section Namespaces, Prefixes and Term Names in the Audiovisual Core Term List document for discussion of the rationale for separate terms taking URI values from those taking Literal values where both are possible. Normal practice is to use the same Label if both are provided. Labels have no effect on information discovery and are only suggestions. The value in this field MAY refer to a dcterms:Agent within or external to the dataset in which this record originated.",`https://orcid.org/0000-0002-1825-0097`,string,default,FALSE,FALSE,,,dwc,http://rs.tdwg.org/dwc/terms/agentID,recommended
provenance,metadataProviderLiteral,,,,,Metadata Provider,A name of a dcterms:Agent that provided the resource metadata.,"Media resources and their metadata may be served from different institutions, e.g., in the case of aggregators adding user annotations, taxon identifications, or ratings. Compare Provider. See also the entry for ac:metadataProvider in this document and the section Namespaces, Prefixes and Term Names for discussion of the rationale for separate terms taking URI values from those taking Literal values where both are possible. Normal practice is to use the same Label if both are provided. Labels have no effect on information discovery and are only suggestions.",,string,default,,,,,ac,http://rs.tdwg.org/ac/terms/metadataProviderLiteral,recommended
provenance,metadataProvider_fk,fk,metadata provided by,agent,agent_pk,Metadata Provider (Foreign Key),An identifier for a dcterms:Agent that provided the resource metadata.,The value in this field MAY be changed in aggregation to preserve the relationship to the related primary key.,,string,default,FALSE,FALSE,,,dwc,http://rs.tdwg.org/dwc/terms/agentID,recommended
provenance,metadataProviderID,wfk,metadata provided by,agent,agentID,Metadata Provider ID,An identifier for a dcterms:Agent that provided the resource metadata.,"Media resources and their metadata may be served from different institutions, e.g., in the case of aggregators adding user annotations, taxon identifications, or ratings. Compare Provider. See also the entry for ac:metadataProviderLiteral and the section Namespaces, Prefixes and Term Names in the Audiovisual Core Term List document for discussion of the rationale for separate terms taking URI values from those taking Literal values where both are possible. Normal practice is to use the same Label if both are provided. Labels have no effect on information discovery and are only suggestions. The value in this field MAY refer to a dcterms:Agent within or external to the dataset in which this record originated.",`https://orcid.org/0000-0002-1825-0097`,string,default,FALSE,FALSE,,,dwc,http://rs.tdwg.org/dwc/terms/agentID,recommended
provenance,furtherInformationURL,,,,,Further Information URL,A URL of a website that provides additional information about the version of the ac:Media resource that is provided by the Service Access Point.,,,string,default,,,,,ac,http://rs.tdwg.org/ac/terms/furtherInformationURL,recommended
provenance,references,,,,,References,"A related resource that is referenced, cited, or otherwise pointed to by the described resource.",This property is intended to be used with non-literal values. This property is an inverse property of Is Referenced By.,,string,default,,,,,dcterms,http://purl.org/dc/terms/references,recommended
provenance,bibliographicCitation,,,,,Bibliographic Citation,A bibliographic reference for the resource.,"From Dublin Core, 'Recommended practice is to include sufficient bibliographic detail to identify the resource as unambiguously as possible.' The intended usage of this term in Darwin Core is to provide the preferred way to cite the resource itself. Note that the intended usage of dcterms:references in Darwin Core, by contrast, is to point to the definitive source representation of the resource, if one is available.",,string,default,,,,,dcterms,http://purl.org/dc/terms/bibliographicCitation,recommended
provenance,projectTitle,,,,,Project Title,A list (concatenated and separated) of titles or names for projects that contributed to a dwc:Event.,Use this term to provide the official name or title of a project as it is commonly known and cited. Avoid abbreviations unless they are widely understood. Recommended best practice is to separate the values in a list with space vertical bar space (` | `).,`Arctic Deep`; `Scalidophora i Noreg`; `The Nansen Legacy`; `Underwater Oases of the Mar del Plata Canyon: Talud Continental IV`,string,default,,,,,dwc,http://rs.tdwg.org/dwc/terms/projectTitle,recommended
provenance,projectID,,,,,Project ID,A list (concatenated and separated) of identifiers for projects that contributed to a dwc:Event.,"A projectID may be shared in multiple distinct datasets. The nature of the association can be described in the metadata project description element. This term should be used to provide a globally unique identifier (GUID) for a project, if available. This could be a DOI, URI, or any other persistent identifier that ensures a project can be uniquely distinguished from others. Recommended best practice is to separate the values in a list with space vertical bar space (` | `).",`https://arvenetternansen.com/`; `https://doi.org/10.26259/3b15eca7`; `https://doi.org/10.3030/101180559`; `OC202405`; `RCN276730`; `RCN276730 | Artsproject_7-24`,string,default,,,,,dwc,http://rs.tdwg.org/dwc/terms/projectID,recommended
provenance,feedbackURL,,,,,Feedback URL,A uniform resource locator (URL) that points to a webpage on which a form may be submitted to gather feedback about the record.,Recommended best practice is to optionally include query strings that act to pre-populate web page form elements and communicate the context.,`https://example.com/new?title=New+issue&body=This+comment+is+about+CAN12345`,string,default,,,,,dwc,http://rs.tdwg.org/dwc/terms/feedbackURL,recommended
resource-relationship,resourceRelationshipID,wpk,,,,Resource Relationship ID,An identifier for a dwc:ResourceRelationship.,The value in this field MUST be preserved in aggregation. Recommended best practice is to use a globally unique identifier.,,string,default,,,,,dwc,http://rs.tdwg.org/dwc/terms/resourceRelationshipID,recommended
resource-relationship,subjectResourceID,,,,,Subject Resource ID,An identifier for the resource that is the subject of a dwc:ResourceRelationship.,Recommended best practice is to use a globally unique identifier.,,string,default,FALSE,TRUE,,,dwc,http://rs.tdwg.org/dwc/terms/resourceID,recommended
resource-relationship,subjectResourceType,,,,,Subject Resource Type,A category that best matches the nature of a subject resource.,Recommended best practice is to use a controlled vocabulary consisting of the classes of resources that can be related to each other.,,string,default,,,,,dc,http://purl.org/dc/elements/1.1/type,recommended
resource-relationship,subjectResourceTypeIRI,,,,,Subject Resource Type IRI,An IRI of a controlled vocabulary value for the type of a subject resource.,Recommended best practice is to use an IRI for a term in a controlled vocabulary.,,string,default,,,,,dcterms,http://purl.org/dc/terms/type,recommended
resource-relationship,subjectResourceTypeSource,,,,,Subject Resource Type Source,A reference to a controlled vocabulary in which the definition of a value in dwc:subjectResourceType is given.,,,string,default,,,,,dc,http://purl.org/dc/elements/1.1/source,recommended
resource-relationship,relationshipType,,,,,Relationship Type,A relationship of a subject resource (identified by dwc:subjectResourceID) to a related resource (identified by dwc:relatedResourceID).,Recommended best practice is to use a controlled vocabulary.,`same as`; `duplicate of`; `mother of`; `offspring of`; `sibling of`; `parasite of`; `host of`; `valid synonym of`; `located within`; `pollinator of members of taxon`; `pollinated specific plant`; `pollinated by members of taxon`; `on slab with`,string,default,,,,,dwc,http://rs.tdwg.org/dwc/terms/relationshipOfResource,recommended
resource-relationship,relationshipTypeIRI,,,,,Relationship Type IRI,An IRI of a controlled vocabulary value for the type of a dwc:ResourceRelationship.,Recommended best practice is to use an IRI for a term in a controlled vocabulary.,`http://purl.obolibrary.org/obo/RO_0002456` (for the relation pollinated by); `http://purl.obolibrary.org/obo/RO_0002455` (for the relation pollinates); `https://www.inaturalist.org/observation_fields/879` (for the relation eaten by),string,default,,,,,dwc,http://rs.tdwg.org/dwc/terms/relationshipOfResourceID,recommended
resource-relationship,relationshipTypeSource,,,,,Relationship Type Source,A reference to a controlled vocabulary in which the definition of a value in dwc:relationshipType is given.,,,string,default,,,,,dc,http://purl.org/dc/elements/1.1/source,recommended
resource-relationship,relatedResourceID,,,,,Related Resource ID,An identifier for the related resource (the object) of a dwc:ResourceRelationship.,Recommended best practice is to use a globally unique identifier.,`dc609808-b09b-11e8-96f8-529269fb1459`,string,default,,,,,dwc,http://rs.tdwg.org/dwc/terms/relatedResourceID,recommended
resource-relationship,externalRelatedResourceID,,,,,External Related Resource ID,An identifier for the related resource (the object) of a dwc:ResourceRelationship that is not within the same dataset.,Recommended best practice is to use a globally unique identifier.,,string,default,,,,,dcterms,http://purl.org/dc/terms/identifier,recommended
resource-relationship,externalRelatedResourceSource,,,,,External Related Resource Source,A reference to a source outside the dataset where the related resource can be found.,,,string,default,,,,,dc,http://purl.org/dc/elements/1.1/source,recommended
resource-relationship,relatedResourceType,,,,,Related Resource Type,A category that best matches the nature of a related resource.,Recommended best practice is to use a controlled vocabulary consisting of the classes of resources that can be related to each other.,,string,default,,,,,dc,http://purl.org/dc/elements/1.1/type,recommended
resource-relationship,relatedResourceTypeIRI,,,,,Related Resource Type IRI,An IRI of a controlled vocabulary value for a type of related resource.,Recommended best practice is to use an IRI for a term in a controlled vocabulary.,,string,default,,,,,dcterms,http://purl.org/dc/terms/type,recommended
resource-relationship,relatedResourceTypeSource,,,,,Related Resource Type Source,A reference to a controlled vocabulary in which the definition of a value in dwc:relatedResourceType is given.,,,string,default,,,,,dc,http://purl.org/dc/elements/1.1/source,recommended
resource-relationship,relationshipAccordingTo,,,,,Relationship According To,A name of a dcterms:Agent responsible for asserting a dwc:ResourceRelationship.,,,string,default,,,,,dwc,http://rs.tdwg.org/dwc/terms/relationshipAccordingTo,recommended
resource-relationship,relationshipAccordingToID,,,,,Relationship According To ID,An identifier for a dcterms:Agent responsible for asserting a dwc:ResourceRelationship.,Recommended best practice is to use a globally unique identifier.,`https://orcid.org/0000-0002-1825-0097`,string,default,,,,,dwc,http://rs.tdwg.org/dwc/terms/agentID,recommended
resource-relationship,relationshipEstablishedDate,,,,,Relationship Established Date,A date-time or time interval during which a dwc:ResourceRelationship was established.,Recommended best practice is to use a date that conforms to ISO 8601-1:2019.,,string,default,,,,,dwc,http://rs.tdwg.org/dwc/terms/relationshipEstablishedDate,recommended
resource-relationship,relationshipRemarks,,,,,Relationship Remarks,Comments or notes about a dwc:ResourceRelationship.,,,string,default,,,,,dwc,http://rs.tdwg.org/dwc/terms/relationshipRemarks,recommended
survey,survey_pk,pk,,,,Survey (Primary Key),A unique identifier for an eco:Survey.,The value in this field MAY be changed in aggregation to guarantee uniqueness.,,string,default,TRUE,TRUE,,,dwc,http://rs.tdwg.org/eco/terms/surveyID,recommended
survey,surveyID,wpk,,,,Survey ID,An identifier for an eco:Survey.,The value in this field MUST be preserved in aggregation. Recommended best practice is to use a globally unique identifier.,,string,default,,,,,dwc,http://rs.tdwg.org/eco/terms/surveyID,recommended
survey,event_fk,fk,has context,event,event_pk,Event (Foreign Key),An identifier for a dwc:Event.,The value in this field MAY be changed in aggregation to preserve the relationship to the related primary key.,,string,default,FALSE,TRUE,,,dwc,http://rs.tdwg.org/dwc/terms/eventID,recommended
survey,surveySiteType,,,,,Survey Site Type,A spatial category of a sampling location for an eco:Survey.,"Recommended best practice is to use a controlled vocabulary. This term has an equivalent in the ecoiri: namespace that allows only an IRI as a value, whereas this term allows for any string literal value.",`horizontalTransect`; `verticalTransect`; `arealPlot`; `observationPoint`,string,default,,,,,eco,http://rs.tdwg.org/eco/terms/siteSurveyType,recommended
survey,siteCount,,,,,Site Count,Total number of individual sites surveyed during an eco:Survey.,Site refers to the dcterms:Location at which observations are made or samples/measurements are taken. The site can be at any level of hierarchy.,`1`; `15`,integer,default,,,1,,eco,http://rs.tdwg.org/eco/terms/siteCount,recommended
survey,siteNestingDescription,,,,,Site Nesting Description,Textual description of a hierarchical sampling design.,Site refers to the location at which observations are made or samples/measurements are taken. The site can be at any level of hierarchy.,`5 sampling sites of 3-5 plots each`,string,default,,,,,eco,http://rs.tdwg.org/eco/terms/siteNestingDescription,recommended
survey,verbatimSiteDescriptions,,,,,Verbatim Site Descriptions,Original textual description of the site(s).,Site refers to the dcterms:Location at which observations are made or samples/measurements are taken. The site can be at any level of hierarchy. Recommended best practice is to separate multiple values in a list with space vertical bar space ( | ).,"`Wet flatwoods | Wet depression surrounded by mesic longleaf pine flatwoods | Ground cover of thick Andropogon spp., Sporobolus floridanus, Vaccinium spp, Rhynchospora spp., Centella erecta, Panicum rigidulum.`",string,default,,,,,eco,http://rs.tdwg.org/eco/terms/verbatimSiteDescriptions,recommended
survey,verbatimSiteNames,,,,,Verbatim Site Names,A list (concatenated and separated) of original site names.,Site refers to the dcterms:Location at which observations are made or samples/measurements are taken. The site can be at any level of hierarchy. Recommended best practice is to separate multiple values in a list with space vertical bar space ( | ).,`East Coastal Fringe | St. Marks Wildlife Management Area`; `S1 | S2 | C1 | C2 | R14 | R22 | W1`,string,default,,,,,eco,http://rs.tdwg.org/eco/terms/verbatimSiteNames,recommended
survey,geospatialScopeAreaValue,,,,,Geospatial Scope Area Value,The numeric value for the total area of the geospatial scope of an eco:Survey.,Geospatial scope refers to the place described by a dcterms:Location. This area is always greater than or equal to the eco:totalAreaSampledValue because it reflects the targeted location for which an inventory is intended and informs the sampling design. An eco:geospatialScopeAreaValue must have a corresponding eco:geospatialScopeAreaUnit.,`25`,number,default,,,0,,eco,http://rs.tdwg.org/eco/terms/geospatialScopeAreaValue,recommended
survey,geospatialScopeAreaUnit,,,,,Geospatial Scope Area Unit,Units associated with a value in eco:geospatialScopeAreaValue.,"Recommended best practice is to use a controlled vocabulary. For units containing exponents, use characters from the Unicode Latin-1 Supplement character set (hex 00B2 for squared and 00B3 for cubed). This term has an equivalent in the dwciri: namespace that allows only an IRI as a value, whereas this term allows for any string literal value.",`km²`,string,default,,,,,eco,http://rs.tdwg.org/eco/terms/geospatialScopeAreaUnit,recommended
survey,totalAreaSampledUnit,,,,,Total Area Sampled Unit,Units associated with a value in eco:totalAreaSampledValue.,"Recommended best practice is to use a controlled vocabulary. For units containing exponents, use characters from the Unicode Latin-1 Supplement character set (hex 00B2 for squared and 00B3 for cubed). This term has an equivalent in the dwciri: namespace that allows only an IRI as a value, whereas this term allows for any string literal value.",`km²`,string,default,,,,,eco,http://rs.tdwg.org/eco/terms/totalAreaSampledUnit,recommended
survey,totalAreaSampledValue,,,,,Total Area Sampled Value,"A numeric value for the total area, volume or distance surveyed during the dwc:Survey.",This value is always less than or equal to the eco:geospatialScopeAreaValue because it reflects the portion of the geospatialScope that was actually sampled. An eco:totalAreaSampledValue must have a corresponding eco:totalAreaSampledUnit.,`0.8`,number,default,,,0,,eco,http://rs.tdwg.org/eco/terms/totalAreaSampledValue,recommended
survey,taxonCompletenessReported,,,,,Taxon Completeness Reported,Statement about whether the taxonomic completeness of an eco:Survey was assessed.,"This term is meant to alert users that the inventory was conducted in such a way that all of the target taxa (the combination of eco:targetTaxonomicScope and eco:excludedTaxonomicScope) should have been detectable if they were present during an eco:Survey. This term can provide data users with a qualitative measure of how comprehensively an area has been surveyed, which assists in interpreting species populations, areas of occupancy, inferring species absences, etc. This term is only relevant if an eco:Survey used restricted search or open search methods. If taxonomic completeness was assessed, the methods used or an explanation of the basis of the completeness should be stated in eco:taxonCompletenessProtocols. Recommended best practice is to use controlled value strings from the controlled vocabulary designated for use with this term, listed at http://rs.tdwg.org/dwc/doc/tcr/. This term has an equivalent in the ecoiri: namespace that allows only an IRI as a value, whereas this term allows for any string literal value.",`notReported`; `reportedComplete`; `reportedIncomplete`,string,default,,,,,eco,http://rs.tdwg.org/eco/terms/taxonCompletenessReported,recommended
survey,taxonCompletenessProtocols,,,,,Taxon Completeness Protocols,A description of or reference to the dwc:Protocols used to determine eco:taxonCompletenessReported.,"This term allows users to determine how comprehensively an area has been sampled. Recommended best practice is to separate multiple values in a list with space vertical bar space (` | `). This term has an equivalent in the dwciri: namespace that allows only an IRI as a value, whereas this term allows for any string literal value.",`census | based on sampling effort`; `based on species accumulation curves`,string,default,,,,,eco,http://rs.tdwg.org/eco/terms/taxonCompletenessProtocols,recommended
survey,isAbsenceReported,,,,,Is Absence Reported,Taxonomic absences were reported.,Absences can be reported at any taxonomic level. Recommended best practice is to follow the TDWG Boolean Controlled Vocabulary http://rs.tdwg.org/tag/doc/boolean/.,`true`; `false`,boolean,default,,,,,eco,http://rs.tdwg.org/eco/terms/isAbsenceReported,recommended
survey,absentTaxa,,,,,Absent Taxa,A list (concatenated and separated) of taxa reported absent during an eco:Survey,"Absences can be reported at any taxonomic level. This term refers to the list of taxa within an eco:targetTaxonomicScope that were not detected in an eco:Survey. Recommended best practice is to separate multiple values in a list with space vertical bar space ( | ). This term has an equivalent in the ecoiri: namespace that allows only an IRI as a value, whereas this term allows for any string literal value.",`Parabuteo unicinctus | Geranoaetus melanoleucus`; `Cetoniinae | Aclopinae | Cyclocephala modesta`,string,default,,,,,eco,http://rs.tdwg.org/eco/terms/absentTaxa,recommended
survey,hasNonTargetTaxa,,,,,Has Non Target Taxa,One or more dwc:Occurrences of taxa outside the target taxonomic scope (the combination of eco:targetTaxonomicScope and eco:excludedTaxonomicScope) were detected and reported for an eco:Survey.,"This term is meant to alert users to the presence of non-target taxa (in some disciplines called “bycatch”) reported in an eco:Survey. This term is relevant only if a target taxonomic scope is declared. Taxonomic scope is based on the combination of eco:targetTaxonomicScope and eco:excludedTaxonomicScope. Examination of the taxonomic scope is needed in order to identify the non-target taxa. It should be possible to confirm the expectations by investigating the dwc:Occurrences in an eco:Survey and in its child eco:Surveys (if available) or by exploring eco:nonTargetTaxa for an eco:Survey (if populated). The value of this term should be 'true' if dwc:Occurrences of taxa outside the taxonomic scope as defined at the time of an eco:Survey are reported, otherwise the value of this term should be 'false'. Recommended best practice is to follow the TDWG Boolean Controlled Vocabulary http://rs.tdwg.org/tag/doc/boolean/.",`true`; `false`,boolean,default,,,,,eco,http://rs.tdwg.org/eco/terms/hasNonTargetTaxa,recommended
survey,nonTargetTaxa,,,,,Non Target Taxa,A list (concatenated and separated) of taxa reported during an eco:Survey that are outside of the target taxonomic scope (the combination of eco:targetTaxonomicScope and eco:excludedTaxonomicScope).,"This term is meant to allow the full list of taxa that are considered outside of the taxonomic scope and yet were reported in an eco:Survey. This term is relevant only if a target taxonomic scope is declared and eco:hasNonTargetTaxa is ‘true’. Taxonomic scope is based on the combination of eco:targetTaxonomicScope and eco:excludedTaxonomicScope. Non-target taxa (in some disciplines called “bycatch”) can be reported at any taxonomic level. Recommended best practice is to separate multiple values in a list with space vertical bar space ( | ). This term has an equivalent in the ecoiri: namespace that allows only an IRI as a value, whereas this term allows for any string literal value.",`Parabuteo unicinctus | Geranoaetus melanoleucus`; `Cetoniinae | Aclopinae | Cyclocephala modesta`,string,default,,,,,eco,http://rs.tdwg.org/eco/terms/nonTargetTaxa,recommended
survey,areNonTargetTaxaFullyReported,,,,,Are Non Target Taxa Fully Reported,"Every dwc:Occurrence that was outside of the target taxonomic scope (the combination of eco:targetTaxonomicScope and eco:excludedTaxonomicScope) and detected during an eco:Survey, and that was detectable using the given protocol (given in eco:protocolDescriptions and dwc:samplingProtocol), was reported.","This term is meant to inform a user of the data whether there were non-target taxa that were detected, but left unreported. This term is only relevant if an eco:Survey used restricted search or open search methods and if a target taxonomic scope is declared. Taxonomic scope is based on the combination of eco:targetTaxonomicScope and eco:excludedTaxonomicScope. Within eco:Surveys that used either a restricted search or an open search method and declared a taxonomic scope, if all dwc:Occurrences that are not included within the target taxonomic scope and that were detected during an eco:Survey were reported, the value of this term should be 'true', otherwise the value of this term should be ‘false'. Recommended best practice is to follow the TDWG Boolean Controlled Vocabulary http://rs.tdwg.org/tag/doc/boolean/.",`true`; `false`,boolean,default,,,,,eco,http://rs.tdwg.org/eco/terms/areNonTargetTaxaFullyReported,recommended
survey,hasNonTargetOrganisms,,,,,Has Non Target Organisms,"One or more dwc:Occurrences outside the target organismal scopes (eco:targetDegreeOfEstablishmentScope, eco:targetGrowthFormScope, and eco:targetLifeStageScope) were detected and reported for an eco:Survey.","This term is meant to alert users to the presence of non-target organisms (in some disciplines called “bycatch”) reported in an eco:Survey. This term is relevant only if a target organismal scope is declared. Organismal scope is based on the combination of all of the following terms: eco:targetLifeStageScope, eco:excludedLifeStageScope, eco:targetDegreeOfEstablishmentScope, eco:excludedDegreeOfEstablishmentScope, eco:targetGrowthFormScope, and eco:excludedGrowthFormScope. Examination of the organismal scope is needed in order to identify the non-target dwc:Occurrences. It should be possible to confirm the expectations by investigating dwc:Occurrences in an eco:Survey and in its child eco:Surveys (if available). The value of this term should be 'true' if dwc:Occurrences outside the organismal scope(s) as defined at the time of an eco:Survey are reported, otherwise the value of this term should be 'false'. Recommended best practice is to follow the TDWG Boolean Controlled Vocabulary http://rs.tdwg.org/tag/doc/boolean/.",`true`; `false`,boolean,default,,,,,eco,http://rs.tdwg.org/eco/terms/hasNonTargetOrganisms,recommended
survey,verbatimTargetScope,,,,,Verbatim Target Scope,The verbatim original description of an eco:Survey scope.,"Recommended best practice is first to populate explicit scope terms to the fullest extent possible (e.g., eco:targetTaxonomicScope). It is not recommended to use this term in assessing absence or completeness.","`small mammals`; `freshwater macroinvertebrates`; `dead animals`, `ground-living insects`",string,default,,,,,eco,http://rs.tdwg.org/eco/terms/verbatimTargetScope,recommended
survey,identifiedBy,,,,,Identified By,A name for a dcterms:Agent responsible for making a dwc:Identification.,"When used in the context of a Survey, the subject consists of all of the dwc:Identifications related to the Event. Recommended best practice is to separate the values in a list with space vertical bar space (` | `).",`James L. Patton`; `Theodore Pappenfuss | Robert Macey`,string,default,,,,,dwc,http://rs.tdwg.org/dwc/terms/identifiedBy,recommended
survey,identifiedBy_fk,fk,identified by,agent,agent_pk,Identified By (Foreign Key),An identifier for a dcterms:Agent responsible for making a dwc:Identification.,The value in this field MAY be changed in aggregation to preserve the relationship to the related primary key.,,string,default,FALSE,FALSE,,,dwc,http://rs.tdwg.org/dwc/terms/identifiedByID,recommended
survey,identifiedByID,wfk,identifications by,agent,agentID,Identified By ID,An identifier for a dcterms:Agent responsible for making a dwc:Identification.,"When used in the context of a Survey, the subject consists of all of the dwc:Identifications related to the Survey. Recommended best practice is to provide a single identifier that disambiguates the details of the identifying dcterms:Agent. If a list is used, the order of the identifiers on the list should not be assumed to convey any semantics. Recommended best practice is to separate the values in a list with space vertical bar space (` | `). The value in this field MAY refer to a dcterms:Agent within or external to the dataset in which this record originated.",`https://orcid.org/0000-0002-1825-0097`,string,default,FALSE,FALSE,,,dwc,http://rs.tdwg.org/dwc/terms/identifiedByID,recommended
survey,identificationReferences,,,,,Identification References,A list (concatenated and separated) of dcterms:BibliographicResources used in a dwc:Identification.,"When used in the context of a Survey, the subject consists of all of the dwc:Identifications related to the Survey. Recommended best practice is to separate the values in a list with space vertical bar space (` | `).","`Aves del Noroeste Patagonico. Christie et al. 2004.`; `Stebbins, R. Field Guide to Western Reptiles and Amphibians. 3rd Edition. 2003. | Irschick, D.J. and Shaffer, H.B. (1997). The polytypic species revisited: Morphological differentiation among tiger salamanders (Ambystoma tigrinum) (Amphibia: Caudata). Herpetologica, 53(1), 30-49.`",string,default,,,,,dwc,http://rs.tdwg.org/dwc/terms/identificationReferences,recommended
survey,compilationTypes,,,,,Compilation Types,"A statement specifying whether data reported are derived from sampling events, ancillary data compiled from other sources, or a combination of both.","This term is only relevant if a dwc:Event is an inventory. Recommended best practice is to use a controlled vocabulary. Recommended best practice is to separate the values in a list with space vertical bar space (` | `). This term has an equivalent in the dwciri: namespace that allows only an IRI as a value, whereas this term allows for any string literal value.",`samplingEvents`; `compilationOfExistingSourcesAndSamplingEvents`; `compilationOfExistingSources`; `compilationOfExistingSourcesAndSamplingEvents | compilationOfExistingSources`,string,default,,,,,eco,http://rs.tdwg.org/eco/terms/compilationTypes,recommended
survey,compilationSourceTypes,,,,,Compilation Source Types,The types of data sources contributing to the compilation reported.,"This term is only relevant if a dwc:Event is a compilation in which one or more types of data sources were used. Recommended best practice is to use a controlled vocabulary and separate multiple values in a list with space vertical bar space (` | `). This term has an equivalent in the dwciri: namespace that allows only an IRI as a value, whereas this term allows for any string literal value.",`museumSpecimens`; `literature`; `expertKnowledge | localKnowledge`,string,default,,,,,eco,http://rs.tdwg.org/eco/terms/compilationSourceTypes,recommended
survey,inventoryTypes,,,,,Inventory Types,The types of search processes used to conduct an eco:Survey.,"This term is only relevant if an eco:Survey represents an inventory. Recommended best practice is to use a controlled vocabulary. Recommended best practice is to separate multiple values in a list with space vertical bar space ( | ). This term has an equivalent in the ecoiri: namespace that allows only an IRI as a value, whereas this term allows for any string literal value.",`restrictedSearch`; `openSearch`; `opportunisticSearch`; `adventitious`; `compilation`; `openSearch | opportunisticSearch`,string,default,,,,,eco,http://rs.tdwg.org/eco/terms/inventoryTypes,recommended
survey,protocolNames,,,,,Protocol Names,Categorical descriptive names for the methods used during an eco:Survey.,"Recommended best practice is to use a controlled vocabulary and separate multiple values in a list with space vertical bar space (` | `). This term has an equivalent in the dwciri: namespace that allows only an IRI as a value, whereas this term allows for any string literal value.",`boxTrapping`; `floraInventory`; `boxTrapping | funnelTrapping`,string,default,,,,,eco,http://rs.tdwg.org/eco/terms/protocolNames,recommended
survey,protocolDescriptions,,,,,Protocol Descriptions,A detailed description of the methods used during an eco:Survey.,"This description should be associated with protocols provided in eco:protocolNames. The description may include deviations from a protocol referred to in eco:protocolReferences. Recommended good practice is to provide information about instruments used, calibration, etc. Recommended best practice is to separate multiple values in a list with space vertical bar space (` | `).","`Three conventional harp traps (3.2m ht x 2.2m w) were established in flight path zones for a period of 4 hrs at dawn and dusk for a total of 10 trap nights. Traps were visited on an hourly basis during each deployment period and the trap catch recorded for species, size, weight, sex, age and maternal status.`",string,default,,,,,eco,http://rs.tdwg.org/eco/terms/protocolDescriptions,recommended
survey,protocolReferences,,,,,Protocol References,The references to the methods used during an eco:Survey.,Recommended best practice is to separate multiple values in a list with space vertical bar space (` | `).,"`Penguins from space: faecal stains reveal the location of emperor penguin colonies, https://doi.org/10.1111/j.1466-8238.2009.00467.x`",string,default,,,,,eco,http://rs.tdwg.org/eco/terms/protocolReferences,recommended
survey,isAbundanceReported,,,,,Is Abundance Reported,The number of dwc:Organisms collected or observed was reported.,Typically the abundance values would be reported in the dwc:organismQuantity and dwc:organismQuantityType terms for the child dwc:Occurrence records for an eco:Survey. Recommended best practice is to follow the TDWG Boolean Controlled Vocabulary http://rs.tdwg.org/tag/doc/boolean/.,`true`; `false`,boolean,default,,,,,eco,http://rs.tdwg.org/eco/terms/isAbundanceReported,recommended
survey,isAbundanceCapReported,,,,,Is Abundance Cap Reported,"A maximum number of dwc:Organisms was reported, as specified or restricted by the protocol used.",Values of abundance cap should be captured under the term eco:abundanceCap. Recommended best practice is to follow the TDWG Boolean Controlled Vocabulary http://rs.tdwg.org/tag/doc/boolean/.,`true`; `false`,boolean,default,,,,,eco,http://rs.tdwg.org/eco/terms/isAbundanceCapReported,recommended
survey,isLeastSpecificTargetCategoryQuantityInclusive,,,,,Is Least Specific Target Category Quantity Inclusive,The total detected quantity for a dwc:Taxon (including subcategories thereof) in an eco:Survey is given explicitly in a single record (dwc:organismQuantity value) for that dwc:Taxon.,"This term is only relevant if dwc:organismQuantity is a number. For a detailed explanation, see http://rs.tdwg.org/dwc/doc/inclusive/. Recommended best practice is to follow the TDWG Boolean Controlled Vocabulary http://rs.tdwg.org/tag/doc/boolean/.",`true`; `false`,boolean,default,,,,,eco,http://rs.tdwg.org/eco/terms/isLeastSpecificTargetCategoryQuantityInclusive,recommended
survey,hasVouchers,,,,,Has Vouchers,One or more specimen vouchers were collected during an eco:Survey.,Recommended best practice is to follow the TDWG Boolean Controlled Vocabulary http://rs.tdwg.org/tag/doc/boolean/.,`true`; `false`,boolean,default,,,,,eco,http://rs.tdwg.org/eco/terms/hasVouchers,recommended
survey,voucherInstitutions,,,,,Voucher Institutions,A list (concatenated and separated) of the names or acronyms of the institutions where vouchers collected during an eco:Survey were deposited.,Recommended best practice is to separate multiple values in a list with space vertical bar space ( | ).,`FMNH`; `AMNH | MVZ`; `Nairobi National Museum`,string,default,,,,,eco,http://rs.tdwg.org/eco/terms/voucherInstitutions,recommended
survey,hasMaterialSamples,,,,,Has Material Samples,One or more dwc:MaterialEntities were collected during an eco:Survey.,Recommended best practice is to follow the TDWG Boolean Controlled Vocabulary http://rs.tdwg.org/tag/doc/boolean/.,`true`; `false`,boolean,default,,,,,eco,http://rs.tdwg.org/eco/terms/hasMaterialSamples,recommended
survey,materialSampleTypes,,,,,Material Sample Types,A list (concatenated and separated) of material sample types collected during an eco:Survey.,"Recommended best practice is to use a controlled vocabulary and separate multiple values in a list with space vertical bar space (` | `). This term has an equivalent in the dwciri: namespace that allows only an IRI as a value, whereas this term allows for any string literal value.",`wholeOrganism`; `skeleton`; `tissue | blood | fecal | stomachContent`,string,default,,,,,eco,http://rs.tdwg.org/eco/terms/materialSampleTypes,recommended
survey,samplingProtocol,,,,,Sampling Protocol,"The names of, references to, or descriptions of the methods or protocols used during an eco:Survey.","Recommended best practice is describe an eco:Survey with no more than one sampling protocol. In the case of a summary eco:Survey with multiple protocols, in which a specific protocol can not be attributed to specific dwc:Occurrences, the recommended best practice is to separate the values in a list with space vertical bar space ( | ). This term has an equivalent in the dwciri: namespace that allows only an IRI as a value, whereas this term allows for any string literal value.","`UV light trap`; `mist net`; `bottom trawl`; `ad hoc observation | point count`; `Penguins from space: faecal stains reveal the location of emperor penguin colonies, https://doi.org/10.1111/j.1466-8238.2009.00467.x`; `Takats et al. 2001. Guidelines for Nocturnal Owl Monitoring in North America. Beaverhill Bird Observatory and Bird Studies Canada, Edmonton, Alberta. 32 pp., http://www.bsc-eoc.org/download/Owl.pdf`",string,default,,,,,dwc,http://rs.tdwg.org/dwc/terms/samplingProtocol,recommended
survey,samplingProtocol_fk,fk,followed,protocol,protocol_pk,Sampling Protocol (Foreign Key),An identifier for a dwc:Protocol used as a sampling protocol.,The value in this field MAY be changed in aggregation to preserve the relationship to the related primary key.,,string,default,FALSE,FALSE,,,dwc,http://rs.tdwg.org/dwc/terms/protocolID,recommended
survey,sampleSizeValue,,,,,Sample Size Value,"A numeric value for a measurement of the size (time duration, length, area, or volume) of a sample in a sampling dwc:Event.",A dwc:sampleSizeValue must have a corresponding dwc:sampleSizeUnit.,`5` (sampleSizeValue) with `metre` (sampleSizeUnit),string,default,,,,,dwc,http://rs.tdwg.org/dwc/terms/sampleSizeValue,recommended
survey,sampleSizeUnit,,,,,Sample Size Unit,"The unit of measurement of the size (time duration, length, area, or volume) of a sample in a sampling dwc:Event.","A dwc:sampleSizeUnit must have a corresponding dwc:sampleSizeValue, e.g., `5` for dwc:sampleSizeValue with `m` for dwc:sampleSizeUnit. This term has an equivalent in the dwciri: namespace that allows only an IRI as a value, whereas this term allows for any string literal value.",`minute`; `hour`; `day`; `metre`; `square metre`; `cubic metre`,string,default,,,,,dwc,http://rs.tdwg.org/dwc/terms/sampleSizeUnit,recommended
survey,samplingPerformedBy,,,,,Sampling Performed By,"A person, group, or organization responsible for recording an eco:Survey.","An eco:Survey could be at any level of hierarchy. In the case of a higher level (parent) eco:Survey, include all the organizations or people involved in the child eco:Surveys that contributed to the parent eco:Survey. Recommended best practice is to separate multiple values in a list with space vertical bar space ( | ). This term has an equivalent in the ecoiri: namespace that allows only an IRI as a value, whereas this term allows for any string literal value.",`North American Butterfly Association`; `KK Wall`; `JJ Green`; `LL Pink and FF Grey | Aspen Center for Environmental Studies`,string,default,,,,,eco,http://rs.tdwg.org/eco/terms/samplingPerformedBy,recommended
survey,samplingPerformedBy_fk,fk,sampling performed by,agent,agent_pk,Sampling Performed By (Foreign Key),An identifier for a dcterms:Agent responsible for sampling.,The value in this field MAY be changed in aggregation to preserve the relationship to the related primary key.,,string,default,FALSE,FALSE,,,dwc,http://rs.tdwg.org/dwc/terms/agentID,recommended
survey,samplingPerformedByID,wfk,sampling performed by,agent,agentID,Sampling Performed By ID,An identifier for a dcterms:Agent responsible for sampling.,"Recommended best practice is to provide a single identifier that disambiguates the details of the sampling dcterms:Agent. If a list is used, the order of the identifiers on the list should not be assumed to convey any semantics. Recommended best practice is to separate the values in a list with space vertical bar space (` | `). The value in this field MAY refer to a dcterms:Agent within or external to the dataset in which this record originated.",`https://orcid.org/0000-0002-1825-0097`,string,default,FALSE,FALSE,,,dwc,http://rs.tdwg.org/dwc/terms/agentID,recommended
survey,isSamplingEffortReported,,,,,Is Sampling Effort Reported,The sampling effort associated with an eco:Survey was reported.,Typically values of effort would be captured under the terms eco:samplingEffortValue and eco:samplingEffortUnit. Recommended best practice is to follow the TDWG Boolean Controlled Vocabulary http://rs.tdwg.org/tag/doc/boolean/.,`true`; `false`,boolean,default,,,,,eco,http://rs.tdwg.org/eco/terms/isSamplingEffortReported,recommended
survey,samplingEffortProtocol,,,,,Sampling Effort Protocol,A description of or reference to a Protocol used to determine a eco:samplingEffortValue.,"This description should be associated with the values reported in eco:samplingEffortValue and eco:samplingEffortUnit. This is a specialization of eco:protocolDescriptions focused on effort, distinct from the survey method. The effort relates to the intensity of sampling and therefore can assist in interpreting estimates of completeness. This term has an equivalent in the dwciri: namespace that allows only an IRI as a value, whereas this term allows for any string literal value.","`40 box traps deployed at even spacings along 4 parallel 100m transects placed 50m apart and visited at 6 hourly intervals over a 48 hour period`; `2 people occupying a bird hide for a period of 8 hours and undertaking a 30 minute count of species within the 150 degree field of view every 2 hours`; `A single baited camera trap station with motion sensor trigger, deployed for a period of 10 days and configured for detecting large fauna moving through a known traffic way`",string,default,,,,,eco,http://rs.tdwg.org/eco/terms/samplingEffortProtocol,recommended
survey,samplingEffortProtocol_fk,fk,followed,protocol,protocol_pk,Sampling Effort Protocol (Foreign Key),An identifier for a dwc:Protocol used to determine an eco:samplingEffortValue.,The value in this field MAY be changed in aggregation to preserve the relationship to the related primary key.,,string,default,FALSE,FALSE,,,dwc,http://rs.tdwg.org/dwc/terms/protocolID,recommended
survey,samplingEffortValue,,,,,Sampling Effort Value,The numeric value for the sampling effort expended during an eco:Survey.,This term is meant to capture the total sampling effort value. To express details of how the effort was determined use eco:samplingEffortProtocol. For compilations it is recommend not to infer effort. An eco:samplingEffortValue must have a corresponding eco:samplingEffortUnit.,`1900`; `40`; `5.5`,number,default,,,0,,eco,http://rs.tdwg.org/eco/terms/samplingEffortValue,recommended
survey,samplingEffortUnit,,,,,Sampling Effort Unit,The units associated with an eco:samplingEffortValue.,"Recommended best practice is to use a controlled vocabulary. This term has an equivalent in the dwciri: namespace that allows only an IRI as a value, whereas this term allows for any string literal value.",`trapHours`; `personHours`; `trapDays`,string,default,,,,,eco,http://rs.tdwg.org/eco/terms/samplingEffortUnit,recommended
survey,informationWithheld,,,,,Information Withheld,"Additional information that exists about a resource, but that is not shared publicly. Suggests that alternative data of higher quality may be available on request.",,`location information not given for endangered species`; `collector identities withheld | ask about tissue samples`,string,default,,,,,dwc,http://rs.tdwg.org/dwc/terms/informationWithheld,recommended
survey,dataGeneralizations,,,,,Data Generalizations,Actions taken to make the shared data less specific or complete than in its original form. Suggests that alternative data of higher quality may be available on request.,,`Coordinates generalized from original GPS coordinates to the nearest half degree grid cell.`,string,default,,,,,dwc,http://rs.tdwg.org/dwc/terms/dataGeneralizations,recommended
survey,feedbackURL,,,,,Feedback URL,A uniform resource locator (URL) that points to a webpage on which a form may be submitted to gather feedback about the record.,Recommended best practice is to optionally include query strings that act to pre-populate web page form elements and communicate the context.,`https://example.com/new?title=New+issue&body=This+comment+is+about+CAN12345`,string,default,,,,,dwc,http://rs.tdwg.org/dwc/terms/feedbackURL,recommended
survey-agent-role,survey_fk,fk,role for,survey,survey_pk,Survey (Foreign Key),An identifier for an eco:Survey.,The value in this field MAY be changed in aggregation to preserve the relationship to the related primary key.,,string,default,FALSE,TRUE,,,eco,http://rs.tdwg.org/eco/terms/surveyID,recommended
survey-agent-role,agent_fk,fk,role holder,agent,agent_pk,Agent (Foreign Key),An identifier for a dcterms:Agent.,The value in this field MAY be changed in aggregation to preserve the relationship to the related primary key.,,string,default,FALSE,TRUE,,,dwc,http://rs.tdwg.org/dwc/terms/agentID,recommended
survey-agent-role,agentRole,,,,,Agent Role,A category that best matches the nature of a role of a dcterms:Agent.,Recommended best practice is to use a controlled vocabulary for the roles appropriate to the class of resource a dcterms:AgentRole is related to.,,string,default,,,,,dwc,http://rs.tdwg.org/dwc/terms/relationshipOfResource,recommended
survey-agent-role,agentRoleIRI,,,,,Agent Role IRI,An IRI of the controlled vocabulary value for a role of a dcterms:Agent.,Recommended best practice is to use an IRI for a term in a controlled vocabulary.,,string,default,,,,,dwciri,http://rs.tdwg.org/dwc/terms/relationshipOfResourceID,recommended
survey-agent-role,agentRoleSource,,,,,Agent Role Source,A reference to a controlled vocabulary in which the definition of a value in dwc:agentRole is given.,,,string,default,,,,,dc,http://purl.org/dc/elements/1.1/source,recommended
survey-agent-role,agentRoleOrder,,,,,Agent Role Order,"A numerical position of an AgentRole in a set of AgentRoles that have the same combination of agentRole, agentRoleIRI, agentRoleSource and related target identifier.","One could use dwc:agentRoleOrder to create an ordered list of collectors (dwc:agentRole = 'collector') for a dwc:MaterialEntity, for example. The first would have dwc:agentRoleOrder=1, the second would have dwc:agentRoleOrder=2.",,integer,default,,TRUE,1,,dwc,http://rs.tdwg.org/dwc/terms/agentRoleOrder,recommended
survey-agent-role,agentRoleDate,,,,,Agent Role Date,An interval during which a dcterms:AgentRole was in effect.,Recommended best practice is to use a date that conforms to ISO 8601-1:2019.,`1963-03-08T14:07-06:00` (8 Mar 1963 at or after 2:07pm and before 2:08pm in the time zone six hours earlier than UTC); `2009-02-20T08:40Z` (20 February 2009 at or after 8:40am and before 8:41 UTC); `2018-08-29T15:19` (29 August 2018 at or after 3:19pm and before 3:20pm local time); `1809-02-12` (within the day 12 February 1809); `1906-06` (in the month of June 1906); `1971` (in the year 1971); `2007-03-01T13:00:00Z/2008-05-11T15:30:00Z` (some time within the interval beginning 1 March 2007 at 1pm UTC and before 11 May 2008 at 3:30pm UTC); `1900/1909` (some time within the interval between the beginning of the year 1900 and before the year 1909); `2007-11-13/15` (some time in the interval between the beginning of 13 November 2007 and before 15 November 2007),string,default,,,,,dwc,http://rs.tdwg.org/dwc/terms/assertionEffectiveDate,recommended
survey-assertion,assertionID,wpk,,,,Assertion ID,An identifier for a dwc:Assertion.,Recommended best practice is to use a globally unique identifier.,,string,default,TRUE,FALSE,,,dwc,http://rs.tdwg.org/dwc/terms/assertionID,recommended
survey-assertion,survey_fk,fk,about,survey,survey_pk,Survey (Foreign Key),An identifier for an eco:Survey.,The value in this field MAY be changed in aggregation to preserve the relationship to the related primary key.,,string,default,FALSE,TRUE,,,eco,http://rs.tdwg.org/eco/terms/surveyID,recommended
survey-assertion,verbatimAssertionType,,,,,Verbatim Assertion Type,A string representing the type of dwc:Assertion as it appeared in the original record.,"This term is meant to allow the capture of an unaltered original name for a dwc:assertionType. This term is meant to be used in addition to dwc:assertionType, not instead of it.",`water_temp`; `Fish biomass`; `sampling net mesh size`,string,default,,,,,dwc,http://rs.tdwg.org/dwc/terms/verbatimAssertionType,recommended
survey-assertion,assertionType,,,,,Assertion Type,A category that best matches the nature of a dwc:Assertion.,"Recommended best practice is to use a controlled vocabulary. This term has an equivalent in the dwciri: namespace that allows only an IRI as a value, whereas this term allows for any string literal value.",`tail length`; `temperature`; `trap line length`; `survey area`; `trap type`,string,default,,,,,dwc,http://rs.tdwg.org/dwc/terms/assertionType,recommended
survey-assertion,assertionTypeIRI,,,,,Assertion Type IRI,An IRI of a controlled vocabulary value for a type of dwc:Assertion.,Recommended best practice is to use an IRI for a term in a controlled vocabulary.,,string,default,,,,,dwciri,http://rs.tdwg.org/dwc/iri/measurementType,recommended
survey-assertion,assertionTypeSource,,,,,Assertion Type Source,A reference to the controlled vocabulary in which the definition of a value in dwc:assertionType is given.,,,string,default,,,,,dc,http://purl.org/dc/elements/1.1/source,recommended
survey-assertion,assertionMadeDate,,,,,Assertion Made Date,A date on which a dwc:Assertion was created.,Recommended best practice is to use a date that conforms to ISO 8601-1:2019.,`1963-03-08T14:07-06:00` (8 Mar 1963 at or after 2:07pm and before 2:08pm in the time zone six hours earlier than UTC); `2009-02-20T08:40Z` (20 February 2009 at or after 8:40am and before 8:41 UTC); `2018-08-29T15:19` (29 August 2018 at or after 3:19pm and before 3:20pm local time); `1809-02-12` (within the day 12 February 1809); `1906-06` (in the month of June 1906); `1971` (in the year 1971); `2007-03-01T13:00:00Z/2008-05-11T15:30:00Z` (some time within the interval beginning 1 March 2007 at 1pm UTC and before 11 May 2008 at 3:30pm UTC); `1900/1909` (some time within the interval between the beginning of the year 1900 and before the year 1909); `2007-11-13/15` (some time in the interval between the beginning of 13 November 2007 and before 15 November 2007),string,default,,,,,dwc,http://rs.tdwg.org/dwc/terms/assertionMadeDate,recommended
survey-assertion,assertionEffectiveDate,,,,,Assertion Effective Date,A date-time or time interval during which an asserted state or measurement was deemed to be in effect.,Recommended best practice is to use a date that conforms to ISO 8601-1:2019.,`1963-03-08T14:07-06:00` (8 Mar 1963 at or after 2:07pm and before 2:08pm in the time zone six hours earlier than UTC); `2009-02-20T08:40Z` (20 February 2009 at or after 8:40am and before 8:41 UTC); `2018-08-29T15:19` (29 August 2018 at or after 3:19pm and before 3:20pm local time); `1809-02-12` (within the day 12 February 1809); `1906-06` (in the month of June 1906); `1971` (in the year 1971); `2007-03-01T13:00:00Z/2008-05-11T15:30:00Z` (some time within the interval beginning 1 March 2007 at 1pm UTC and before 11 May 2008 at 3:30pm UTC); `1900/1909` (some time within the interval between the beginning of the year 1900 and before the year 1909); `2007-11-13/15` (some time in the interval between the beginning of 13 November 2007 and before 15 November 2007),string,default,,,,,dwc,http://rs.tdwg.org/dwc/terms/assertionEffectiveDate,recommended
survey-assertion,assertionValue,,,,,Assertion Value,An asserted value.,,,string,default,,,,,dwc,http://rs.tdwg.org/dwc/terms/assertionValue,recommended
survey-assertion,assertionValueIRI,,,,,Assertion Value IRI,An IRI of the controlled vocabulary value for a value of a dwc:Assertion.,Recommended best practice is to use an IRI for a term in a controlled vocabulary.,,string,default,,,,,dwciri,http://rs.tdwg.org/dwc/iri/measurementValue,recommended
survey-assertion,assertionValueSource,,,,,Assertion Value Source,A reference to a controlled vocabulary in which the definition of a value in dwc:assertionValue is given.,,,string,default,,,,,dc,http://purl.org/dc/elements/1.1/source,recommended
survey-assertion,assertionUnit,,,,,Assertion Unit,Unit associated with the value in dwc:assertionValue.,"Recommended best practice is to use a controlled vocabulary such as the Ontology of Units of Measure http://www.wurvoc.org/vocabularies/om-1.8/ of SI units, derived units, or other non-SI units accepted for use within the SI. For units that are composed of multiple parts, use the patterns as given in ""A Primer for Communicating Mathematics via Plain Text"" (https://cse.sc.edu/~fenner/latex-ASCII.pdf) by Stephen Fenner (e.g., `g/cm^3` for grams per cubic centimeter). For other units, provide the value as a recognizable standard (e.g., '%') or written out in full and in the plural (e.g., `individuals`). It is fine to provide non-SI units in the original language of the dataset.",`m`; `s`; `g`; `ml`,string,default,,,,,dwc,http://rs.tdwg.org/dwc/terms/assertionUnit,recommended
survey-assertion,assertionUnitIRI,,,,,Assertion Unit IRI,An IRI of a controlled vocabulary value for the unit of a dwc:assertionValue.,Recommended best practice is to use an IRI for a term in a controlled vocabulary.,,string,default,,,,,dwciri,http://rs.tdwg.org/dwc/iri/assertionUnit,recommended
survey-assertion,assertionUnitSource,,,,,Assertion Unit Source,A reference to a controlled vocabulary in which the definition of the value in dwc:assertionUnit is given.,,,string,default,,,,,dc,http://purl.org/dc/elements/1.1/source,recommended
survey-assertion,assertionError,,,,,Assertion Error,A description of the potential error associated with a dwc:assertionValue.,,`0.01`; `normal distribution with variation of 2 m`,string,default,,,,,dwc,http://rs.tdwg.org/dwc/terms/assertionError,recommended
survey-assertion,assertionBy,,,,,Assertion By,A list (concatenated and separated) of names of dcterms:Agents responsible for making a dwc:Assertion.,Recommended best practice is to separate the values in a list with space vertical bar space (` | `).,,string,default,,,,,dwc,http://rs.tdwg.org/dwc/terms/assertionBy,recommended
survey-assertion,assertionBy_fk,fk,asserted by,agent,agent_pk,Assertion By (Foreign Key),An identifier for a dcterms:Agent responsible for making a dwc:Assertion.,The value in this field MAY be changed in aggregation to preserve the relationship to the related primary key.,,string,default,FALSE,FALSE,,,dwc,http://rs.tdwg.org/dwc/terms/agentID,recommended
survey-assertion,assertionByID,wfk,asserted by,agent,agentID,Assertion By ID,An identifier for a dcterms:Agent responsible for making a dwc:Assertion.,The value in this field MAY refer to a dcterms:Agent within or external to the dataset in which this record originated.,`https://orcid.org/0000-0002-1825-0097`,string,default,FALSE,FALSE,,,dwc,http://rs.tdwg.org/dwc/terms/agentID,recommended
survey-assertion,assertionProtocols,,,,,Assertion Protocols,"Names of, references to, or descriptions of dwc:Protocols used in making a dwc:Assertion.",,,string,default,,,,,dwc,http://rs.tdwg.org/dwc/terms/assertionProtocols,recommended
survey-assertion,assertionProtocol_fk,fk,followed,protocol,protocol_pk,Assertion Protocol (Foreign Key),An identifier for a dwc:Protocol used to make a dwc:Assertion.,The value in this field MAY be changed in aggregation to preserve the relationship to the related primary key.,,string,default,FALSE,FALSE,,,dwc,http://rs.tdwg.org/dwc/terms/protocolID,recommended
survey-assertion,assertionReferences,,,,,Assertion References,A list (concatenated and separated) of dcterms:BibliographicResources associated with a dwc:Assertion.,Recommended best practice is to separate the values in a list with space vertical bar space (` | `).,,string,default,,,,,dwc,http://rs.tdwg.org/dwc/terms/assertionReferences,recommended
survey-assertion,assertionRemarks,,,,,Assertion Remarks,Comments or notes about a dwc:Assertion.,,,string,default,,,,,dwc,http://rs.tdwg.org/dwc/terms/assertionRemarks,recommended
survey-identifier,survey_fk,fk,for,survey,survey_pk,Survey (Foreign Key),An identifier for an eco:Survey.,The value in this field MAY be changed in aggregation to preserve the relationship to the related primary key.,,string,default,FALSE,TRUE,,,eco,http://rs.tdwg.org/eco/terms/surveyID,recommended
survey-identifier,identifier,,,,,Identifier,An unambiguous reference to a resource within a given context.,Recommended best practice is to identify a resource by means of a string conforming to a formal identification system.,,string,default,FALSE,TRUE,,,skos,http://www.w3.org/2004/02/skos/core#notation,recommended
survey-identifier,identifierType,,,,,Identifier Type,A category or system that best matches the nature of an identifier (skos:notation).,Recommended best practice is to use a controlled vocabulary.,,string,default,,,,,dc,http://purl.org/dc/elements/1.1/type,recommended
survey-identifier,identifierTypeIRI,,,,,Identifier Type IRI,An IRI of a controlled vocabulary value for a type of identifier.,Recommended best practice is to use an IRI for a term in a controlled vocabulary.,,string,default,,,,,dcterms,http://purl.org/dc/terms/type,recommended
survey-identifier,identifierTypeSource,,,,,Identifier Type Source,A reference to a controlled vocabulary in which the definition of a value in dwc:identifierType is given.,,,string,default,,,,,dc,http://purl.org/dc/elements/1.1/source,recommended
survey-identifier,identifierLanguage,,,,,Identifier Language,A language in which an identifier is presented.,Recommended best practice is to use an ISO639-2 three-letter language code.,,string,default,,,,,dc,http://purl.org/dc/elements/1.1/language,recommended
survey-protocol,protocol_fk,fk,followed,protocol,protocol_pk,Protocol (Foreign Key),An identifier for a dwc:Protocol.,The value in this field MAY be changed in aggregation to preserve the relationship to the related primary key.,,string,default,FALSE,TRUE,,,dwc,http://rs.tdwg.org/dwc/terms/protocolID,recommended
survey-protocol,survey_fk,fk,used during,survey,survey_pk,Survey (Foreign Key),An identifier for an eco:Survey.,The value in this field MAY be changed in aggregation to preserve the relationship to the related primary key.,,string,default,FALSE,TRUE,,,eco,http://rs.tdwg.org/eco/terms/surveyID,recommended
survey-reference,reference_fk,fk,mentioned in,bibliographic-resource,reference_pk,Reference (Foreign Key),An identifier for a dcterms:BibliographicResource.,The value in this field MAY be changed in aggregation to preserve the relationship to the related primary key.,,string,default,FALSE,FALSE,,,dwc,http://rs.tdwg.org/dwc/terms/referenceID,recommended
survey-reference,survey_fk,fk,mentioned,survey,survey_pk,Survey (Foreign Key),An identifier for an eco:Survey.,The value in this field MAY be changed in aggregation to preserve the relationship to the related primary key.,,string,default,FALSE,TRUE,,,eco,http://rs.tdwg.org/eco/terms/surveyID,recommended
survey-reference,relationshipType,,,,,Relationship Type,A relationship of a subject resource to a dcterms:BibliographicResource.,Recommended best practice is to use a controlled vocabulary.,`cited in`; `referenced`,string,default,,,,,dwc,http://rs.tdwg.org/dwc/terms/relationshipOfResource,recommended
survey-survey-target,survey_fk,fk,target for,survey,survey_pk,Survey (Foreign Key),An identifier for an eco:Survey.,The value in this field MAY be changed in aggregation to preserve the relationship to the related primary key.,,string,default,FALSE,TRUE,,,eco,http://rs.tdwg.org/eco/terms/surveyID,recommended
survey-survey-target,surveyTarget_fk,fk,has target,survey-target,surveyTarget_pk,Survey Target (Foreign Key),An identifier for an eco:SurveyTarget.,The value in this field MAY be changed in aggregation to preserve the relationship to the related primary key.,,string,default,FALSE,TRUE,,,eco,http://rs.tdwg.org/eco/terms/surveyTargetID,recommended
survey-target,surveyTarget_pk,pk,,,,Survey Target (Primary Key),A unique identifier for an eco:SurveyTarget.,The value in this field MAY be changed in aggregation to guarantee uniqueness.,,string,default,TRUE,TRUE,,,eco,http://rs.tdwg.org/eco/terms/surveyTargetID,recommended
survey-target,surveyTargetID,wpk,,,,Survey Target ID,An identifier for an eco:SurveyTarget.,The value in this field MUST be preserved in aggregation. Recommended best practice is to use a globally unique identifier.,,string,default,,,,,eco,http://rs.tdwg.org/eco/terms/surveyTargetID,recommended
survey-target,surveyTargetDescription,,,,,Survey Target Description,A verbatim description of an eco:SurveyTarget.,,`all passerine birds`; `all flowering Rosaceae`,string,default,,,,,eco,http://rs.tdwg.org/eco/terms/surveyTargetDescription,recommended
survey-target,isSurveyTargetFullyReported,,,,,Is Survey Target Fully Reported,Whether an eco:SurveyTarget can be used to infer absence of detection because all counts of detected dwc:Occurrences matching an eco:SurveyTarget were fully reported.,"Recommended best practice is to follow the TDWG Boolean Controlled Vocabulary http://rs.tdwg.org/tag/doc/boolean/. If true (the survey target is fully reported - nothing was left unreported), then this enables inference of absence of detection for everything in that eco:SurveyTarget that is included but that does not appear in the counts (absent counts signify absence of detection).",`true`; `false`,boolean,default,FALSE,TRUE,,,eco,http://rs.tdwg.org/eco/terms/isSurveyTargetFullyReported,recommended
survey-target,abundanceCap,,,,,Abundance Cap,The reported maximum number of dwc:Occurrences matching an eco:SurveyTarget.,,`300`; `700`,integer,default,,,0,,eco,http://rs.tdwg.org/eco/terms/abundanceCap,recommended
survey-target,surveyTargetRemarks,,,,,Survey Target Remarks,Comments or notes about an eco:SurveyTarget.,,"`Survey target scopes reflect post-facto filtering, not original survey design.`",string,default,,,,,eco,http://rs.tdwg.org/eco/terms/surveyTargetRemarks,recommended
survey-target-descriptor,surveyTarget_fk,fk,for target,survey-target,surveyTarget_pk,Survey Target (Foreign Key),An identifier for an eco:SurveyTarget.,The value in this field MAY be changed in aggregation to preserve the relationship to the related primary key.,,string,default,FALSE,TRUE,,,eco,http://rs.tdwg.org/eco/terms/surveyTargetID,recommended
survey-target-descriptor,surveyTargetType,,,,,Survey Target Type,A category that best matches the nature of a scope in an eco:SurveyTarget.,Recommended best practice is to use a controlled vocabulary.,`taxon`; `habitat`; `establishmentMeans`; `growthForm`; `sex`; `lifeStage`; `minimum length`,string,default,,,,,eco,http://rs.tdwg.org/eco/terms/surveyTargetType,recommended
survey-target-descriptor,surveyTargetTypeIRI,,,,,Survey Target Type IRI,An IRI of a controlled vocabulary value for a type of target.,Recommended best practice is to use an IRI for a term in a controlled vocabulary.,,string,default,,,,,dcterms,http://purl.org/dc/terms/type,recommended
survey-target-descriptor,surveyTargetTypeSource,,,,,Survey Target Type Source,A reference to a controlled vocabulary in which the definition of a value in eco:SurveyTargetType is given.,,,string,default,,,,,dc,http://purl.org/dc/elements/1.1/source,recommended
survey-target-descriptor,surveyTargetValue,,,,,Survey Target Value,A value to include or exclude in a scope categorized by eco:surveyTargetType.,Recommended best practice is to use a controlled vocabulary.,`Aves`; `oak savannah`; `native`; `tree`; `female`; `adult`; `height`; `weight`,string,default,,,,,eco,http://rs.tdwg.org/eco/terms/surveyTargetValue,recommended
survey-target-descriptor,surveyTargetValueIRI,,,,,Survey Target Value IRI,A value to include or exclude in a scope categorized by eco:surveyTargetType.,Recommended best practice is to use an IRI for a term in a controlled vocabulary.,,string,default,,,,,ecoiri,http://rs.tdwg.org/eco/iri/surveyTargetValue,recommended
survey-target-descriptor,surveyTargetValueSource,,,,,Survey Target Value Source,A reference to a controlled vocabulary in which the definition of a value in eco:SurveyTargetValue is given.,,,string,default,,,,,dc,http://purl.org/dc/elements/1.1/source,recommended
survey-target-descriptor,surveyTargetUnit,,,,,Survey Target Unit,Unit associated with a value in eco:surveyTargetValue.,Recommended best practice is to use a controlled vocabulary.,`m`; `g`; `years`,string,default,,,,,eco,http://rs.tdwg.org/eco/terms/surveyTargetUnit,recommended
survey-target-descriptor,surveyTargetUnitIRI,,,,,Survey Target Unit IRI,Unit associated with a value in eco:surveyTargetValue.,Recommended best practice is to use an IRI for a term in a controlled vocabulary.,,string,default,,,,,ecoiri,http://rs.tdwg.org/eco/iri/surveyTargetUnit,recommended
survey-target-descriptor,surveyTargetUnitSource,,,,,Survey Target Unit Source,A reference to a controlled vocabulary in which the definition of a value in eco:SurveyTargetUnit is given.,,,string,default,,,,,dc,http://purl.org/dc/elements/1.1/source,recommended
survey-target-descriptor,includeOrExclude,,,,,Include Or Exclude,Whether to include or exclude eco:surveyTargetValue in a scope categorized by eco:surveyTargetType.,Combinations of eco:SurveyTarget records of inclusions and exclusions can define complex scopes such as all flying adult Aves except Passeriformes. Recommended best practice is to use a controlled vocabulary consisting of 'include' and 'exclude' only.,`include`; `exclude`,string,default,FALSE,TRUE,,,eco,http://rs.tdwg.org/eco/terms/includeOrExclude,recommended
usage-policy,usagePolicy_pk,pk,,,,Usage Policy (Primary Key),A unique identifier for a dwc:UsagePolicy.,The value in this field MAY be changed in aggregation to guarantee uniqueness.,,string,default,TRUE,TRUE,,,dcterms,http://purl.org/dc/terms/identifier,recommended
usage-policy,usagePolicyID,wpk,,,,Usage Policy ID,An identifier for a dwc:UsagePolicy.,The value in this field MUST be preserved in aggregation. Recommended best practice is to use a globally unique identifier.,,string,default,,,,,dcterms,http://rs.tdwg.org/dwc/terms/usagePolicyID,recommended
usage-policy,rights,,,,,Rights,"Information about rights held in and over the resource. A full-text, readable copyright statement, as required by the national legislation of the copyright holder. On collections, this applies to all contained objects, unless the object itself has a different statement. Examples: “Copyright XY 2008, all rights reserved”, “© 2008 XY Museum” , `Public Domain.`; `Copyright unknown.` Do not place just the name of the copyright holder(s) here! That belongs in a list in the xmpRights:Owner field, which should be supplied if dc:rights is not 'Public Domain', which is appropriate only if the resource is known to be not under copyright. See also the entry for dcterms:rights in this document and see the DCMI FAQ on DC and DCTERMS Namespaces for discussion of the rationale for terms in two namespaces. Normal practice is to use the same Label if both are provided. Labels have no effect on information discovery and are only suggestions.",,`Copyright 2014 Ron Thomas` or a URI like `http://creativecommons.org/licenses/by/3.0/legalcode`,string,default,,,,,dc,http://purl.org/dc/elements/1.1/rights,recommended
usage-policy,rightsIRI,,,,,Rights IRI,"A URI pointing to structured information about rights held in and over the resource. Examples include http://creativecommons.org/licenses/by/3.0/legalcode and http://creativecommons.org/publicdomain/zero/1.0/. At least one of dcterms:rights and dc:rights must be supplied but, when feasible, supplying both may make the metadata more widely useful. They must specify the same rights. In case of ambiguity, dcterms:rights prevails.",,,string,default,,,,,dcterms,http://purl.org/dc/terms/rights,recommended
usage-policy,rightsHolder,,,,,Rights Holder,A name of a dcterms:Agent that owns or manages rights over a resource.,,,string,default,,,,,dcterms,http://purl.org/dc/terms/rightsHolder,recommended
usage-policy,rightsHolder_fk,fk,rights held by,agent,agent_pk,Rights Holder (Foreign Key),An identifier for a dcterms:Agent that owns or manages rights over a resource.,The value in this field MAY be changed in aggregation to preserve the relationship to the related primary key.,,string,default,FALSE,FALSE,,,dwc,http://rs.tdwg.org/dwc/terms/agentID,recommended
usage-policy,rightsHolderID,wfk,rights held by,agent,agentID,Rights Holder ID,An identifier for a dcterms:Agent that owns or manages rights over a resource.,The value in this field MAY refer to a dcterms:Agent within or external to the dataset in which this record originated.,`https://orcid.org/0000-0002-1825-0097`,string,default,FALSE,FALSE,,,dwc,http://rs.tdwg.org/dwc/terms/agentID,recommended
usage-policy,owner,,,,,Owner,A list of legal owners of the resource.,`unknown`,"`The names of the owners `Ron Thomas, Roz Thomas` or a URI that identifies the owner`",string,default,,,,,xmprights,http://ns.adobe.com/xap/1.0/rights/Owner,recommended
usage-policy,owner_fk,fk,owned by,agent,agent_pk,Owner (Foreign Key),An identifier for a dcterms:Agent that is the owner of the resource.,The value in this field MAY be changed in aggregation to preserve the relationship to the related primary key.,,string,default,FALSE,FALSE,,,dwc,http://rs.tdwg.org/dwc/terms/agentID,recommended
usage-policy,ownerID,wfk,owned by,agent,agentID,Owner ID,An identifier for a dcterms:Agent that owns the copyright for a resource.,The value in this field MAY refer to a dcterms:Agent within or external to the dataset in which this record originated.,`https://orcid.org/0000-0002-1825-0097`,string,default,FALSE,FALSE,,,dwc,http://rs.tdwg.org/dwc/terms/agentID,recommended
usage-policy,usageTerms,,,,,Usage Terms,"A collection of text instructions on how a resource can be legally used, given in a variety of languages.",,,string,default,,,,,xmprights,http://ns.adobe.com/xap/1.0/rights/UsageTerms,recommended
usage-policy,webStatement,,,,,Web Statement,"A URL defining or further elaborating on a license statement (e.g., a web page explaining the precise terms of use).",,`http://creativecommons.org/licenses/by-nc-sa/3.0/us/`,string,default,,,,,xmprights,http://ns.adobe.com/xap/1.0/rights/WebStatement,recommended
usage-policy,accessRights,,,,,Access Rights,Information about who can access the resource or an indication of its security status.,"Access Rights may include information regarding access or restrictions based on privacy, security, or other policies.",,string,default,,,,,dcterms,http://purl.org/dc/terms/accessRights,recommended
usage-policy,license,,,,,License,A legal document giving official permission to do something with the resource.,"Recommended practice is to identify the license document with a URI. If this is not possible or feasible, a literal value that identifies the license may be provided.",,string,default,,,,,dcterms,http://purl.org/dc/terms/license,recommended
usage-policy,licenseLogoURL,,,,,License Logo URL,A URL providing access to a logo that symbolizes a dcterms:license.,"The originating metadata provider is strongly urged to choose a suitable logo as a graphical representation of the license. Failure to do so may leave downstream aggregators in a difficult position to supply a logo that adequately represents the professional, legal, or social aims of the licensors (license givers). Example: http://i.creativecommons.org/l/by-nc-sa/3.0/us/88x31.png provides access to a logo image.",`http://i.creativecommons.org/l/by-nc-sa/3.0/us/88x31.png`,string,default,,,,,ac,http://rs.tdwg.org/ac/terms/licenseLogoURL,recommended
usage-policy,licensingException,,,,,Licensing Exception,The licensing statement for this variant of the ac:Media resource if different from that given in the dcterms:license property of the resource.,"Required only if this version has different licensing than that of a corresponding ac:Media resource. For example, the highest resolution version may be more restricted than lower resolution versions.",,string,default,,,,,ac,http://rs.tdwg.org/ac/terms/licensingException,recommended
usage-policy,credit,,,,,Credit,The credit to person(s) and/or organisation(s) required by the supplier of the item to be used when published. This is a free-text field.,"For example, `Please cite this as…`.",,string,default,,,,,photoshop,http://ns.adobe.com/photoshop/1.0/Credit,recommended
usage-policy,attributionLogoURL,,,,,Attribution Logo URL,The URL of the icon or logo image to appear in source attribution.,,`http://www.morphbank.net/images/userLogos/11a.jpg`,string,default,,,,,ac,http://rs.tdwg.org/ac/terms/attributionLogoURL,recommended
usage-policy,attributionLinkURL,,,,,Attribution Link URL,"The URL where information about ownership, attribution, etc. of the resource may be found.",,,string,default,,,,,ac,http://rs.tdwg.org/ac/terms/attributionLinkURL,recommended